--
-- PostgreSQL database dump
--

-- Dumped from database version 12.16
-- Dumped by pg_dump version 12.16

SET statement_timeout = 0;
SET lock_timeout = 0;
SET idle_in_transaction_session_timeout = 0;
SET client_encoding = 'UTF8';
SET standard_conforming_strings = on;
SELECT pg_catalog.set_config('search_path', '', false);
SET check_function_bodies = false;
SET xmloption = content;
SET client_min_messages = warning;
SET row_security = off;

--
-- Name: handle; Type: DATABASE; Schema: -; Owner: postgres
--

CREATE DATABASE handle WITH TEMPLATE = template0 ENCODING = 'UTF8' LC_COLLATE = 'en_US.utf8' LC_CTYPE = 'en_US.utf8';


ALTER DATABASE handle OWNER TO postgres;

\connect handle

SET statement_timeout = 0;
SET lock_timeout = 0;
SET idle_in_transaction_session_timeout = 0;
SET client_encoding = 'UTF8';
SET standard_conforming_strings = on;
SELECT pg_catalog.set_config('search_path', '', false);
SET check_function_bodies = false;
SET xmloption = content;
SET client_min_messages = warning;
SET row_security = off;

--
-- Name: address_type_enum; Type: TYPE; Schema: public; Owner: postgres
--

CREATE TYPE public.address_type_enum AS ENUM (
    '0',
    '1',
    '2',
    '3',
    '4',
    '5',
    '6',
    '7',
    '8',
    '14',
    '15'
);


ALTER TYPE public.address_type_enum OWNER TO postgres;

--
-- Name: nft_metadata_type_enum; Type: TYPE; Schema: public; Owner: postgres
--

CREATE TYPE public.nft_metadata_type_enum AS ENUM (
    'CIP-0025',
    'CIP-0068'
);


ALTER TYPE public.nft_metadata_type_enum OWNER TO postgres;

SET default_tablespace = '';

SET default_table_access_method = heap;

--
-- Name: address; Type: TABLE; Schema: public; Owner: postgres
--

CREATE TABLE public.address (
    address character varying NOT NULL,
    type public.address_type_enum NOT NULL,
    payment_credential_hash character(56),
    stake_credential_hash character(56),
    registration_id bigint
);


ALTER TABLE public.address OWNER TO postgres;

--
-- Name: asset; Type: TABLE; Schema: public; Owner: postgres
--

CREATE TABLE public.asset (
    id character varying NOT NULL,
    supply numeric NOT NULL,
    first_mint_block_slot integer NOT NULL,
    nft_metadata_id integer
);


ALTER TABLE public.asset OWNER TO postgres;

--
-- Name: block; Type: TABLE; Schema: public; Owner: postgres
--

CREATE TABLE public.block (
    height integer NOT NULL,
    hash character(64) NOT NULL,
    slot integer NOT NULL
);


ALTER TABLE public.block OWNER TO postgres;

--
-- Name: block_data; Type: TABLE; Schema: public; Owner: postgres
--

CREATE TABLE public.block_data (
    block_height integer NOT NULL,
    data bytea NOT NULL
);


ALTER TABLE public.block_data OWNER TO postgres;

--
-- Name: handle; Type: TABLE; Schema: public; Owner: postgres
--

CREATE TABLE public.handle (
    handle character varying NOT NULL,
    cardano_address character varying,
    policy_id character varying NOT NULL,
    has_datum boolean NOT NULL,
    default_for_stake_credential character varying,
    default_for_payment_credential character varying,
    asset_id character varying,
    parent_handle_handle character varying
);


ALTER TABLE public.handle OWNER TO postgres;

--
-- Name: handle_metadata; Type: TABLE; Schema: public; Owner: postgres
--

CREATE TABLE public.handle_metadata (
    id integer NOT NULL,
    handle character varying NOT NULL,
    og boolean,
    profile_pic_image character varying,
    background_image character varying,
    output_id integer,
    block_slot integer NOT NULL
);


ALTER TABLE public.handle_metadata OWNER TO postgres;

--
-- Name: handle_metadata_id_seq; Type: SEQUENCE; Schema: public; Owner: postgres
--

CREATE SEQUENCE public.handle_metadata_id_seq
    AS integer
    START WITH 1
    INCREMENT BY 1
    NO MINVALUE
    NO MAXVALUE
    CACHE 1;


ALTER TABLE public.handle_metadata_id_seq OWNER TO postgres;

--
-- Name: handle_metadata_id_seq; Type: SEQUENCE OWNED BY; Schema: public; Owner: postgres
--

ALTER SEQUENCE public.handle_metadata_id_seq OWNED BY public.handle_metadata.id;


--
-- Name: nft_metadata; Type: TABLE; Schema: public; Owner: postgres
--

CREATE TABLE public.nft_metadata (
    id integer NOT NULL,
    name character varying NOT NULL,
    description character varying,
    image character varying NOT NULL,
    media_type character varying,
    files jsonb,
    type public.nft_metadata_type_enum NOT NULL,
    other_properties jsonb,
    user_token_asset_id character varying,
    parent_asset_id character varying NOT NULL,
    created_at_slot integer NOT NULL
);


ALTER TABLE public.nft_metadata OWNER TO postgres;

--
-- Name: nft_metadata_id_seq; Type: SEQUENCE; Schema: public; Owner: postgres
--

CREATE SEQUENCE public.nft_metadata_id_seq
    AS integer
    START WITH 1
    INCREMENT BY 1
    NO MINVALUE
    NO MAXVALUE
    CACHE 1;


ALTER TABLE public.nft_metadata_id_seq OWNER TO postgres;

--
-- Name: nft_metadata_id_seq; Type: SEQUENCE OWNED BY; Schema: public; Owner: postgres
--

ALTER SEQUENCE public.nft_metadata_id_seq OWNED BY public.nft_metadata.id;


--
-- Name: output; Type: TABLE; Schema: public; Owner: postgres
--

CREATE TABLE public.output (
    id integer NOT NULL,
    address character varying NOT NULL,
    tx_id character varying NOT NULL,
    output_index smallint NOT NULL,
    coins bigint NOT NULL,
    consumed_at_slot integer,
    datum_hash character(64),
    datum character varying,
    script_reference jsonb,
    block_slot integer NOT NULL
);


ALTER TABLE public.output OWNER TO postgres;

--
-- Name: output_id_seq; Type: SEQUENCE; Schema: public; Owner: postgres
--

CREATE SEQUENCE public.output_id_seq
    AS integer
    START WITH 1
    INCREMENT BY 1
    NO MINVALUE
    NO MAXVALUE
    CACHE 1;


ALTER TABLE public.output_id_seq OWNER TO postgres;

--
-- Name: output_id_seq; Type: SEQUENCE OWNED BY; Schema: public; Owner: postgres
--

ALTER SEQUENCE public.output_id_seq OWNED BY public.output.id;


--
-- Name: stake_key_registration; Type: TABLE; Schema: public; Owner: postgres
--

CREATE TABLE public.stake_key_registration (
    id bigint NOT NULL,
    stake_key_hash character(56) NOT NULL,
    block_slot integer NOT NULL
);


ALTER TABLE public.stake_key_registration OWNER TO postgres;

--
-- Name: tokens; Type: TABLE; Schema: public; Owner: postgres
--

CREATE TABLE public.tokens (
    id integer NOT NULL,
    quantity numeric(20,0) NOT NULL,
    asset_id character varying NOT NULL,
    output_id integer NOT NULL
);


ALTER TABLE public.tokens OWNER TO postgres;

--
-- Name: tokens_id_seq; Type: SEQUENCE; Schema: public; Owner: postgres
--

CREATE SEQUENCE public.tokens_id_seq
    AS integer
    START WITH 1
    INCREMENT BY 1
    NO MINVALUE
    NO MAXVALUE
    CACHE 1;


ALTER TABLE public.tokens_id_seq OWNER TO postgres;

--
-- Name: tokens_id_seq; Type: SEQUENCE OWNED BY; Schema: public; Owner: postgres
--

ALTER SEQUENCE public.tokens_id_seq OWNED BY public.tokens.id;


--
-- Name: handle_metadata id; Type: DEFAULT; Schema: public; Owner: postgres
--

ALTER TABLE ONLY public.handle_metadata ALTER COLUMN id SET DEFAULT nextval('public.handle_metadata_id_seq'::regclass);


--
-- Name: nft_metadata id; Type: DEFAULT; Schema: public; Owner: postgres
--

ALTER TABLE ONLY public.nft_metadata ALTER COLUMN id SET DEFAULT nextval('public.nft_metadata_id_seq'::regclass);


--
-- Name: output id; Type: DEFAULT; Schema: public; Owner: postgres
--

ALTER TABLE ONLY public.output ALTER COLUMN id SET DEFAULT nextval('public.output_id_seq'::regclass);


--
-- Name: tokens id; Type: DEFAULT; Schema: public; Owner: postgres
--

ALTER TABLE ONLY public.tokens ALTER COLUMN id SET DEFAULT nextval('public.tokens_id_seq'::regclass);


--
-- Data for Name: address; Type: TABLE DATA; Schema: public; Owner: postgres
--

COPY public.address (address, type, payment_credential_hash, stake_credential_hash, registration_id) FROM stdin;
addr_test1qr0c3frkem9cqn5f73dnvqpena27k2fgqew6wct9eaka03agfwkvzr0zyq7nqvcj24zehrshx63zzdxv24x3a4tcnfeq9zwmn7	0	df88a476cecb804e89f45b3600399f55eb2928065da76165cf6dd7c7	a84bacc10de2203d30331255459b8e1736a22134cc554d1ed5789a72	\N
addr_test1qpw0djgj0x59ngrjvqthn7enhvruxnsavsw5th63la3mjel3tkc974sr23jmlzgq5zda4gtv8k9cy38756r9y3qgmkqqjz6aa7	0	5cf6c91279a859a072601779fb33bb07c34e1d641d45df51ff63b967	f15db05f56035465bf8900a09bdaa16c3d8b8244fea686524408dd80	\N
addr_test1qpw0djgj0x59ngrjvqthn7enhvruxnsavsw5th63la3mjelsp9jn24ncfsarahcrg4tknt9gup7uf7uak2u9yr2e24dqqzpqwd	0	5cf6c91279a859a072601779fb33bb07c34e1d641d45df51ff63b967	f009653556784c3a3edf03455769aca8e07dc4fb9db2b8520d59555a	\N
\.


--
-- Data for Name: asset; Type: TABLE DATA; Schema: public; Owner: postgres
--

COPY public.asset (id, supply, first_mint_block_slot, nft_metadata_id) FROM stdin;
62173b90b567ad4bcf254ad0f76eb374d749d0b25fd82786af6a839a7465737468616e646c65	1	1470	1
62173b90b567ad4bcf254ad0f76eb374d749d0b25fd82786af6a839a68656c6c6f68616e646c65	1	1470	2
62173b90b567ad4bcf254ad0f76eb374d749d0b25fd82786af6a839a646f75626c6568616e646c65	2	1470	3
62173b90b567ad4bcf254ad0f76eb374d749d0b25fd82786af6a839a283232322968616e646c653638	1	1482	\N
62173b90b567ad4bcf254ad0f76eb374d749d0b25fd82786af6a839a000643b068616e646c6532	1	13404	\N
62173b90b567ad4bcf254ad0f76eb374d749d0b25fd82786af6a839a000de14068616e646c6532	1	13404	4
62173b90b567ad4bcf254ad0f76eb374d749d0b25fd82786af6a839a68616e646c6531	1	13404	5
62173b90b567ad4bcf254ad0f76eb374d749d0b25fd82786af6a839a000de14068616e646c	1	13452	\N
62173b90b567ad4bcf254ad0f76eb374d749d0b25fd82786af6a839a000de1407375624068616e646c	1	13477	\N
62173b90b567ad4bcf254ad0f76eb374d749d0b25fd82786af6a839a000000007669727475616c4068616e646c	1	13534	\N
\.


--
-- Data for Name: block; Type: TABLE DATA; Schema: public; Owner: postgres
--

COPY public.block (height, hash, slot) FROM stdin;
0	1467c6b226f49dd918ce1a782609122f66e85610ea62b4ad41b42b7db9ae951a	6
1	22671a62ece06aaeed69c73bd590281b716323cc4d1040c1627d491d4d5e61f4	11
2	c03b367eeb1736dbffa9cb33e4ed0b3ac2bd08e863f7b824932e83bf302de923	15
3	bab8d6d365515ba4ffb40d162942a81ab7c74f65b7cbc3d52cc829aad6996fc9	20
4	7827723a5cada7492c67e8284f813ee51a03e3ebd8ee9284e2243f375955647e	37
5	301b713d254e7c40bb086a73b70a72f68f13f876fabfc57d0fea65c29efd677c	49
6	8e0a500dc0f16da36ef6931ca00ed23ec329603e554522d0a21758eb1a145d68	68
7	98e020ab20cfbc6acb624f54a9df0e8ad7a27e79ff40a106df1202108b72436f	74
8	c889cf25dd169219986d18a996f401846d88e38da940822fa550a73e44340492	75
9	a3929bb7e92b0e89932fe3d3ed06c0631981e0cfdb755087beb098d837697a00	79
10	f9172cc58520fa20a502dc8abd8ae571aa0aa8cd5bee5c87b83b35d678439252	82
11	0d98de121388394d7b7bb7290d9f21245a0c1a343f4fbeb9a15d14b947434624	87
12	d036913a1a7a74265731c880955a97ed3cfb20d50fe03e842f8c6a3fe761ce25	100
13	0898a618d1ccab57b666da8d73ade109d7cf716bb8127ff552305ada0576790d	105
14	298f262012ca9121db0e4d2fc0369088125e038ba9fab7c74f872d74a28bfc16	107
15	df6f7b7d0ba9608a72f16182b940fa069fb61a3fb751ea32091db5dc414c1881	114
16	135fbbf492f4b4d71a52cb0cc06974abe0caee965d21830e87ed2a0415ea4f7c	122
17	777654756e535554c15a64fd8e842621d84d6a164bc2e832a77dd1dda1e80522	126
18	b67bd4e5ca1a95656c14fee448e89892afe064c81fbb9991780bce6c14912dd5	130
19	0145b4ab066c666abbba970d0a38d08a47957e853188211d6532e3786f2c3d70	134
20	834a05ebd65acbce0f8e711fc40e66447b44a2d5029f9d0b14607da818ae323a	150
21	0874343f2b9e0f4d24f0acf1485370807c636eb59f49f91e699ce085756dff7c	152
22	a0b21c1bd88f05b74879d0d51596be1bb308b34b69f7001504fc64c1f8a48532	170
23	e3e6374473af63d1c473bb1f4764cec1a8384085df9287375db89ef0e96b4239	178
24	c7606d909fda246444647b70b700b08c5e12c6fcb934ac251233702a57e49937	179
25	ee06d41bfceffc975c7cb4bdb4d400b4b27644c42c306f1289f4d13adfdc16e4	193
26	a10c04090e225cb519e4c9fce53ea4e503df54b6e2d11eb8c765a35b65c3035b	195
27	361e46300de48fca0adfbd4915fd1cf2d934c12bce315725b4d599f74e405d98	201
28	cd1a979b45d50946e38968a36604abf6183e8c7dd18a2a90af903f89c11b784e	217
29	46af11505c33a9cb0e7eeda302b1e53383d8329cadbeaf604897b82ff3a89a0e	226
30	eec00651c5e72d0d805c10a15d97e161a6f04d49098e39e38856cb40d110c895	230
31	bdd6fa12a1ee3eb310cce02b8bdee06ec0771020eac187c09f48d05f7ee44a63	236
32	322c04aeabb5b165cbab143586b823f9d9a6e7ab068a61fdf41ab246e740122e	247
33	6ca8438247332215cc8d6c9993af7719c89a09d412cd8fe0e561a7013c0206d8	263
34	3e85a73e2f73d31ec5a32cd7e7d41760ce6ca8d00f1a77830f05ee128f77ca4e	285
35	c91b254ab447493f9b5f3175a4ddbcb71c9ea4b263c66ac4bb0dee5a16e8311e	291
36	e2380ab1761f2edb4f53a94cbb86f749b271acf204c2b48ddb3317b48e911b3d	295
37	577081d931889aaf1938b60e0e6f328a2905312dbac9dcae31305f5343c208c7	298
38	df7d3c5ab855809da3dde23fb7a8fe2d619b68079c3a31084433372075613490	301
39	edd3754c42e6ccd4bf65afd95911b392cf4b3b7f85758641ecac9d6aa62eaa37	311
40	d9556eee02666e25a28f7795a997377a88d6540b7fabc5fa22fef24c35991556	312
41	e3ee675fcf96544ddf9acc74eb8774bde9c66ccd02ab29ac027dc5e933917711	318
42	609007124fc7d32d3de5db81227857da4aa174a89e37764ecbe905ca7bbf4e06	320
43	659ac791dbc17702711348f19be88cc12d9586545e53bf389ac13c6022302a97	382
44	edd48087d81f792a19a7f90c6d85d1108a55a1da2d2ffcd8416c6c38795e837b	383
45	8ac8aceefb98003673aa49bb716b372b7c3866745e0c5d749e4e19866bfbc824	384
46	1cb1fa0c7a6fe3bd6e790ca59e1594eef174a390af10e17ae7b18d59ad9df267	389
47	ba6c531bcf6df9fbeaf26d92826d99e71a312ebfe76946f849e1011a3e7e8e93	392
48	cec6d0192671687724eb8152634495309f2939cee21e63f1e5de429963aa1157	403
49	dfd91b2256b0ca7dd539875c6ad84712dd29c8f57b2fbb26e3ee4e454f4570a3	404
50	01226f92286ad6b3df9e7181db86e6e8f6ac4d1538f72dc70da087ef1367eb67	405
51	201e737a14031e02ec2429b2288bf455fa2188d5a0ec2a05e70eb69eeeedb1b2	409
52	95fc797dd34da7cec07cbdc80e33863f6edcb8f9f21eca3541ec7583cdb3220d	411
53	5643196af738a78d702bb5414df4c2bd0a58baf24717011b4ec204d756a47045	415
54	1159aeecd33fac680e2dc38effc3f01f8873dd4d5d347a8cd8ef4583da7ddf69	417
55	de891a7a6adef2383a0710ea275fe0e886c3036660b013f7d6aadcc523cf675a	427
56	b4219833b5195650e6153187cf88cd6f124a46cc16e7b6ffc4ad4a94d5920c3d	430
57	8c63cdee7ea0bac359dc8de3fb3f224e1b81fbc8c486315538d6d5e800669c79	431
58	3632c725ec38828a327199fe63804d8a2e2b17a8d41582140335fd8de55332d1	441
59	a7733f5cf165329b1da42ca749d0d3dce3278fa23a047ce02b18ee5f00cf3d30	444
60	a2e5e8efed7bf6d185b88f92f85e988224dbf1b4aca54f72baa98ab1b1045795	447
61	e575bc80a737c42c61d8de1d0ca16028143219bd1bea6f4d6718ea939e1a1f65	449
62	3015b45e881a37bc712c20187173a895a103569e779dba836f2c728057f7bb05	452
63	720cdbf2cd65dfa7e00fb4efb3dd972603d06bf9dd1c52eb9ab8f725467f41ec	454
64	da11dfd6eb12bba2be165e1fd5e22b5e6b1169e2339a6b1a6216e31a735274ea	480
65	6c59e25ae5bd2a339b4e46099f4c7a507352c34c025faa2d5af2704708f7445c	489
66	8a935d9db493003f9102cdea40f1321ea85ad0b32bef54dce52b342405ec8d43	503
67	dad1260b887cd400b089eb2c303844a15d9cff5148135b13f6cfa9dd0da18048	506
68	6a06dd3912a0f849bb61af77813ae5c904ff4b0885e6628e6fc13098d14b1afe	508
69	c47228c2615d961e9d537a666d93c3b05eab77ffd90aa75f968aee076618dc21	518
70	481957308c66d37252fa2c23684ea33e2cc02e065130b494435bed2f7f4559e5	520
71	62529b76fd70cfa86d278933cea153d8930cd88c6287b26a7b7a2ea5fb38e1ac	522
72	11002d3c434dfbe9521e42e868343c23f93dbbd4fc37dfcfa97da1505582e896	525
73	b77a0d35a6e76ca5b466b6ed5ecd0d6dc5b0f9e59561961c3538873b64894c37	535
74	45e702f954c2f06df23438c614dfe3f8ecb259cb9c80a6d80f8433f449fce5ca	544
75	551667ad08d8f4816c21166b562da63360c55b618b20cf7c26ecee7625bb7613	546
76	1d313961c1a212c24195683c110576eda3adfbdba55ab6770a399f15bddc5180	554
77	e29614b91d4c41f70104deed2a93df8d82daf7de3e35c4b1667d901c8b71775a	567
78	f7006978bde82da97cd6d7a9c902aa0c9f195eaeb175af1ba2eceddea405d826	581
79	94acaeff04c3af0fefde8b4422f72a33944a3f6e3bfd507415156cbda20caac7	587
80	dee45b1f97024dc4e9fe094e0cf778971452d79a2e23a8a01f0b5140e04090eb	605
81	d8fd22f6e59fc7f733530e83cb4c51de6f28188b52e1cdd5c61d9eae2264d49a	614
82	98369bde0b3a5b4907cd65c2c34d8cec2ef8ef2b9cd968f7a15883d479de1a70	615
83	ea68214e93d2aa8d51a7734758a2b7670654bb742f13424a1d0301b9afa3efaf	616
84	ab219936755979868956005225233984d966e676ee39806fd5d55846ac81afac	621
85	6e9a17e901312086bc43a10bcebb6dbd89ef21525fe7060762e5a1c936f10b48	625
86	124f635a3fbbf618ef0793025cfec647bcb0ac95506e5e67ca668cdf8c75db35	637
87	1a51bfd2139169db544d729a099e3307f74025098ff074d68d0a85802c499b03	649
88	797359728db7646927ab5daa06ee6b62a0badc5bd56dca30e95cf5d74764239c	651
89	2d6e58d2b8994b26a94505dd8edfa386a9ae5ae3bc8a15c9d18209b594165e5a	653
90	fc89e427c1775ad1333de253b9f65196c3bf36bfcca93ce638757342eb572c44	654
91	824ba178543aff4f93d953bed759c26538ae8720e1861335324a3571090ebe16	656
92	3cb653464f2a147b61d4b7c13f5b277ccd7e528e2b5b3e4b5166b609fbc0c70b	662
93	f3dc112c17654238f894d678e971cecf32a936360a7adef8eda37373a063b0fe	672
94	18ed8c4e3d77574460c625e20bee4e80f47f386eb44c4e8433b9317fc4ae3c9b	675
95	c4e37c8bd9002bda2ee616677efd79c130b7448a30f937ffdd4bc32744d7ac41	686
96	fb2bc9a68ef8db6d7d076751ee4af6c304ba8447026967cbef6fa317461c66ac	687
97	c09877530d3b3dba489634aa60038b72a57eb16664475dbdbe1220a842db03ab	733
98	691f5762b70ba94e2c1085aeefaeaf41b73230a87c818cb76839f1af4362df6d	737
99	6f44c17bbee038de9860e4839e51933ee3141b4d4e716add4a33dee4dbae4e4a	738
100	9a3c0b8987042c9a74846b17ebdb6d1c9ac75562409a896f28fd54f019638b87	747
101	b2c64ae49160672c4eee83110468877ea01cff97a993c3cb13f19bcbe66e77c4	753
102	b5380e551949237432a44c3e4e256c40d25f77fa1b7507fec2b1198195dc6252	757
103	b388fe1e1852803685bc392131134214c217dd36b9216c474a107c3dbb8472ad	763
104	fa35540c42c5e5e789395b7b0ca62c889b7cfeae8c0098fbe3e3bf31406e545a	769
105	62eacfacadea75979653b26fc5a4da86d0e2d1069d2b876c96034e1966b43408	780
106	0ab931f2a6b11af2b588bf071a5d089e2953885e5312cbc4a8ba8e33e216ba0f	783
107	87708dd57f69dcbb46d80df1286800c4c727f49b4861327788c6a07b8bdb464c	785
108	605b383b0424a4220f3c860be0974c77edcb158d7938d5b13bc1492766f3d3ff	786
109	2a2b5a2fd24791815de4813202335a73df4544b671fefd65bfb343041596f8d2	818
110	bb75ed8c81d76886f62e8b2ce2b3611e4750ca0f69774e40be405df01324398b	821
111	df6ca5d8fc8b47b72a3d97f4794382f9896f89245b974c179e46d6ab4b2f200c	824
112	7116faf811332c897694292bd103010433355ee6dca09a8d7542e2c9561d4c32	830
113	b38b0477056b259fab93af941d0fd32ea71461508fe1143afc2bde85d9d5ffbe	835
114	c049ca39ba07d997b183556dd4d53d9379a702913b18bd7d1c3b39accd2645ec	838
115	e40ef72a36d01034f95009bddef633627ad7dea4d6a4a3d8764e1b303ea57193	841
116	f32b742c162ba58acb66029ab9b7fbd3136a1c6126342d1c651636000c44badf	851
117	3bdee8e548f3d90b3a4a7d36f8076c5c5f85e4889ffc8bc047b98b005f59966c	897
118	a2d82082ea63803c42a78e9394ec4fbb48e6f0aaa06c1d593987219774ff53ee	902
119	17e1d557b356d993661f6dedef39815f06bbf94f4185a1076e9c037b465fa807	904
120	0d1c0f2a8344f924dcd4c410c7bb161edf8cbaa1f8599dd9858299d9c0f6b335	911
121	c07b947e1882f270d848921fdebe1bcb7bd6b69a83d5dfac924bf6137d5ece4e	917
122	54d864afe97f914239e7d25c655f1b3e0e148e0a36a13feb7f1af6ab33257865	922
123	b0c81bb978533b9171ed624eb2b4baa85025ee8db45eef4fc9d59830d528f520	924
124	528e10853f58dee325cba5b42812fda7784b6a6dfb2a9f2a90f80cfd6c3ca3c3	927
125	9a8df98b2efeb1ab19598d5c00ea8f5fadfb79a2684d8a160e45dcf9904144d0	928
126	f1a8e240af59d62a6fa53b7d79ba0e67e6cb146ffa5b762d286feadea6795010	929
127	94ec4032a86d710da7d2714a809ed36c2a4d0ff4cd6eef840955510c3aafd8e0	938
128	1f98c92573beea596f9396a15dcd08ca746dd97f6055d13ed8ff579ba507c570	940
129	729efb28b6e1c1cd27301484db33ec2c3b5d3a3759a4801a3429da6c2e9be1ea	946
130	734cc5aca9c56c9fb8039842df654ba2d72e92bd4f40f9f1730fb6a3b2f83fb2	966
131	6f6779782e0e322624be82cd333c16fc7e816efdef3809a42e93b113b1fbcdc2	982
132	55a1d8eb8140f7f82baf2d50a8e4f361ee82a9bea9411a0273e4b315030b8cc8	986
133	3d374bfadc566862dbcdc1b4cffae191b5dcb50e4f655a0d297a4ab2ef29fcf0	997
134	6309aee216acba4e77e48035fd817c0da634744aa992ebf47cbab3dadc865f17	1005
135	3d76c3b78a2220a9be7091e28e3d3d37a0aa3a643650dd3ec118919d03a6b448	1009
136	1ba08f987c6721bfa9019e13657e34d254b92f87bf1fc4896fc8beb9a1258043	1012
137	50d114de5dd9223e9de2652e397a437b6f5637caf3c8eb3da5e9eb44722c8fe3	1015
138	23f8c69a1a29d8ecea1578b5767d16273cc274625ab13ca4e443d2d5ec447cf2	1026
139	4597bd870414494ca58fd8a494edf70fed45b9855ccf27f8f45530c9464bad19	1029
140	b83cd048eaeff6dcd219ca6deda2a0d02db05f8d9ffc7405c5a2d621694e589f	1032
141	1b5223a5f0908f03238c96f25c1d8ac85e89f1ff10cf30b239a1ffd7152915a0	1043
142	45e957df496af3b3811f78b82d0432e987a29c9f336bf75b379059233065d4d7	1055
143	2b79da12aa1535062e2caa57c1c98733b0bd633aa4addb9f654067df5a13bbbe	1089
144	94ff34834d00566a68629e66399e626431d76c58359777f544ad60f1816b05e4	1107
145	8e3dbe7f1e444e9273ec7ff0586e0425c303030de82f48184d8a73e14a2481c9	1111
146	9ecc3e54b0b53d07074e1dc7765e99793d272ba9af631dd61b1a3107a0b4791e	1115
147	dcc3559816d5400ac60865b6eb2af769fd85de1449561461174ccb9444d31b3d	1116
148	e758a771e876805a032b63c3e67cb4694203296af0afe1e7009598e9aa4c0ab9	1131
149	623bd4a1e3d1f097f3d261364341906bfde55b7f3ccc27d223df5739c7d9aa89	1138
150	c06b54e572efdd189203114fb2f9eee2a20cd22b215b161faeff2e884ea61fc8	1163
151	5ddee56c9b63e067caa70942feb93a4194c5f65ac11bf683310de646a5c48647	1221
152	6cf5aaa8918675486d6ce4d48d83314d758401d5b57962cbc07e90e3ea3473cd	1253
153	4d10697734650de51eadc1d06b05034c93fe48748cbf9ea751384120fea45acc	1267
154	61780cf216eb590a0e94e9faece89e108dc2147f63c625b9ace07e10ae3cc679	1278
155	f5fc3918626f18b0e8f6f85ec8c16d7bde75153f451a474eba28b79be4bd94df	1290
156	b58ccb03dab2737e7842ac5b1956c3cada360cf6c5a837910a18eb8810d422a9	1300
157	d48d343e365a593be85cef25e72c66df3bfe8372955722e8c187383606f089a7	1313
158	7e85c9802bb73c3698bedac28b96116332b4374ae733197dc69e7afb8242a387	1325
159	6cd711221ca5fbefd707c6691ed1ebc513e762ce6619ffa082bec3f5ed5acb54	1348
160	3362ce1b0d4c8690e32088556ce3646c6061c56ad57309cddb109e7ee897c1ab	1357
161	23d0bfc213807f6666717f87eebc9543fb5e49f5e1670891243698e996aa940f	1358
162	b52f1d74d4c769f5d4532e4bc1ca6d7d93012dd9660350e13c6a54b364a5d860	1364
163	70430ed4129dcc3a1d04289136200186f99481ec89af5dc4a65510f77c2254f8	1369
164	6f8fd9ee19f4c83f21918dd8ad4950a60b077b493a16602f4c5ccab6b6d5c86f	1392
165	1860b3a0652d51ca69edac9da1b9f13ad98ea428c091c33be663dd1b7c15b2e8	1396
166	c9211ed562034dda0bb80412af04738f0a33ffe14fecda53f8d6f4a2476e29f0	1405
167	b28a18e135c73f6180b5223196c7f2ea6ee479bbbd37b07cad8b4ba3eec8ee55	1436
168	eea58d8452b14e14934ce8e5d5104968f0311d33a715699666d391dd6ba32869	1445
169	4692de35dcab8c481f2431fc82e8850eb2a85cd3d5d943e227cd280efe0fe53b	1466
170	f99b4fea3ec48ce26549ef118357fb914f97f74ca29188a688ab1594435d8d2d	1470
171	9d1b891b4df2e3e605e4105be4ffaad489ef9992c1db6f8e0e61959f10dcba27	1471
172	19d4920a173baae3676fbf2b30fbbb59d43ad476e2cb1c4f2f6fb7263a585895	1482
173	ef2345b5f088c6a3b8d7d320f9fab5a95c9f18b11ac55d604a522a5385af416b	1487
174	d18d71165669639576552f20c44eb7880cceaf517252296fddf524b787ae1b26	1492
175	97a941793884c6d529a6f6c961b66f134e17eb2e7e159d2385c8e43875277d87	1495
176	22566990fbcf593afb889affb0a405613b9761cc299f81044db71e0356c63fc4	1498
177	efe4793e9527a8658a849e45db68e88b88d39dd5785553cc2a5e959e38c63c61	1505
178	dac15de00dac41945e79cb37e9799f3cf31f5e7072c82791cee158f4ba6a0e46	1524
179	4ddb78f1390ba0f6d462c94705e3470feb7026bd06dc3419547de1c60edd054e	1525
180	96714d24fb4591aec7493d377637f884a17b693ccfd86a307acb16fb06a4f381	1527
181	fef5ba70d564768342af1de9feb58f0d2573421c130734d2fe6648972ae4485b	1530
182	8772bda7b8cf2583e6f75d27b14b498f815382240a7e64cb09785e7fba96920e	1539
183	bc2d7ec15998a6d6c082115d88bbaf233391e4855a4b3f2df4889abcef0210ee	1545
184	4d01d3324d6696e98b0f42ff8c3c6fb3da78a743108209cebaa9becb23c987cc	1559
185	f5d4186f4cdc1b40ff633aebea8036d23170e1a042cfb865c1d254ecb2faad09	1592
186	f4980446723f10f786a3097f53dfecc953f90c4c6a364ccc9c2763eba125cbd4	1595
187	6259688492ca6a07f32637d38c6db5d49411b182c695519e46eca56a6de834cb	1596
188	5b48f1dccf198169d1bb69c385d533e54e3aecab34379a2cd31a93357566a1d9	1602
189	88c7c741dc7699baed2ae01d3cf773957d9dc58cc6a048fc036d2ec56f6f61b7	1607
190	b6c9e99ed90ebf270a3c37970f87d956a439670661d34d0062e0ad273dae69a9	1609
191	1d116d6772b82526fc961ea3796f24915c9b3437e9b90018f62de7712d6ca319	1611
192	0d3d2658772243a7c32382d4f6b5e94bbbe7c8992fa348e2b435eb17edc84cf0	1613
193	e0ad51c0f3d738392fafaa9252986d72a6980c7bf85db6c78fdf03f4062cd846	1617
194	27507cdcb00ffcb1ad464ae356d7d2086043356a0de21781111246bd493b88e2	1634
195	954817d395a42d1ec04429e46f0fd7dc656aec0bf677a807ae99f2d1c39586b5	1662
196	2b995f2add3530dc07529ebcfc873b064ce3661b24163ba87a9626dd7efb2ae3	1666
197	85c35e38207f415c77422cbfefdbd1f108194266dc6df22162575f5fdef445df	1681
198	e32be8a1b23f11ddc544c21e6a9690283940cc3c6a50e2c9f997b27bc6cffc7f	1683
199	efb01d197bc103bce7e79b8828175d9b9d580f0eb376c2c3aab9a4d8e6dcc975	1699
200	db0987854136dd6720b92fe15dfe252b4679ff2d560b64ad18a9a7adcdd7361e	1703
201	4ffc5062338e0a37eb7c9e20a75f80ca58c0d4239afafb87befb86d2814f8426	1706
202	61a2dc9bff7c23d1188b903924ecb6862f40fcb9180fb070e01574fddf51b694	1720
203	ea45f26fb5035069f0dc2e6350e650afa94a993babffb474aea28112568a42ab	1721
204	7d2e5d023b0da4cef39001d708373b566e22ca0ec9da7054d66d54fc9fabc573	1722
205	92294a5ceba78404ae70aa1dd6bdf89eb44bf3d2094d1868257d2210ee835c87	1726
206	a8e6bd97d8ec0d06de72ed43bd5ca3e0c6ef55616acc93090ff2593702ff3984	1737
207	970d7704f892a108433a9ac0ca275da1a8c5839e702c4778d299caf375aefabf	1751
208	79ff81009ea9c0da78f3bf906df3cc6b6e20759f18b16bd7ca7c7c8a9d9e562f	1757
209	b8f38b26020d9564110afe79244837a043271b15eb6a2ecc43544582b51473ab	1760
210	e8a933894e08640a7abf46eab693d9dd05ed6bd36b1fa8715db107cf5b3c8d4a	1778
211	3c7d92e83c1224d9a0300a59d9bb0ce7f5a3879d4c2fd2481e5e34ca210c179a	1782
212	1248014427896c456d3c8bd148951e9f1124c72704c1d83117281884865c7c59	1796
213	1ecdba4f17010818fc20d519a6d6f089df55deb8345cc52886cd0571196e42ac	1797
214	09487ab624fcfb7dbeb3c9a2502ba7112354a54fd3f5443fc3f6af128ba477cd	1801
215	e795dc7ec2569d77981004055ada0e07dd572dc8c1c24de6ae3e4b7e5e4966cf	1804
216	3c1a67eb7eb3f8b85c52dc20573072c7d5555d8b02887a2caea403603cf097a1	1824
217	b0064078f5baeb9c3a0c77bb1471a95e31dddfc7cef0be083731bb668f3a55fd	1838
218	6bb90b8cb263a0cb77d157865f7cd9ca6e4615b6fcb1c702bf036d8a7a319c09	1840
219	2d8fd2fae04dc9742fd3dd9592dd3cc3209676fbbef2e950ed752929b6c7632e	1846
220	883259e7d93473b589f61eceba950f053be0664eb8422d1be8c469c911e24494	1866
221	8b5ad21c8e27729e492eee17474373fec2f97e99bd2a0b3b30b49481c385c586	1869
222	df2d5f9deb0bc63f61bdc2bc264a225542734a6eb94751000dfc334931d1e8eb	1871
223	f15e12cb06633f3df2c26afd3516c8d040331d0316c6fec21007ff69dda933a2	1879
224	92b0372317511c5d9795bb8835f447757d4dfd1ad2bf4acfcf116d8c23de82c4	1885
225	229b31145d7afb61d4a9bca1a0fd56f54a901ca349ee626a4e15e8d24b54cac3	1892
226	696bbe28d5c07566bf09485209f04c828523d4fef10728f6a29fd655f61f08e9	1903
227	2b152eac0f74d39bb3d696417b93788ee62d055525846852a4d0a5f3452e7efa	1909
228	659716efb5f836da317c65cd5eecad65d9a7470e59c7f937c813707b7aa19a6f	1916
229	e3ad7da7fb2249c6b357703ff219f07c636d7cbae34d23ec581e4c5118039411	1922
230	7f93d31299ba792eb5b0da58f0d2c5bb52e7ad39a6d54531fd6f3d5f5d612a33	1923
231	f722de7002fd02405543f79518c02c2db27a2d21c0ce104b7568226db5d2b16c	1925
232	2a5964f7f6bb29995522edd4e62c121d8c6040cb20ebd3d83d0b755c9f0aae67	1929
233	53dd2407180becfa801fa91ab293bf5962361bb50f2da6edcb0a29e94ae24bd1	1932
234	bcbf09a1cf0a12dfe81fc22e9c90144ef855642b1bee2c272e94b36444255751	1935
235	2134d7c887f67490cec643738a2942bccffc185d4fdfb183853feca05334c021	1936
236	593ac41fc9b1189a3fce2431a93d3b431e53aa2a9103c168d5856d1912027879	1939
237	e197397d0a25203f380a05b26c7b270a5367a1e387d5cf2fcd660237bf9a7988	1940
238	6515a0bdeef7286e614e42ecc481e9a57f5a85b23134133866816b18203b19e2	1943
239	6ec096c7b60ab9ae969d96d8e2d1e9beae2d9f76ab6db7a6525cc00e36529a0d	1958
240	8540d76a027fc753bb8d4a0642655d88de4f214e6ab082a5d6937812d574413a	1960
241	c688b7ddc58e82843ce9c3bac7f669c914f69e199292f58d18809ad28718cdaa	1968
242	7e20fee8c77b93c02c79aa0fcc9a557443ea23bb8922082e3e9df05426e3913c	1975
243	77ce0b0c5cab9d1c75d9c46332c1e785fcb62bd8dd32bceeb186fb05fc26f36d	1979
244	7c8a4ab784410e178265484f138de36af4acd4999dbae78f3e55d52229e0ab36	1980
245	7ce7126592703ff2db0464ac7067f06608a95083113ff3c589b1055e69d8be06	1982
246	0621e31979ad695e8070dc0f3ef42c274d2d38ef1f22c62f2d8c35df90f1ef95	1986
247	81a0674ef233d3134d166778cc58d05b88357e7afd4832543215140acd515571	1991
248	70bf20f5170409ec32650079d54aec99e5881f770e10bf276d17ae62458ba591	1994
249	1fe4fd5906dd2922b4052bad6d32188c038f484c78b07ab883a9a06498d659d1	2024
250	5b5006693740d2ea22c8ee4712c7f13838f423de29f1f9b7c8a04ed4e610ac2d	2044
251	f859bba4e8f138df1cf701b7bc6f50f16117160b88d4c929ad504e1efd5001f0	2048
252	661a2a3a3abbf4ad0058f2b3fcd0e182529b6c7225e5cb073cc4e5fac9bb2fca	2054
253	ef843f6d37264bc62c44c18e6037dd4be68ba30a27bbe21437ce9986c7e3c6e2	2060
254	03e1d28465e0ee252f8a90d45ef7244c7e5d4f601cd83a302b5a74dba0dd1a0d	2063
255	b9ec41520aca00c4dff404602351be5ddfbe4c5a5bb3656ba99fe38bfb2d8752	2070
256	e08870acf55feb0e39299afdd15cb87268a4ba0e64e043ab7408ca8aa26edc0e	2083
257	9b660dabd849abbe970b041c8a708f9bf5db76913ab2ff9fdf51deb5f009579f	2104
258	6be6bad59afe101d9cd4f3a5c35c03cb5baf9b6ac0e291b1f41516b5492e94c4	2105
259	9f9554396fb9d1e0c5e5737efa7e4477159d6db5a62df64b01c3874ff9b05da6	2126
260	a6d419767f3e7f4b648ab13d937ccc7367e9c8b409e9c5e6cb9d5dff83dbb605	2187
261	d30f461be6bb1070c087817eddd0ac7f8415a3ced7ec31e23024a8c44776ba37	2202
262	52023a28859d57d33efcba3144f7031ef4b300e1c99ebf1b3e34f286ca098552	2222
263	9a68259b8fedfbd705f4ce39782815c1e72eda01f3b2d57001f17795b1b6bc09	2241
264	fdd2f9613150947c58e05ddbee9717cb6430d654e3fe79c8ac672ceb8a7fbf72	2243
265	5cc81c25b2428fb7c22a7abb83b9b11891e459d673576703bfcf41b2b9e4e78e	2244
266	92049cf0ec8b7166967508350f6734d4eabe668b25a73ae390c3863f8c8ed243	2256
267	0f261e07b35dbd5db941902008263df1e6008bee0410271fed77504ec845b926	2262
268	76670933ce94e4762c456781042e6d3257a0b00b5a77272a9040674df20c6b78	2264
269	fd794ce1c1a2a40802b4e23a651e8d093abeb1fdda50215f415956947e195cdf	2274
270	f872661bd0792816fa3f0fa70ddecba767cc8bad93fd4aedf4613d6d5b083dee	2279
271	23c8bbc3878b4b71e85239c5d14a71f577d50a6504f61e315de07b32c9947ccf	2292
272	bfeab379cc044631087c02fc2ce9c206119b75a8e77f20132ff60b2f98d4e268	2297
273	c575e65fec2861079f6267df4d3f3ad2ef7498e82486762f841ba1103c96d341	2314
274	863b5efddb65a8e5f8749ce6025caba4a673071613651a3a06a74b18f0207a89	2316
275	97dc2d8ea9aa97a0fbcac3a7e1f768888a1312c5ad9a14032e3160799c37b16b	2317
276	89d548be9e95a438eb2655d084d25948aaae256e2a12af41d539eb10a02ef4c3	2328
277	bae9b8b13c6efb93a50531f50fc66f2632c830a75ae0a586336ed1331758ae3d	2340
278	18b581ac0c6c6815b4e24492809fa4b120696668a3283f4a726f8e12227b33a6	2341
279	aff9889fd220cdcb3410d8275523d8f9b61b62af0151d8c5418273fabb325751	2350
280	d0a3bbc32ae613d84548b5f5faaa8fd91fc9d46e809a16e29c10e01771e9d541	2355
281	9868b15560ba6f84e0db9d19244adcde608212b45483970b75edaa702f52e720	2358
282	6de0bd892d4f7069cd8b58d9e37a0c897cb9ca95d1fee3774524dcd634e68808	2362
283	6cc222e5a5aac67235333bac923c1d1a1ba7597447c993a72fbde0a73705313a	2376
284	1f3c8ae054e8c3b44c526a082b20c7a60ac69c141d801782325daf1099b7fa4f	2388
285	3355ef8e0fa01b5d33b26fa31d5eb6e3cbb04fe76577d5ef48da1b23bc7dc66f	2390
286	5e1c84f40591d73b2055c782e967a1c8da6e763df86f8c10e3d73b6bb49d1a58	2398
287	e09018a7a05eecc3bafcfea6e9b8f6842318b23e66f42d13adb32094296a4f2b	2400
288	795ac15f40822344d1cbd66241d57ac963a363a005b089c3ea14a2d3045f3795	2422
289	8818954110c2d8d77545cf396adbbff3dfd35221936bc90ef5727cbe382d230e	2424
290	528cb27ef46435581d8ad601684f4ce4f69f37d6a908af8d731af3557cbcc0d3	2440
291	23bc40b359dbd48362986df39e67f5b0bfd69ee42957a78ef23fb0e40c47eee3	2484
292	ec4565c800cc3dcdd1aeea16f663016568791c2acbab1fae423cb77fcfc654e1	2488
293	41d46dea06f6af6d2e8a2fe1a978f26c260dfe620e2eef253262e6b2509df1b1	2505
294	feb96044ad9333854468357ce38eae2d0f489e718635eebb39723db8226aab6e	2509
295	8f27be487aff05ff2821f92c00fdfcfb3b9020f70bc5ea92c5e73bc948517c35	2522
296	72cff2986bc10f31bd03cb138d8b66a6f3bc679ebaf6b90323779257573ddbae	2524
297	7c5bc0d80da93282b6b07f089492954d739b3318cc75faca37315eaf3b9200a1	2529
298	8c143c7b189069b49b3c15e06bfec7d686a533c55d893f1278419b549e4d80c9	2548
299	2fa30f0579a29ba6d27fd10274a541d4a38975a67f156613b176ac321181e83c	2554
300	323dc28717f9814b524d1cc9374d66a8e7427f1f6995eb431105852cde166b31	2555
301	2eb71155218ca378e72fa62862842341413fe4f67352f89969f40db7f22ab504	2559
302	618a03bd6b120c2ea0f73782436f64a0841dc02fc3385bbfc765225eaa6e9934	2569
303	e3c3ba24c6c0c0e65b0d0a4d5f29223b25e8514ba9009d4a5157d668deb5f323	2583
304	4d1ceb0236557de51181cda5b1d7c09a9a2ffc0d72ddc5ac826fcba1e0bebd35	2591
305	8519f09e9fbb7c5903bf80c45cc02b38cf45fa8ebc4cce290ba470824f2937b6	2592
306	b00924fd2aa49d415758f9e9d9c518023bf555b8c8f7da8c0f9e4c39f494b33a	2602
307	ebee401c00c2a9c5df3668947b88cc286f8e214142a175f02522da7521b1ccc2	2603
308	72a27989653d5e7f3dc44759eaa86d21053ce2bd983ae25330dfcd8301b3bae8	2641
309	9b4fc5310e7bcf2f65668c57a70b15a43f446f9c5381f306ba02ab44da3ba3fb	2667
310	af63242324509991d6e4f8bdd2b7b8995d1bc29124ac8a98bee4e53b0b4265eb	2680
311	667554ed201523698249e4ef42b745e072e144bedc25e7382e1336e9b659fb92	2693
312	7ee3e4c4c6cc73cd952ed092526ba507a7feef48dced551c1f8c8e6274a2de36	2699
313	925ce41fd5fc5cdb99e90eab58caa8e3bb5279c5a7def2d53a4edc72536663ae	2742
314	961f7416f8c63a92638c2b66c25e38f9d806e6802c1eafb9aa83aafff916af0d	2743
315	98830ee97c9f865ae8e7c272f24315d1fc45d0f8569754dd9d90008cda786106	2745
316	0e7986ff619065df535a2511c8344f4d52865e04519ab637bd1daabe19e16aac	2758
317	ae8826c9be7cab5e092350ab91a6c7d8263a6c9f6bd3dbb355d517cf6674f8a6	2761
318	b3f9e55ad28e9052b41c29fbaa081cc946e457046185058d98a3527b935566a8	2765
319	ef41e8508c8fbbd7fd541a73cb314efb02c2d2695eb0e59872ef0aa8b656a910	2801
320	4fd4507894534bad185d902b8689a3f717eefb29381d9cef1a803335df1d8ba8	2826
321	5f1381b9f14b4f95e58a937587cc6286e6f409429b0a542f64fdd53a9bdb6eea	2833
322	a3f7760a78662131a6b43da2152aaf45378bf29a877d29e8f5e10753d72c0a3c	2842
323	36304f3687202c18ffbedccde6e0fb2e9740ab6631c65494073f887f9418b300	2857
324	b34c51423ef1f86b6342cda730541677ddb20bec2e5719e22857a2f16f330009	2887
325	f3568ea5cdbcbd2b65acfa952664125e9c004264b782ff94844c9334538c5b77	2905
326	5d868f352371e22a467ae00cba66189e986dacbe7b687020bb7b9c831252cee1	2911
327	c77acef9ba073c3cb5162279b52e2e37bfce06e0353f787b5f13aee3620b5c2b	2952
328	ec92a70347cbfee86fed05d530aa89fe52607b92efb09dbbd50d1035b249ca2c	2977
329	d346ef3fd5a33f2020228d3c6ea91cad234eca03b98282b3eb2a120d056ed9cc	2987
330	1ec977454f77f7aa56bba00457de55260715050de9d6a15a66afa3a970313f35	2998
331	e9c2a82c6ff85602ed720acadd7d3a71478ed64fb05dfda80796af73aa1a0b2b	3008
332	06ca9be58c3e3d61083e81fab736542d26d95afedf0b6cc8f9e01b366c0bf2e9	3013
333	7b8e9bcf3a5aad728fb0dc3fbd6c11b1e80889daee6c571de1b990eaa2e5689b	3014
334	22ee4b589e64056532ca56cdaf72e1845bafc81bc77166703617229ec241bfde	3017
335	47629ae0457e936efaab65a072eee1c16cf0e8777982b7d0c67a34a3d10804ff	3019
336	7dd12691c019e7722c24430f17c2923216106adf07fe1a4724ebe25163efa7e7	3021
337	c781e681efe1cd66654b192478f999b98fcd5bd80acac2a7e56e01a8fc3b2ed8	3022
338	8cdeabb7e99684e46dd666c39d7fe5bf5d3af2cc1e84727afa8aaca26b3db37e	3025
339	dbad4257b11152032744fad50419ba1f277c0c3c7e2e9b2126cfb7a2c1f00c93	3048
340	bda16a1359a1589eed4092a93be6728a113fe6e0a78e09947c96787680e8f72b	3057
341	91028d56986aeb28176d5793bb591445e5c0ed9b85296cd9bc82e1c4c145a429	3096
342	8ce34ceac1cda0344b10683b7d0c9d25294cb89f6db8802027851bc21d0842d3	3098
343	329147845bee7b30b3bebda9de6503c884cbedb8e64a6fd054804d53067e84df	3099
344	97186b39f08454d9e6349502bce6ad2c260b898b9424981bb5af17f0c49f8fa5	3107
345	4b14cdb02e088f33211d8f6d1f62e3456741722c63de4fe36ca0fcb39b5f66f5	3109
346	b51a6469716565e16da926e80e5e685408779c1542eab8a9075dad4d8f8d8b66	3114
347	9a7b1b0611b4d6508acd348af9a162a7574735bc8400651e990f1125b1ae176e	3116
348	4ab6b89815469a16f1dbfa716490542f4dd772b43f937c0d64fe7c1ff9dd8c16	3133
349	0ce3abcb84ba49e894ea0b63e57ef9fe9dca1589049cb44ed26008523a70e919	3135
350	0aacdb5d054ef8d1c1143f51aa27e8526714c69ec65b7eb2b4b5e1a160c12f12	3146
351	38edab393d5710f12126516151319c7f18ab79b7b7ea2c90a4cf7efe847edd55	3147
352	7a0f575ed2cf94952889f6e32f7c1c0f1b91fbe454fd47ac2c26fcb868c3a853	3157
353	fa8eee3d46149348613151f515776fbc68cfca68c840614de4ca3f6379fe2643	3159
354	e65d90fae757151ef42c2ed9a10f191bd9c98c8f722e466101f7bbb795817ae1	3163
355	61c7a786511c4e86c567592992c9319cdbe3043c093e2b8ec46b0ab0574f8951	3166
356	e28fbacafe2c83bda0ded02863c6d4505c09b5534d339545b6aa9a3c35ab89af	3196
357	c2b123b0e0fb9157912bb0068df19fa8ae8c53874786721321159a0fdceb53fb	3203
358	b3c409660d3163624af56ea9460509095e7ad61321132c714e6e5652b738b310	3211
359	604db945c8bc7e42afe0fc9bab63ed2f594376f4a11bb0679966fb778b95dc9d	3218
360	f4f1a44f96fb17940c4475c958c0f6cd6404b53d1a287ae11865b40869197f4a	3224
361	4942764b412a1ef77d4d6adbdc45e696c2953ab95f3538fc93e015265bae529c	3227
362	36050d51074eb928fc02b81ecedcf5b4279b5baa65d96666d7a2c1f5e0a72a64	3252
363	50f9bf4de9cb410150bf215534f8b346d2a8738c26ebac996e4a09c6eaea3701	3269
364	36f888177ca3cedbfd354d9bfc9b0cc9afd3ae9384e89eb77df2cb2da33eac54	3274
365	6e7f347e8a1915dc5bfd39dc92f676959cc4bea0b8f653a9477918e24ea652aa	3289
366	f1d474f268600a13027b39b16969ad403557894fa0d2410eab3852fe119920b7	3298
367	1de0a859fd11178352a5fa64bdce38076aae2f4e51b2ee810908c273388da227	3317
368	34b912be3b6e8b81c99f62ad3d26e5c478baf226d1fa92c632f00873c5f22773	3326
369	ee590048ebc3b016002cc24d6a6b596d2126991c0429b0bbe2105c75d7022236	3334
370	0c02c48fbcbe794f6cbd445d99e4bbd58969238363c7f693a9881d9644fab11b	3338
371	d1b19d888eff4544db6abec562dc4758c0b40739db44db892922595868372ef9	3358
372	74142023e6745511d8401a973dac1a4aa80095373e1931d39168cc53c0c8a960	3363
373	28d55254badd4bb696d765e638b42c0ce41e0d6c89021924dacb92e76d574b96	3396
374	93217cf1ad8e91ffe94de3af75bb26287755a11528b786984c3fba2aa4a05a9d	3407
375	a58fc9d55a509b4ab248af54c232ad8a02af25b38a3385c4b54fcb5bb5be4c4c	3413
376	e7df690eb69d18808af850d558cfcd9d0341b295c2b9fe7e7a39e27c7f65bd21	3414
377	47a341da1fa4032f2f985c73f0466b669b7c320ef5d8f3add2cf01ce6504a75d	3424
378	0ed630514f85b3cf3d4b97c12dea743ab1e712d3e94af5b2089aaba1cf20fca4	3434
379	f056687d225f3c49801976c852df44c4424bcb1ce2e46ad4971c4f946fd941c4	3463
380	6d22a3de1d7a770514f7712f9f5a36315302e6c55e1114eba63bef386331400a	3468
381	2720737e896367405c7540474d5f85be1aadc311cfc30c75ae9379958eafe73c	3471
382	7989fd88b420325431d96a9de66da1c57ef6b01598c9570560adb3928a307e8f	3482
383	7be8ba11720f25a90556e40221204ee678402178feb9820ee3087ea1ac2c5a8c	3522
384	878ca18ac8da0be248ef29d30d2f4b5fb3ea30217b52ce9703fc5dda0fe8e399	3523
385	c05bb07890cd64a53efe6f3df6a4822021eabe437fad2eed9894244c1c9b0204	3540
386	1ba9e608415beff041e94acb9115d94a7095895bfc319ba9a5aa9a6d9c0dda14	3545
387	1edcc591469397e702a9d9cf5ea1913781b23f28addb1c5a4c6a377155e57664	3562
388	7e7dd8490275e116a74471e3ed59f5527a2dbe5a999e1df26fa0b492a1526259	3574
389	c55eaf1da594f4bcc40247e9e6332b1a980ac03b2b77f9920507e1e3ffbf0e65	3580
390	ef2d984e171dbbb99e50b2f241e9db41bcf0c694cfc9ba41fe78401651664d58	3589
391	a3a54e53492e0b56e3350e020bd51efdde256d73ce55fcd5411787f71f0f6dc8	3594
392	df33775e6544ab33e14d60524bdb6f6c08f654336fbcd67fc4dfdcf676bd9d47	3610
393	0519c7bc848d3bc3834395388d850af51a3e616e2cd339367525afbbdcfd7221	3616
394	407790953259e4df6cabf87fc9eb40a88f5c29f0f87677b7277b2b0449bf4b1a	3617
395	a414d9daa52f9f16e715cc73c39097d02afd689af26b3af6bb9f96864dc8774a	3626
396	deb6e6ab637b26c2adcef5bffe3bb5fae44bd0e3709e065ac1eca8f3cca87d96	3635
397	d9a7b8aebc69ed488fe9dd8bea2ee7a0dcc63e4d06d2cdf43c4fbf4d2ce19ed3	3654
398	ca278647c5b5e9921b46ea16d5fc74d55e1ff4bf986209ca572d4a3a4f43beaf	3679
399	9d7ff784c361feab4d8ee08dcdfcf60374150fd576c6df4e7245a10d3d19a192	3697
400	8009a1321f73ddbdf9f68879fa2726641ec7a1d83ea521819bcb8b8bc3e9d796	3700
401	ea6e06df5cf9aebafa768e6453c98a4cf3228808bebd96198b029d13f46f7f2a	3711
402	8f4006ea76f9e7336bcb252d40b49caa1b565f43b360d1f38795fccbb596af2a	3713
403	bbeb90c6d9dff4fd05d979a46c25f98384d4c214ebbf0853337a4743b8f51c5d	3726
404	054bd2b71b39621b39e18bd7051b4e2e1c1c04da811a8ede3862d938d872e5f8	3729
405	7fec6784101673fab7ea51270733e0b37498a95a1e4c71b70f14598189c5cbe2	3745
406	fccfca30f912d3794d48b349ef880e752fc25a34d2da3fcc755e99b1a876b67e	3751
407	01ea8f14d677d0086fd4e80609efa68037312b051938494b526c5f7ba3a0c1b8	3754
408	65fd2861d65bd7589c21080c0d3023c568e004db3ac48569a069d95ba668758f	3765
409	3472cad1a19e26f433489c5e63adf4793498a13de256547675a77efc06a7b844	3770
410	1ef151e1a24c462762d048a53227de536a1d46d33ef3b1930c2ab75eca6ab2a1	3793
411	fad09d42a137c5cd31fe4476db409faaa2340c3e2fc60ed626ea7653aeea46ff	3808
412	e48b3a3cbcb81d04c29f38e8255d5f1d9c66eb248e7028064f00ada0d5b99d86	3809
413	a7684c93551bdc60c1b134f31d1911c4240376395292b020dc12579869b27e74	3812
414	dc8811db8350739d5e4660e1447cd5ba3904bf8ebee8b634a4c7c62c37eaac3d	3822
415	767ed47eaa5b4ec27777e6c9180412e169c42fdb8865555cdee3841e4ed9bfdd	3836
416	f6b0fdbf65db9852422743b448d7643264ad79b73d6be7c9d87846ceb8ef92c3	3839
417	da668a34302736f0483aae7fda730553cffc9eae5485df2cdb8d83adf6ce7562	3850
418	82068b6133a935ce6f5466c05df9fbbe010a55499ec2fc6ad0a346f4480421d2	3858
419	7c4d31168c87c9cc2b27d37837a61d5079c9d6e57f71c771ec1c507b7bcb1b69	3865
420	3bb7abcc516ab82731b5a34b01fbb9753a22dbe3384e62039a1499835f008b99	3889
421	11ce84d65074d1946f0d372d8d83838595729f8d1026803063cacb4499d64b34	3898
422	1e45a11b9174f305f0e3e73bf9a291dfd70895c27b60a423c41d4b1936e8822a	3906
423	15f4f4d2b7e760cbd5281c44823178d7b457a4cfc7fcfd02bd0f5d08174ea5f5	3907
424	d780e6d214b363e8f8ac7a6e98ff03553f4cfde4ae606539d4bb92ea2d6119ab	3926
425	f1767c115839acc759503a1db828e5ec6c804abc14c73c292c87c5645074d973	3948
426	fa08ec09dad1a10f4edba62c12f586ed036afab8fac47d5e5515221641016e5a	3975
427	4ad6e6a96eed63683089d12ebe949338a2fe24cb60cafb2f12906c164c05ef84	3989
428	6142969b35a44675a9a1e1f6d43cebdc58959fa903865e7cbbd0328ef9c12865	3994
429	3a19bda267712642ba0db36e8a9aa589fbe1dff9ef5c809f2f696579837ea919	4004
430	2382b0db44384b7a1b7b36b7c18da043bfefe8b4adcbc871002ad649c54f74d5	4027
431	82a9414ae81cbaba32c5870ea730bc89abff32625fc9ebadc5db79f3f3e66e11	4028
432	5b95228771b4973065526529f4502f331e3fef1e818e95f0f04aae359ba39311	4035
433	0279846e8fad87d0f91f6f6b1bb75ca820dcb51ce443eb994e2144118e4e3611	4039
434	57f9eb644e0b19e0a6b03b689f108c47db56a8d3b54dab7c0976d4eb94534e49	4061
435	886aa49eda1dbebb040edc91492486da8767f1af4ac9b934dee5674e36e34dae	4108
436	80dc7254a42e8567557257ba2c989f096d15e54b48df21c4c3572d6775c4d7a1	4115
437	0a889a595bbd2a31ae4dd64c6ca8dcf13458acace75f63f4eb943bde87e49780	4120
438	32a0ae61a354c0410e694bde90524a6f3a57c4766480d2fae8adf7571ee81fae	4122
439	554c7c065d7c581fad78221bf5a6866624b5b2e07ab26a78b61459379796bcf4	4128
440	b28143923c3284e0da251560e09a0d6c11f2261116d8ed51b42fc40cbb416423	4130
441	8b011efcc06b5da73871010af132c50100bde82d7860fa040d1542d3c6b1e612	4133
442	0a749642367ea7aea04e5d9dc6900fc190ee943de8ba9c1a626bee59e92d333f	4158
443	d508681fa213c91ba1533ecff58830fc61ed2370b735da4b116956d96a47119a	4189
444	0cbf20a6b92819ad5c0ce77b218783df7aa692da0fe74f98bfc14327a63eabd1	4195
445	09d196e637fed3b4c3f6ac82298c0c79eb84ecd93b0235d1d431e510f404dd33	4201
446	229e20df884e50d68fc62c3d730402469cafcf6749be638373fc7bcbaf4c4e4c	4215
447	367b3c3a699b325cfe51eacd052359d77f8ee8d6506f59c90eedf10954e72ab6	4245
448	c661229d62e9c659c02726359e21a5a66795d8b8e3d91b62a4e6ac8999d784f4	4254
449	749066bcc5097215daddd7f3c3cd614c212d948914b7dcd5d58ca7810b05db68	4259
450	015d9cab6180dbf4772b003b74932cbaca5ce41e4ddfe1eede106db7ddbc7be5	4278
451	1033eb7bf79420bc56f38a0ee194dfea9707453ef062e7fd764fed6be19015e9	4303
452	7d51b86b04deae4c1c2ff193a47521a1341a7ef5b4ec41f7f0d976edfedd8f70	4314
453	14517bec3a3ad01cb5f6a61e0e54439bd94538987841e9d69c4940588333b963	4315
454	c5bef0c4485b072fdf9cfb5b532f022b4f50a082bba7d085adf0b8602dbaf935	4326
455	6da744078d2d19decb56c71afc42b9e1b933d3c74e4b63e888da7f2a3b8b23d4	4330
456	50763289e4e926cf8f796c4d66adba95abac113aa8d5a3e64b71b32ce7c067e1	4337
457	882ff5b924563e385dcaaf3cba873a26014158be6b72934e578d49b11ba5dec7	4338
458	e2ab3c7264242ebbcf287a341655fd106523f6e3c0d537f96031726a05e714dc	4364
459	c33d08f123728676ab98fa4317b39f6c5e79d067b4812bb63a80938544e90e35	4370
460	9aa6398303913a3cb0fe02b8fd0499433c6e5de3645558c74df4266e09a96a08	4396
461	b83a79dd813ddfd0a54e98f642031cbcba83acd3e57d0f91f55b101ccf259580	4398
462	7c147e35ea58dc7b454960c2e0317932039060fe70653f61bebac7c962da0488	4400
463	9b3ed37dcb3cfb079a737feb7815cb35fc6d20ffc4d2ca0a9b12be516cabb4d3	4438
464	2a98c9465f5173caa933d165e80f26003e1c5304b9ae842034e7616fc57a979f	4443
465	831b49b03c4f77524138813f83e30dbb1f3da6cec40a559f5f66c60f55bf6df9	4444
466	ae9cb7ddc286deae84494c51992cb3844819968c883ede240d1c340c1b9317dc	4451
467	617f6952d556d598d330234b303ac0fe51dfa9c20569ebcff7207a57d8a24f23	4455
468	1df804281a68f13a3ab2110264eea53f597f819a1c53d3fb74c72a4807519371	4464
469	1078e8933fa0ab152ebd993e05797f01e80a8369cdeebd93dbf6492d7bb0c177	4489
470	fb09dfa41052fa75637accfa290009aa473352309f3c406336519caa559916d5	4497
471	b3d62a0b485bf87183597718c6bbd5e6d833b18b8d154e98f6dddae2ed820cf6	4499
472	3d10ab329a7b9a3c658fce95e4a79ddfd5ebf2740d6a13051d339143de491c40	4509
473	e5c4eda60d177db541217ee873d48003759bd6e751865f9161e963394a19a9f1	4523
474	254ea18adb5a56b72b7dcaaddc2366c2065d064417bfeb4e000a16ee1831252a	4532
475	b14fa4d475ae5fc485fcaf9658931aac623a1564fe47f9f63544b10ab85cef7d	4580
476	f82910dbee7944ad7d5c4fa8e2f7b36ec50e39fcccf9738a4752ad4d78f8d2a1	4618
477	550aab35ab1a633bda067e8e4a7affcc9461dcc4e53c9fafe8a1d2d05a1a6359	4620
478	b86b192fbfd8949001916d75cf0694dee25773a6e86d91066d27878256e0fed7	4623
479	0166c7eab28d26cebe07c60c1c0ffb7de4c7733d6998bb400bb01fc747b56ce4	4642
480	661be9ea922a481773fe16188bc59ed30feaf4f44abaaa6c03f6e54fb5b1f859	4649
481	562afdc4a962fa0c0935e0c5e8d067f1cebb0988c034d36457759977965a9723	4654
482	2aaa5758b86d0b03920a5285e8e99cc9eb96730071ab7ba84bb01476fb533516	4657
483	c832802809c37746f0ee4c641ec441567bef9320b2597cd839eea1875b1cad7f	4671
484	fa1f2d722c0d137139914881abd1760779052a1c044e4c47cc7015cbac8010ae	4696
485	4fdd95705997bae8f97b94ae81756d2f0723e6010fc3bc09435d376452b55e6d	4712
486	bd684e3944dea0bc1d155554b65703e36d23da846fcc88e51c522f57beae0cf0	4719
487	f905220a9889f0974c490f4e1b53acb6dd0d0c9e820fb3519149bba131cea350	4727
488	a446e51a2fa5ab535bc91b56e3bdfa9b9241e53e7e868911da814129320ccd33	4728
489	3b13a43177a8dcb9fe5fe31663f34cd22c60f54596db9209c74604dd4203e834	4749
490	8897d6bfef6864f00f33c724901a4a7bbace21a2f91d13282ed9dd0426bdcd28	4751
491	16242106a0dce021c73aa6836cf0ff6f3541f12bd189f54bcc3b247c8d84eb63	4763
492	665e2984cd0bbdf4609eaea2f86dbebfc03249bb098164c9976f48026d14f3cd	4766
493	c5a45bbadefaa802016df1da4bb318d6bbfe81e7b97b3df7d2a12d95c2642157	4785
494	61c10b7f4365c73101f2bef1ce5a976e72089688bdd9deada06a76f18b7b7ca3	4787
495	5e1e76d288bc02aa59e2642ae401cea265d8c6f0a578c8045147ba99b7facf5f	4801
496	553a095df6631098d8b6316ebe1c68d3003ac27c58c0e8226f101fed22c82684	4804
497	f62dc4c587d3c1f74213009ff82921dba24917e03bfe424e5aa9684b8d1d7441	4806
498	4dfdccd0e5161120bb93038ec0a582bfe5db06e7054c19617d29ffd1aef924f3	4809
499	509b9659e1bbf0b7e83b15c51b51fb734ee4d6cb1c55b2bbea8235bdf2a2bf46	4817
500	90cbca38ee79962c4b55a0b4204f72f2601d11fc5be02f9cc80b072ede421397	4821
501	9b3d849086eb2f1f8a6cbe177fb7a45a70d7dba5f4ef22ed5c087d4a49d0e507	4828
502	3805071f2f88a0526fa9fcc46775875286ff0faf1db39497d5eec2d91eb6f4ae	4833
503	3650b2d0a1b70e504d8ef2e4b95b676258d93a7395cc78f5e11723d18834a76c	4841
504	7734eb31c05edd56c783aa84124921a3c9e2d16d0343eb852b585a2aef432b29	4855
505	6acee9a6945d3f6171c011be8d3053a937e0152f1b39ebd52bf4a5aac8821f5c	4866
506	3ee480ce4a92c6f3833074fa9c401a50ba3075c5de806c6ec3866c3a1e428024	4868
507	d2b11b26f8def256866360c2a1dbfe123892e3bd997346eb04ce9792e94af2ac	4870
508	4223aa3cdb4034b9373bdc3f2f9a1352bd692e1c52ec952e4d0881be9d9d6208	4877
509	21dd61ad4cd8a598877924a9ae7c6a95c315cc75263cce5a2a083e721c741e7e	4880
510	80e198173713d0d348342ed010258a6c13e956163e7fbc1b2ef5b509e9f6157f	4896
511	bcb27481ba432aa932b20d8720b44da588b8eb543e2e90d544effb88ed5f0c2e	4899
512	e399e78e5d8627030bf4ed1388c3d29fa93c0fb4b45b0d3924dd2396e864075e	4903
513	c28219943f74eab70d1ff137ee6c14f67fabb766334d8fbc2aefab05059d57d5	4914
514	63a7bb1fc8fbe080e57ffb4e6b71d8de1fe0ac8bb3431b7479bdce566be12c28	4920
515	5330a03f8df6e1c1bdefbe685118d037505a91199caec1802dc0e7dcb4300166	4956
516	6ac976d9e1746d471b829db0b46f506360d7dc73e92eb7b1a99ee6f168449695	4961
517	bb14fd4128e5090c8e16d3994036eafbfd658e314a195e5f1e2f7a3cd933630b	4967
518	0ff4d81052617828b3c8e32a09795bda120c78334b5f670344bc5adf21716298	4968
519	3037076b8f39b21fa17bbd69660913a1f48ab7c3c1600429a8415c38af86c863	4975
520	1ec54c5c78aa06d54f840e329951360ea23cdbc3fdc877222c4db1695639cc36	4986
521	fca63fc10fa1fa898d11e155ca7dab12c44c78e1d3c1245b99eb07871f788d59	4996
522	8ed9f4a71e473604d6397638d217f89b3fed7ae68935d255beef7427cad1e0f8	5012
523	3eb34aeabfe993efbd5dad4002843f46ad32eace81791459d0ce470ecf53db4e	5017
524	dc6ba0df56ad5fc4705ed680492e40fe57ccf4bd2d9703b34af0c4a4fe27f7fa	5023
525	01793cf4f737ee1786b2340e458cd38c7dc555d8d2465c98e8c2e04eb027c844	5027
526	5a13165ef4b898a465c594a71075aede72399ef0242adc42e7d49e629ef75450	5034
527	bdae48baef2b232cdbe8e7c98e3cad3382593002c649d469d6dd2a9a8c4159ef	5061
528	bb2e793aacc9926f6903570b5bc21ac84494cba0eef9a7f29a6263e99131d640	5070
529	dd9bef730fb0d4e2ac215848960ba240ecc115eace01504da7989cd700e13c7e	5076
530	7ece809a3a3bb7c7db8d045d03abce51d34602b448646085e7ba77b0c3b794a6	5085
531	338a3ca7415a906c16566c61c9148adfcd3b19dad4013eebbdda78fd909c36d1	5090
532	82b38aa0ddc0364c30bacb56663c862b73b80f8834fc350a981875361867f158	5112
533	7c61ef5500c09ab2b1807e39b46cc8ae90228d7d06f4ad19c9d941e0c1fbcdcd	5151
534	fc8a62ef345d034760e671ae3a488ef7d191e92851e90899067627bf3edd27ba	5175
535	2d660c6e5827e3bd5636cd2dcdf302a78a3589af3f058c05407f5daa603ddc6b	5181
536	c26a18832413bc278f9dbc06313404f1e97ca0632632bacc9a8135fed3a02f56	5192
537	c7be602aa53ac903630edf7a1aaacf3676e6a0feabbbfa05d03dd4c0a2028c5b	5196
538	0b0ba3abdf13419a3477e00cb21fca0766abc7378c07c316c0f4a2372527d05f	5201
539	dea473a292d312154b516c77ddd97de14134e5493620434a6e4a0233e6ecc388	5215
540	6b29352fcd3dc8403c0fa404a937caa9904e117692b3fa6e79ae69231f1e01f2	5222
541	d384d2e06faaaa163d49030bbc82a6862c9fff4dbc935f4ccd9d6e73a04acec2	5242
542	0bcc22c1300c54e52513dcb25434fc7abeabfb61a82e88063c6a2fadb2ddb8df	5249
543	f64f719e97ed372f4777084ad8d8cbc73b303cce0e02addebcc049122b776c3a	5253
544	6ce158c8e668504816e8c3c4782e2b3e8064004900aabcc88458f3c0cd859d5f	5261
545	d2dc4d77764285f261e208d5b18cf80c473a5afe5df7d431167b2ccc5b93c8a9	5264
546	5924c16daa94dccb78fcd6b2d4ee8f14e10042718acd02bf547836ad9da028d5	5266
547	4b039b8fd8cd49636435ccd99818afaae110d13a55d09c566d5a1fe80cd02d9d	5283
548	4545c339301263a13addc25e74dc6c11e41328ca1b7bcc40fd2cda87e1c74d11	5289
549	4e0acfe7e66fea59e56b344673f56b6b85d442c8d9d2f0db4ef31c05ac51b324	5298
550	5ec035d101f53cf72b32dba869db9aaa54558d69c5981f386f6d9b911263cb03	5299
551	8b78f94d6f0143ddde614dbc4bc3c88334f353e1099fd880c2dc9947db142808	5308
552	e0f7ce671ca373a39bee9f0e260a689584f24bd14e945d013ea9e1c61305ee93	5311
553	26cdbf8f4e516d385ab8b896479be8f8757127435439b21550fbf8b0b94af52c	5337
554	a9f923356b4e8fcc3908cf3209875bdb497e8c040af2542e62ece69a74c146e3	5346
555	ee114897e50e8d93bff89e9509ff67de3334a0dcab7719e78c1396a293a6284c	5347
556	9910824257dc44a32bd6d482b1eb061a2ea3b2171fc12e973c7bd7487021d45f	5348
557	ba255305d3975a41b5b5ba1710ca23ffa242aee0d8625588e053d62b0b8d260a	5349
558	740c4463d1d586e709ccec7feb8d948277946193656f5b0b29b9b3b624fd5b56	5353
559	6d6b674edb23e5947fcb1fbbdb61c2877d0a362f871cdded130a23ba07215839	5361
560	a1386ddd6c9893d30a85eadf14cc2c32fb29012894e77c467a70aeed6a6c3e80	5364
561	053669d5b88b4d3692febea3cde3315129935b8d8f95093a6d65e4f6c1855b77	5372
562	3f187b3ad9471da718d6e05393663a65342f0bf0eaa3f0b01cbe87b55a5ac577	5378
563	15771e457ddfbe7de0805dbe81e2f4c12fb7d4809874b69ad119d69ee9b01ad1	5386
564	7e851a3c63116b8f0cb8970f8f59a8cce18f3eac5bb3ccdd2295bb52b7a8f924	5429
565	a6509a3851076f910ffcf90ac63101545f95ead8f10a10f020af98842d865695	5470
566	36c13a19d65ed5ec09a4f19fcac801795d6ef9c9a276c76413da5e1cf32c523f	5471
567	891f7f5d351f955ab33cca581978db13fd23fdc540b83bb65324130463d99131	5481
568	31f7784bac7921aff80d4aa035f0c44d30608a58f892baa874d84deb7f27d296	5493
569	7938abab3893fd23991733986215a7cbcd80feb513c2b776318257cb406a4fb4	5501
570	b805c8fe9d566f902ac756718cae846a0a044b582a9eefb780ad24eb6c147586	5514
571	d03bbb3e184d5fe02af3f8067f6cc5617176c3a5a3186009f79ba3d2dddee577	5515
572	d523004a018ceb22ec87abbaf1bf9fe910f81664d430725500a724f286f4fbd7	5520
573	f61134bd6f556c33938d23ce60e2beb00094a3fdb53dd50507904237a78abedf	5524
574	7ec610301b8a5388f8d1c02630c784ff79dd51d8d045411816690ae55bae4ff4	5525
575	aac10ec013de2847fc1221b7582899189ccec159e7e98bec0f6fd10a3d1f8b12	5532
576	9c6736442d866ddc37b6f22122481849af2395dc526c81f52f25ec75dcc98b54	5552
577	6ff0d691e9b164a0e0bb6dcd2d39d08ffb8496854d8d7ce8a9a032068c5d61ce	5564
578	a5534af96887a0bcadb801fd330f75832cdb16f1d9437b86286f0ffffc38f2f0	5565
579	75e7062b1d5b098788f86300bf9c01380150598464c65452c58b812882aabc7e	5597
580	9f883697b135cd730942a74cf687c352d15ff7537a79b6f1b72c12f1a32b2a79	5604
581	70e5a51b271fbfa84e26a3ecf14a002caf5f36d197af03e0290ef70efd1eaaf5	5606
582	596e6ed4fe655d8c805d63d4eef1c44c6525237b29dd161d9504f625a6bd65b9	5607
583	bc5405010e0184c29588041cc09a4c451a5d0c818cf784a2c9d71b0c9c3d7b02	5625
584	5d3bc58f4b279e90ae136f721c9e87b42ea6df7fea37f60a3b420928a04ce454	5632
585	3f47e5b3ac641b4d35a5dd1e81b12039d15d07c608d507a2de362e3d8a8d6b8f	5635
586	3fd7a3d5d2ddf3a511de188470314d61794089105dbfdc903836f04655ffc06a	5639
587	89a183b0531d31a1befea99b6790a986dfbc5247867f3961aac1bcb2ed582508	5642
588	89d4bedb8e0d95596870176d709fb3cd8ed2ba7a0a9d807f39cfe65afe7feee7	5650
589	2042a105bfccac27cc90fdea71c7e395048d40b7d16d5561005c4f36480fddf7	5667
590	a1840e0807c31146aaa5c2e1a7ab0d3acb09f3ea8bad7199d839ab7cfcc3d9a6	5672
591	2cfb7486665d876ffef7c9404fcb170ad9fbdd8491a990a1a47ada8c3dfcd179	5679
592	1b301a393468f1a6b87eb3148e242e416605a92779acbbdf5f37d02f61802d83	5683
593	c09526a007688a4ef8e61e9e73cd203b62c79e3d40ae9c2bf3d56a29de8af277	5710
594	f8f72f6383d9a32f8b7ccecd5ab8eab8e931152510559a7028e7e69e42d753a1	5718
595	e57b5653b2f2f4795c7797dffafb957b9bf07e329f8df829abff0b6ee4578a9f	5723
596	ca470bbde62437f741e00998f28cc854cf527124c44c58ab2ad5ccc86e89df88	5736
597	1e43a231c7f89224cde08287099ea43e5fefaf78a33b5d918dc3a9c44122b3cb	5744
598	9ff15502acc487ed3d3a68e4f8d5d1dafce5de8f25558af50de4845c11f90052	5764
599	27e923c2ed21d39b3adbb4d5b9698275d79e1231c0701707b0d80ac53a79b9df	5765
600	536af21604454662dd92800d477a1acb0f80c1bcd43e9cc06ccb814b5c086a97	5776
601	43c07bceac6691bcee433dd0b90ae318f13af9fa49850ad07e131462f2bc03c5	5780
602	2ee40b7805b6bf73974863752dbe0a4fa78d5a514bf60456ce6b64e8c8de4521	5783
603	413e62c873e082f7ff720eb770a789fb3b8f898bb2a539185895b048547e917e	5826
604	a5adf6f48f98755201b0fed04dcab3e2e25c8134cbef8f750ef84a79c53892aa	5827
605	8667804164c36650b3e7605c4d7a6232939cf597912f975ed1f715b2c864cccd	5838
606	3fa5f83d08aa649dc548f686c4848d0c0384f31de51ee89621b1a3ad89a36e02	5843
607	68a25a58d11ffb20b1e7af82c6ce8087851dc6ae9f053422a388b69e22515cc6	5859
608	e111e56e42c03b63c2272b3244504eb187defdb33db0e8a73bb234720ed1a7c8	5867
609	dd72bbf36504f4afcd0ba073e5cc85f92e1c7bdd089f00504297d85cd9ceb99e	5876
610	c51c1235a709c9fb5df14d20345117b58383e07fb42e733ede1f88fd914da6de	5891
611	d5eecd298977f175cdaa701d4468b6da6391cc918fb5118c9dbeea8b70132c3a	5900
612	5b3c70c1c823e0b868e31114809b2c9177f45667140f2ac3f82f36e671aebb66	5919
613	df26ed3e5c61d59e9fcd7eaad33a8d81f24ff2b250369cdd8dc0d73d41d19679	5928
614	91bfe221e52e2dab2476b5223104437ef60e2442c839f091378a8d46b2a18e20	5930
615	a6f7f02e9abb49d9cc80fd2db4cffd063cbd8549dc4170f2a1e33905de8169ed	5932
616	1df6a2cb2bb69f6c7e82deb064411b6d71c678013233c1d88589372c52e3c9e3	5934
617	4dff2b1b5bdc2ae083c563ea48deadacbf0088a145259f0d5adaaa7c1cb837ca	5944
618	35e4a446f1aa201afa757e15892df68b7318e296c8bc9ed97e2813a51e526547	5983
619	1040f741b39dfa425283553b9eab7c2ce9194e2715c3707f499d819412567e24	6003
620	f80fe57e6ce80a1b7fabfd4098333f9662144a12f664afe5e4fd8dc0afb7fe2d	6008
621	10ee4fd7efeb206ff68ecac39ad2bcd1cc541818630fc8d1341711f3aca40621	6011
622	67f29612800146518b306ed9c97096adab50bedaa9c01c039e27036a22b16c57	6014
623	4847334247e8d5a728dc82168d306af73d000b0a364e9c4e18adce1505092b84	6028
624	3f4bb26db0e257d0671d405b39583d8e0334cf85bd99682628768346919bae18	6035
625	f45e7058f3691da42a97a88422813af7997946f6de785fddbdd705bf298b8a27	6038
626	f901dceca10cffb70aecd38d856de3459ebbf1bc44670403aa2cedc3666878e4	6047
627	1dd384ff38809dc9be86c979b949f2494301c93b2e76c74b852f12d51eea29a9	6075
628	9f03d6578621bdbfb1cb7bec0b21645dea339d04735ca8bee72295cc9974fcdf	6082
629	39a59be7eb1f6c9c342c2b1efe7fa4b4aee707f4f719f21cbb743a27837888f1	6098
630	993ff60188e705fb5ee3d57e2d8d3c064b92582dd59e6c1896dced4df8e206c4	6109
631	91c30d5dca3019a4ad40d108e87884702ebc3dc5735ffa383171ac993501cdbd	6120
632	398b333ea5c2fa18a5fe514c262d62ca64a1408a76083479cf4d2aedb545d754	6123
633	e2e42dd3f590bd2b82bebbd4830c0ac530c82567bb0b0842642ec93bca756cf3	6138
634	a6a8a4ea0700b20c8b55f1b3dbc11bd74d07ff2b9297d50dd68ca5ef6fecf04c	6148
635	04bd1cb41cff523f99c9f06743ea954be1b07a1fd9bc08774d09f30b6e20d266	6155
636	6b10649e8dae4f42ce4451ed9f0bf0a258c04fb77dbaddaad434631b80b2116c	6158
637	805405826634dbf1194ba863fc82d78346633e7d3e7cbc4ea522b4b2463d884b	6169
638	187105b75666dc8d520c807627c9eceab7b2ec61317b195e64e4a5829703784c	6175
639	13090935f4b63999c5ce2cda5eeb61a78c14ad3426d48031c94d995a687edb0b	6181
640	87b3463b3db0be79c7d1d9e966669d01c735e1913959e29d595142ee63290990	6186
641	1b6cd1891cd50ce84264887ddec2d422a3ee975fa0ac126a66f666d7a9e1e62d	6214
642	21f560fe7a7ef2885558729ae4f7e3f50e92b77b95409e2046ad181e0d8a2412	6215
643	aab8a084549802d640358da2c54848738831d8b5b404ad1fed4c332ac50be83d	6217
644	cf273474d228fe48586ece8ffd17ef2301b416790c92c73747cbbef7becb3ebc	6255
645	7fe1ff2137470920dc4d2a9808fb416145c48cd611545ee316d10b93738e98d4	6258
646	786392a0b12414321411556b846ae91cfa401ae76821dfc8a71335666f3f0685	6275
647	d6f63be9a1a73bfd10f59d5e7547fb29cd617d99def3ac2f381ac82650f20edf	6281
648	1994d98c057f67cc56bb6d19afe3bca6ef133fc444cd4c1aa09740a2142681fd	6293
649	eb65fc9660d28d06495ab7c403f34e2b538a381516a99e39607293dd6f6e21ea	6307
650	805e76a2f926112759c9893002279dcc3076edf328099c44a86d24b0ae6b2e50	6316
651	35e71ff2dfece377fa3f325451a0c5a0faf96407a9ad6c02b22885aba479cbc2	6323
652	469175866b2619ffd7595c6bd3cd6b17a449403074fd888719deb9817e69820a	6333
653	0e5223a93d6c6b9bf13451f63a1ced6f806f6cf801b3237eca5f31dc1058c755	6350
654	41bc53bcd65389a9346aef4277466e7e371cbf448ed94fae2dd41cd172e8c159	6358
655	6e62ef99da678ef88a57c5e80218b21f4482b1aa2d545e8dadf69be3bc5f6035	6366
656	33c973b5ecb4c7318b1b57a72a88c3f763f599df11a0345df7a1e7983e7e71a3	6369
657	f301d64a99803c50f82595cd2cde1b7edba43c4661e19e298007be3fca799493	6383
658	534ef95b07bbe6755c825002aafdc1e35c67a50342b4bc8dd340d4a323d3c847	6384
659	8101765a3ad78ae11780b25c2a6f1a6689994a00b266ea3aafe4b39dbdc62b3e	6385
660	8efda1a47e57310f4cba497140b00028431bc2c2a35fe9127e305d1e2312fd3d	6390
661	574f4c858c95bcf6c077bb2addc9e30830ced4da00f0f50a550de97e722e805e	6395
662	4e57b28a88a665cb12d31a9811b511ede0d7b9cb78dd3fd46d1e38860b4fe813	6397
663	c9c95e4c2c5a8ee45e4a70929a58d2246c1a1dd29adcb82891c41632d6e2aac3	6398
664	a09679023aca6b8060cfc14ec7b9f1423be996cd89a6705a7c1a95ddcb176907	6408
665	202d551069b2b816f11bef34ac4ffdd10f90b88c0934d2ed3fb16e5697234ff1	6412
666	4169e2ce9ac22cc0ca7e05083a9f74c87f398b9d886e0d70002f3a4227497042	6414
667	05573f8d9e26ee7bd523616efcd3a21222c62fa03493feeabba22483db9a8ab0	6416
668	9338263990b43720270b92be2cb4bc8a9a1fb47a44383d00df1360c73ca2d9b9	6428
669	3b32101dd0292b548b3fca7bca29197db1365285bfecb1f3378436f2bb448553	6437
670	f8d492c5f5942b141fffd18d1797fdf4213ff18ebe5d95d218a8151fd6c141c2	6476
671	00fdcb32ca3bbc6418dbabfd16fcbf63cd3b681a3068cc0afdc7604fb992747c	6482
672	e7983a02b109f62f72b3fdddb3956c9d507f613a257e819a8e4f796d2da89faf	6494
673	68052e8fc793b696ee928de45f6250e0411bec0085a9bdecf0749eb9cfd1b5ba	6495
674	945f2a4aa2dc90170a6cb3b8938b62db1401dd32926cb295b0a7118020c424ef	6503
675	399673a99c8f620f4a2ddd7ded5638920e97acba531620ef52f3c330fdb7b3b9	6522
676	ab52538a87ed8b5d283d5bcc89cffc73c3002493f9f3e2de91be668b357c4b31	6523
677	302ebdd8b0350c522c9b24f2995a84e41a59da470a4319e00b7b133282457e2f	6524
678	9d4b763b9c496f7c11940e744f136d46648912dae5eae532859290563ab55d11	6530
679	5511b1d54149987fcda4d45072101ef6e8d256d8255092707256482b06748d19	6550
680	57f77183442eb1d620adc9a3b878ffa9e75e0860a2f77a493377ba4b97a75a2a	6552
681	7f6026a73f1a86c8ff33487b51a43dfa7c4e6df27f14bd69fa010a9834b4ab8e	6555
682	7101588bc0b6209294ddcf35d61072fe97e95f32d8ca2457f74852f24a17e84e	6556
683	4f48a764a90d5bfe23e84e2aa8595778d1f5383e983f84270e3b85674db10c4a	6557
684	c85bb2dbcabed904b09c6581d45e95b9eb6a993d3446c8cb2fc86bf49877dcbd	6566
685	67fe982bee268f3ca7ae2309289b79218cd9e9ed2487a4d592af3f3dfa9bd6ae	6572
686	edbcb2aca282413e00d12d74277f16a6a25abbcdb8dbc4937d4b0c693c637d8e	6592
687	80a9a10d8cd0975f59425d139d923118e64443bb75b34a87a9325fa5b70569c7	6596
688	9465107953eeed98e03433182ad5db2b848ea2f988d3de65426317c6f7b98622	6611
689	911b0cab87efc10aaf9768a7462d818e2ad66c568cf855ea9adaf1c77749d3d9	6625
690	aad441a73fc1e0adff3aca5618fd900cc85950c888552bb7d482b3b2519bd9c7	6651
691	f4bc88953a08ed1fd6ba87f17b6c2bf9b91e33cc6c7386bfc4b155a8b625fb86	6681
692	765d9ada9af138d940138c8838c58c0d0008a4f3455818c73d7c8f1bea94b503	6688
693	23bb9b4e864756e04529a091e545ba79ee8b7216ec4f0c876d0c1dd15232612a	6689
694	c9c46b7c04e8ab5eb3cb16866eeb90bc6215fdbc652aae7b109df125ac97bb46	6690
695	5bfb6fe01b0e4e60d34f3f6e43fb640c3ab2aec4b522c6da1fe5a566bbba437c	6694
696	cf760d44a3e9612d77fccb9cb4516b36920911e6144d4730e1512fd3c51e04b4	6699
697	7243b4bd37bc71575083f65be37b3c607789918ac9f751acec13b9fa3e2f0dbd	6703
698	bdc54e2853974e5521b65f1cab1e9c608cf2af594b85711dfb4aeba718728cc3	6716
699	96bd5d6c4ca807360ce65266a04d9b420917d8fb4d01f21eb84b9751fcba420a	6731
700	79977ebaa97aa344d72e5b932ce4a195339269096685932acb0a2473483d2847	6732
701	5ba087e6b3ffe67b87eae9de5f6cfa2f3bcd1480cc2bb543d9feb7e13d7d68b3	6740
702	10de523ef8bc689ada5b9758d7efe38fe8491a8cb7401ff7967aae84ecaffeaf	6745
703	d30b80bc9d96595899ef19d9917f4f9a08ac89cadbf31ca862e67261efc5ba92	6784
704	825457cbd0ebd1e5c51d5dbc58d7af25ccd508bf632684b840181394cd09e559	6788
705	fac0b519160b15b0b289bbead5cc33c675ae09c60a6e2c73d40899f18fd0e8b1	6795
706	1c8c6ebf5af16f2969c12621347206cf24038119870f07061eda085b66b7969a	6797
707	cd5ee389b139a6a27a6324bd453b8aaf3789b43c25af6f7c5496833cb5869c6e	6799
708	27169725a735a43217bb4e30e2d4f73c99ba799fecd2c4fc96266482a6753c87	6801
709	4220eb112a1bbaac57201e83c181714a505955fb5a158fb0cfdcce1adade274f	6803
710	fb76b434667d59639c354c5c7e544d6daf2ae57f0c24d46ba6421a33a94117ea	6809
711	980bd5b96297b9ebe3eb796b5ad5e961a49caad8a1c1541b96f14b8144fb7db0	6817
712	333c7ca6e26678e365cbdfbaec7b6b64c3a30b94e455dc4b0808348f4b1263f3	6820
713	979a74bb513fd8270bd6106d1b8155c27ec5e68161cda830c4c5e2609567a00a	6826
714	36f572af8c71d76d546656d841b16bf2a9aa408edbde92634c8d5a2b6bde57e6	6830
715	10f6569e8549757e17c218ddfc9ab72d47336b099bd813e135282c56db78e72d	6835
716	07ce644567bc5d02e996fc0511c18b35ec86263ce8e627dffc4b87bfbc8927d8	6836
717	dc51f387a4f8d14a9b5bd2a00e9e4e3a0cc54ca1888e23b76dd3404baf5160d7	6840
718	1485a351bd72a9a60be91075c54c2cdf1ffd727c7ca9ac6f9380d2e266180986	6847
719	0d2f1ca1c0f77854eb86a7d3b2630b1cab7bbd25abb6cf583c3d9d1a052b18d7	6851
720	eb5d9c11a565ce6bdf3691f2eb08c776db3d478e2526bbe9b6c836d57928c98d	6855
721	cb6f9b4552fc6deb28af0f14074804dc5d5b61614854d28f8bba35d3afab4f88	6856
722	efcb4e0b491a9bcb069dce74395c4e1bec8e869fca284805cb1b2387fdba12d6	6868
723	2b4c073dcf4537bc1d856d1a1a1ca7f14c50d6b8b9488a2e1b278f04373b9226	6877
724	de7c6698f126540138e3a499bb8a2dfc02c8a1d9f96220c8f94805fcc99752f1	6883
725	db5c5bd19b227146350f2b6b0f5fd5b4384b3d3e840264f74aea549943a72362	6885
726	24789f5d5a636cf091e6b5a8617a24de8b6333da79afef335e4e705caf607988	6888
727	2324b878a448bf415161dab405c77052a1042faa47f2854033fae2a192fd3dae	6889
728	d5d55ec044133bc13e3f974f2c6e67375a9e1baace3b4241577e010564b8bad1	6907
729	3727c5e081bbc6a59f57a0f27c7091bd29a54c86ff9d6153a45470e5ec904ad9	6938
730	0e8adf34134ade7c603095e6d96c430d7beab840dfabb962eb8dc0e3894ccf9f	6941
731	ad1ad8a9b4d9a1fdf2307b4cc8cf021207266d59b3e130b47b4d5d9c1b536e36	6952
732	9df8d3752f9d3503ad2d8dff812e591ff18f422472b61432a1e3866dfecf6361	6957
733	6b8da084025fc9022d805deb991419b82bb50807d2b22c8cbb4a5811619115ac	6973
734	59b33bd0d66539c7554190f803e7347e90d347cf5a84022fa0c95c2dfe3d6147	6984
735	e7e5d68d3b9e36379d7387fe1f5a41289b939033563fe3de8eb0bc30d957d0e4	6992
736	586098f7889fce70009fbfd1e8a7ff640f8a89b4f48000d9701ba0d604facd0f	7003
737	00f33aaa6e0d6e67ebcc28066db58c6bc83173d854ac22404649eeece34c9ef7	7009
738	5c2b5de07687cdf89f23c8fe132e56816b7000f9c8257dc6d47a0d9e257cc76b	7024
739	c72b0925e2bd2767f6269b864b9dcde03cfd0b54f6ffb069b5b0e56bfc9a88fa	7026
740	be650735740908a4e28acb65834c1eaa468503179f4917de977fa5639cb9ce2f	7039
741	c942ecd322f81545d3fe6d664fb183710968eeda71485848620eee8548b3ffbb	7071
742	b5f8f4f9e51ba63b064ee61d79f7a3936008af31b1cd04ea1f358f3719bd37b2	7089
743	e3bb074039faa9013d65a2852bdb2673bdb477e8f9f9e28f5b7cb8606ce81696	7096
744	5020a6594abad1d35cba4f19d3533bb5727675ccaf0bcb3c44c277e3d37cafb0	7104
745	b97d6adc40bdddb3d89033ea35607413ae8f3ed3a9c7e80850ac6b55b23046f7	7105
746	d437a413af9a3e7b8d0a1595f3cc2204b97cd0e7093460988c3277084e19b1c9	7113
747	24907fbd91b0f074bcca60f3d5f42019aec9d5721d18be0f0b2b25fe7882b0a0	7117
748	b2cbe506196f3425de961560134968ec371ab9b85f0ef40cd9dad70f58968a62	7122
749	5c741848fa9644003facd0734f3ca5fbd2ce5398ecafd570d698942d45423e09	7131
750	2e99db9eec86287e43b0c47391605d869420f7952a6cce10fc534acaf6462cfe	7136
751	a772872a9e8fcb1c72afd63d39b9af851589b10f2b0dd78c5056172b54a58ce3	7140
752	1a229f174784b3495616f6db875b03ffc24d104003ea294af681e0e15e093168	7153
753	228338af7ff4d8db29cd5aa389c0eb8d56a94b7703a57e249edec1ccd47ee378	7159
754	22068572439bd185f6e6cce24f496809f494c1c5410252399b901d5a1c7956b0	7171
755	7d464cbcceb0b547a1bcf9701a98d86178bfbda8f891f700d8626be3954d96a1	7172
756	0a4674e73a185ac70de61d45c9296d9752ee9117e07367efb4463275db4846c2	7175
757	bdc01d9709189fcd18debfe76de07f411e14b2ea2efb21f339a8ac08dce58190	7204
758	f06f421eaac7fa0b0f292b00a7d0522f325b4220844b454bee7f74f75c55e00d	7213
759	bbe0dff7081e69578edfc4259bd2adfaa1bcbe78022c5d1254b62d6d11fa03f0	7235
760	4fb7e3c1a2e135fa87a6efdb5e41894ea11b48c081478ab38db70e9d1fdd42ec	7246
761	b9cc6e2a0bbe85daa6b25453f6c97107c0fdf2e14781fd10259a1871340f4da7	7248
762	c0fea15f0dc1aa138c8ba70293550061a37345f70f37ede6e998044cd29300e4	7255
763	178f85a102363821c54f99e5ed2327a16a948ca23ebbc2372fd712372553129b	7261
764	c7773f7cf9bae4c510ca1f3338a65f76d89242bd7b9162325adfce432cf91ee9	7275
765	02b0b04f37145f6c2da6ddeaf2b44c5d84c6344d018f14f5ab65a5e6f19e979b	7290
766	4916661bc371142e1faf971c26ac318686afc004041607af5cceceaf982bff9c	7295
767	45f365ffcd25ade4da31601a181c53bf393be2d5f234382895eb13c31aeee925	7304
768	6b064213e3f0a3e988d00c1e20ecd92ffe80e748a7c09aacb7bdf66b4313c790	7325
769	bf9f175a9dfc1fd42738c8178a2ba4d1ccf18c19e1457c2769017fda263d3dd5	7332
770	0a059219d3162e1348ed621f514c62d45e9242bfaf6397d7b02309204d516b8e	7340
771	aac517f08df2ca820c399b96c5df47bf23d72f7c8cb21b8b389265fda7003780	7358
772	1e89b47b529dec093b64174ac281f48d6e6fc1304c4f5c9b4245357ebf8541dc	7363
773	6fa1cf238f56ba5d068cbbd72138729bb2d43e2f10dd427a1cb6457f4b39607d	7386
774	932a7462e865e10a15117263c06f054813916b19af6f54b186861133bde1a9c4	7387
775	429d371ae83f165b2845c1b307f44bec6484ba9cf20af76314acdc0b2c963585	7402
776	424726b5347d347d0ac09b2d3b26456bd1520b76b899fa3eb0db2aefd05b4ecb	7415
777	c0c154847b4402b320e7e3f712eb6876086d7a6ea0c853360fa1376e61fd7d4a	7418
778	f7a987556f7aab044e41a7f0a9e04540ad6ef1b1e5a94e9cad8bf2e35ca8b0ef	7421
779	b6e34003226ef810c695522180f1a309b3ea6310ea34a4667d3c79165ab6396a	7428
780	ff080355d91993238365bafddd35e64f9905cd04db5433dfba85a2b3bf05975c	7433
781	aa913978d5fb3e624b2d78098074b964943ff82c5bdb4e6b924bdfc826bad7b9	7436
782	f3c45f2171ce76dce4f529e9274b6b872aafa6868cc096dd7ebed9c48457e03e	7471
783	791a841545df0a43e391ed3b43ec7e5576e90909bd28119ac9fbc60f3082b7bd	7477
784	0fa29971a49ee02b398aebac43151306d52ccd934f4d020b49332dd8f55e1020	7486
785	9365774ef7a54c98b40d1ddc5cf021fe66868ec548d00d0837c1b8b27bb00fcb	7490
786	97ff3ce99a3a0b8e6aaf338dfab2c9b461b863c16f8a3bba67256bcc34f7fe5f	7499
787	fc5f07b7f24c19fa5a6c86ba0298aa464794906f2e567e8191be406974b06225	7526
788	921e0c5bc6819b83ded65e547d48728c33fa67a9d3832320ff8cd1ab7d515ba3	7528
789	84f632bf89eb307801f396ec6dd836696ab9c12e5e8a81f3e9ef134ffcf05354	7539
790	7e865467a4a474ea08327bf3e94bc15dae169c79df7e618c31b36fa2fd224581	7577
791	d5b67d4bebcff79ab5c2a4271ac69bd2dd6c33a9ca9fc25932eb5e36607b0dc5	7603
792	abf6a58509f50b0610816774bca01253ede0630aa9de25a59e7866818cfe42e0	7627
793	baf43f6d28366196fa25373cfe03377721b7a9955b1a2ba5e569435a46a4b541	7638
794	67ac00d8fe8a17b36e3abf7d6a4a5e21c31bc5ed0d331ff1a98d91ef7f64595c	7642
795	de23b17338ee85ee5f09795174e441c6dc71b2b1570051a8074246747ccc42a0	7669
796	6917ffd5b2f203a6a4c1efc453eba9fcc5264f45bf8636ea99fc786c8484acf0	7713
797	11137d5038966f26d8e1d8e0d5b9b63bcf686801865e7bb47ca3083c655c203c	7723
798	20613a0c2894d0c9b472f8c7ff6f57b9854986f139f864652e826ae63392ea64	7732
799	1aa5546ec897ff59933ab93411b5e62795d8191cc69f06eb577d813810ad5d8b	7734
800	73b00e5f3c129ebd877c2cd14307c018506aa8f4e0ee61345f64cb5020d8e186	7768
801	d93241050e67e7a802ae268c8b053d620b532bae71fa81fb3622510e75149b97	7782
802	746f8445eb5aea64a99020edee68b56544694550c174896e744c89f1f74d6fd0	7784
803	9a7d402b2343aa695513c23b17ddde44e3a52b6f8449076e040fe91188084abd	7790
804	f1e83973364aaaf69e22df4a76994f4c96e439e787ea8881e111e939a5225617	7797
805	907c9ac9915b359f435e84e82d4cd1b45755cfd51c5baaa99c76ef218597d535	7799
806	57eae0235adbeed92da0dbfcb06be97add79144e436d8d0082bdd6a2270ddde4	7808
807	fc606961bb3a6f5e07377047e52f97071b401eeda77ecd0ee716a7133ad3203f	7814
808	7e2c474924e46a30a037c65cff443caaa6feef54650b713223c2fb49d2980de5	7838
809	b8930a39c89b7f88012234d9d2ed787d9871d6f492626dce4889b27f8b49cb82	7843
810	9123c0d32e333d62e41aaac5604175b6487539edb0b40878f23c8f2ab1992bbc	7851
811	9696a62f9a353e21653b128612dfe4c0ddb8c8062cad67be58253ca57c00c41f	7863
812	08f6d542389bb12effd32e9555ad451dd55ec6af9dc37cc445e1b22919919a42	7876
813	8039553e5f92d8e15a52cb8ee85d75e9016ebd536148c2831155a4cdaeabbae3	7920
814	47fce013d23d8d3fac030d71b7921889673f154b1913b9dc9d9f6022a68cedbf	7959
815	81025cddf5563eab92d4b8885e4f6ac56a8c47eff8c16f9d1a11ef3ef6dd6eb1	7964
816	c8f0aafa4313465d0e406e81e6e7661d40b5c50cb97219a6487f47dc229ac46a	7965
817	abdf4554229b623730735faca993a476d4ba0fedade8beb9241782b4659e8af2	7980
818	4bce0095391c62f6841669056ecf53c6f7e7059705623e0e0525c9c2ee5473eb	7996
819	460337910bd42502726bda2a2d06400edc56f602b6a8a128ec686e72e995056b	8010
820	0a2e42700d99d5d69346adf5d73bf1f9cbf67a0ab4efa4e848125e5ea7a66c20	8018
821	7c501a99df8673a39711768867c642dd352fec2349d94dc6d5a06eb21724e7c9	8026
822	23edfd2942e7a63e3f20fde55501ff3e1b1284ea8c68a788601764907267fac5	8043
823	d556d4ad53fe28223784960559042c454d34fa0dd288bb5d20c15aaa94505e57	8053
824	5f34a4acf1840aa8e8d9a6cb97d2dfc17b0a635c1b45fb283494c70a24876735	8068
825	299d8b13ed30aba0c9a9d3ba88510f87f4643087da478b9d61d2d4835b7494c4	8071
826	71ad74e8f3604b67513cb881bc3d5b5d1028d3db4b6f22215952be2ef83648e9	8083
827	42ba62257805e72d780a156d813c4e4d80f9e54247ed88728237f338b22b01f0	8118
828	042ab37b3651d688d4cf55b4496ccf755d2f4effd0509e0a27a7625d27e033d1	8126
829	abc3bcafec313c39fc152401d394e9d1197fec1705eabeba9b0e13be49115d39	8132
830	409bfa7bf9e2f0f8e36b099da9294883749c1c77b599804953e95560c1f61035	8138
831	ceeb7e4d8643721bed8ee3e903d4138fbd573835119e09769501bebf988ca905	8139
832	71a1095d3da0ffe0a560892234d0c6c519f76da043b6569ef1564549243e9e45	8165
833	bb0cae3c2f2061e2f5d2e86ac2fd21135cd85b25f506f3791fb8f6fa9f25db1c	8171
834	d8f622f64c04b82740c8c36d3269c33c6d1312ec8920bd65d713ff15552ff72e	8179
835	02e90523e731ee68d008c563f5ad0bc8bc597d89dde1eb0b5962e7967e1ab4eb	8187
836	77959626de9ce3d46f31f5259938b70f18ada404ad3e92da4e50b9e9f0764664	8189
837	52fe4f49021c5e7ff0fd836b6083d96f7a7a3817491c6c3695b290efdde5a708	8192
838	8914daa78ea9768ce23fb77240082a1c55c2e8663808090fa0bfb9b1a6969cf2	8197
839	7e47273ccae0c71540738021012777e3f4948d0ae9b0dd50a903e51bc4231a31	8216
840	17c49412b8b09665520f44df0299fc37eb8f16689a53918e8620ef34f79f078d	8221
841	a99775a40e377418ba82eb43ae0e3ea76edd9f8159c5961afe6ff4d11bc4fed4	8234
842	cb2910930a9d3ff7ec359711eaef3353ba4937006f9d384452a970b5daaa8ee3	8238
843	b6e0fa21031c6b9091592eb2078582f58bc42ceae7eed4010ccd11231c19b4bb	8241
844	66cb05199839affcddb78f19c9dd9a96ed97bb0f0ab0ea2fae0c13d57b3f7d78	8253
845	5f1bebb6143e84d3dcaa432a8bf66b2cd81aac914c63efd35d556645b77bb21d	8254
846	496a3bc10cbe4f3c3229da88b21cf285820eacd9c12fc4aa76bfe87617933e4a	8263
847	0ac3d95528256cffc6bbd363d0ad5f11efbb49cd6bafcf17b87199dcd084d9a5	8273
848	6e154750ccf864e74dbbd3a621cfde0dd8c9f9851d2bbca4a2c8960ad103b096	8293
849	c2a895ca2f6f3a405f1ecaeda6f309854e5cb812abbd82cd3b6ca45b78c46f8b	8294
850	0ab41255ea679f80d1db68802717674d3bb9f3ecfc7c95a1179f9918a6dac44a	8303
851	9eac74cb8c39b21551be13f33e5d2156d6f4c8d5b96ac8e11be9690345077572	8308
852	684239a5c6f6ffda0748a11cb24a15a56ffc905c5b5faa7bb14086eeb857a7d0	8314
853	e5ce05c9cbb1c3082d51cf20482d89373b976e39a84d94310049a313cc2aa529	8329
854	015ac07096f4dfb8c90bd02c104d6c7c2aa57d555a75d7484cfc652b521c5b7d	8335
855	d1d6669b83a7a63ae77edd94b1dcfb11dc7879718d1c20c2585be2d07413b8b4	8338
856	1113cf2833460004dfcd0f056dbac3a2ac765ed3b66b323b31fd86cb8ef311fc	8344
857	27fab60f8e18a98a7d0ccc146834e7912c9947eaeb3385ccc88bdee55f00375c	8357
858	823864151ad29a36141e5f3d8b58d8d0692a6147d4e888bdf4a4706e3280506a	8364
859	f6eb2690a9726053ae1484d850bd780b3142bf942f080874fe91d637370735e0	8365
860	2f1322a54936e3cad2d09e7f2ac0d57da873257f6daeeb9ee252bf1f8da00e3d	8366
861	508f19ebe6473ce752303dccfb1e83d891e0a679ec5615c80a5f939fbe304837	8372
862	050c2302d5f631c1fec4eafd1157f615047b3e4457abd7b773ccd8961126cfaa	8384
863	7232bd016934facd36760b7c8c2c65b2d27802f413b275ef1d2b6d9eb79e70c7	8395
864	aafd3d10a73ebfb09d67633d9fd9c170fb8edb300e485cf3f793897eaaab80bd	8401
865	b1b9b420f0cd3ab43203e895c11d0d11911c80fe9c5f4893d3f4d7f002df2b02	8413
866	42c0eb27c84c9c5b2b6c4980415e49052da664e7f9f10d86f033a3e0adb59bd0	8423
867	187e6f69ee0dd8075a2a0ec302428b63d64774b59a50a17b187f563ddfa93f6f	8432
868	971e517a4c58907d63709a105f55a77f12b391ed7793d3c9e1d2824dd00107a3	8437
869	716b51bf3b732c9111b8317a0de143b57c3f9626860d2656ea45aafe4bf96297	8448
870	c76066dce444733f2d7ade8291b74ced48be63b1cfcfa49591a57b1e7872673d	8455
871	9eb31e0626c3afc07f414a20f907dbb950de9e5abb299d0548294016e9a259ef	8492
872	84301e39014dd2ab96c7e09d3ad3ad0ad1209f9e483815668c5cc8dc557f778d	8497
873	f8899c7deca3171df10842177cfff9aa720a38ad7fccca3de485830fb5133f98	8526
874	e7383d95d2bdb2f49db65834189c909ae6624bc2434632ce241bd80aa918dab6	8539
875	8f3eedc25fcc0e4766fb9aa0dd84f7c1184dc69771f653a3acc346c722d06cf6	8552
876	4d3ef029fb6af9c97f63817af5cefd1060ab99817060553a37026fef83372ac6	8569
877	3a6ed94b3216f491d0ff1242247c8efd79e3d29ffcdaae3027d6492c67f8165b	8579
878	2523055f508c4c5d6db0c3251f9985bec88d16c4fc469012ed71332e8f52e0ae	8592
879	4394e4706bdabe01576f76685f0ded58c15e2ee204c0929a0941165c7938ef3a	8594
880	67f64581a0f677b8429d7f420da75b964ed80176dd2b3784f8506c119a4a2287	8595
881	d539633b5830505f85c7929fcac7856da75636e77a4e600a2c0da76f296edc6c	8596
882	6256a32184d8cd86cdd66c35e77fb8055551c19d3f6ee5e4f78ee18566a5c5af	8605
883	9a4a4114fcd1475ea6ef9cfb100d63edfc26872346b1ad37e4993ed6b277b661	8617
884	db6cbf99cabac2f2e6fd7da74866881f77618544f1092620af9105eff9c7e9c4	8619
885	5e7c6885662c7341e2015a1393ca6119c610ee09addfc6a5ce074b1ce32266e2	8631
886	fc850213a77e7de91ec902fdf999e2c26c17c39dbc69d4561ca3c5c8e38c317a	8638
887	6af9974c1742b73158bdae47b5928724dd65686504683f3dd9a9ea7a0c1b5e53	8660
888	5416a53f098df206a2cec3026f83667caf6cbe42c50a1241656022a753874597	8665
889	46cb7638fb3e905a968e3a197ada4e221ffad2d032f6e24f8df3bc9a251a5946	8683
890	1e742a4c6732c5bb8e6ee4ffd02dccd0e0e7d9b23bf5c398a08a926a63af88fb	8700
891	91c5f0e7db9e980dff16aea4157ccbbecb7deeec2747b110179dae24436aa985	8702
892	3892bb65f59635f0da0201e1c2202bd617382b8e57495d3a9f54dd40b25fb378	8715
893	43729f7021ba25c3797f29f9b225951e76144b34676e14793d1624806c5ffd06	8740
894	afdffc93f3f818a37dcf859da69c9ad3521de44a2751b125920406e257ea09f5	8742
895	53e736c2f0d21e7e270cfad6b02fda7648255255f75893235157f00f03340bde	8743
896	bceec195fb977ea14b20ac61f3a70a50b9a483f76dfc920ea20929b82fc2c099	8748
897	ad159a1102f7a76de3cd8191a7eed519c428bd4911d743d4a42e6607b195df7b	8757
898	55b97e9785cff21c8d04f450651f7d8abfbc7ec5c88670eae6e72aa3d51732c3	8762
899	a845e2d09585931712db7d00e90da928e682ff20860fd23e7a340cb299460eff	8771
900	a5834a8f45013d492955744fac6c78955eba7d1e5cae59cd4dd4714c5a177323	8779
901	0eea89ca366350d4c7c933d0ba0bade083262096cf5fbd3ae936c24a9e094850	8790
902	44d940a76537ab9e875cbfed2d60616ce6f2e4916c1c32f05e7c350814603250	8797
903	91475d027b4a5bda10824080271be118fab3c48a0115c5a74f91a0ac970d86f9	8806
904	07a0ceab0421ee037be1bf7575d93296ef6aba703d4917058bb0d872e483f7d9	8818
905	818f470d3951c3e86d93581e9859c8309948df45395ec21123da2a63d80c8b52	8826
906	9df479347b8ad1d62a1623e40a8a5f93ccf998bb706853dce83723ce71b4808a	8845
907	670e0f353a63355055d5da558c489a51337f009845228624dd9af89830ee68f3	8846
908	62a5c31c13ccc25fffa0cb59387899a9fc0c9db093796bb543485ee4e3fad43a	8869
909	71e1fdb8adb88124a7954edf07f0346981cfd2a9e854871324e904335747d492	8872
910	6a2668d46d023294b6891414f1ff435c5440412c45862649a10e7482d5cdc323	8895
911	dccd922fc0aac8195d9291b477bcabffb0e5702ea9539c084800743085ec1bc3	8897
912	870be5f6e196fb6c4a26a664429f61d796ce2f325f8b97712290a15e7f5d5cd9	8906
913	f9f0c6a7cd49af21063e21bd67f1f4cf2d93a8ed451d65a3c66ecd05f6c83aa8	8920
914	18a13dd6d253be577407a9514d01025986eede25abb0fc15ae1567a604d504be	8922
915	44979b8296aca8d6793b965af112fb44939e86c1f8918ec0bd97b5cd0aadc11a	8942
916	452dfa57501e3dbb36d3982af8ab1c06cdee629461c0f24d29eec9d1f5c37309	8980
917	2a91c3c0b1d95076978f1d44e9591e96a34a5aba36f06529803e82f16a6d6bba	8982
918	2ccb4fc1b168f6958d97931985bf197297c7a673497ce355711e88b1a34b8d73	9011
919	95af9906cb7fd3e993910742c8946e087a63d64aae66180666e6594d845c7bae	9015
920	74e927c649cf14e1114b0e39645840d3d68c053dacf9bf500baef3a3b09d7035	9025
921	1f7d89c08302dfe856e9d95b0d4f9801bc3708f0d95b5649a338216c8368f049	9026
922	e9ac8aa743e883f7d0dcf6fe8915b8940138130aecb7cd7d247870c6e8fa068e	9027
923	e741b40f2bd7022edb9c9b6df1f5c4a182793624c8532de7fdc397a3d51bc04d	9033
924	37fd8cc420f9136c9ea5e60bcb6fbcb605fd9cf196823f4cd1621bf5805e39c2	9038
925	0bd48054085450a1acea38b389e151d92f1fd9647e016c36eeae86e9d4acc1f5	9045
926	b8b9b3603e9db056d784d9331ca2c6d0d90f6236cd3d041d2e1ba6f1ad9a86ae	9049
927	4a7dcc40bb2b449b4256e9c9c133cae56ccc5a925c0bbc6fcbbaeb144cc32373	9065
928	0327dde7164db4b38f5daae3ded8bfe228dc1124182d9f365a8d6dc1c57d1116	9070
929	a8c2c0a7927e952a4614e6431de89093063e7ea269d78351e91967451d3a04a2	9077
930	c16625c925e74f30e492700b8052467545b2f067d15f99f1df6e6878dcc93df9	9081
931	4725bee21cba8d65d138f934149861e416dd3a82612d8f3a6a1b02ba65215102	9098
932	1eb35ff1a41bd03c72048cd88363815af634c4ad499ffa5eb0dbd586d38a6d2e	9109
933	b535a83c759e851097b56fc7c797b46cf2d6aa5603ff85d7ad4eaabf1e903f8d	9124
934	e56c4007ae3ecf246087290b98dbfc9a836cee9a89d592c09bba56c353234a93	9129
935	c234d2a611175f09a66614924a15e9106d46cdcc5571518f2aa6053a1ca2945d	9133
936	8ac71910827efcb40da439b3297ce48ba3cd7923bc316cb9307eb539a5cc770a	9139
937	3509a14bfcacb8591831b700cf3d8e552a727c62e3f77a1bf5e1cce924924cdf	9153
938	5f25d677f9ac1b2be3926fd5a07b5a5b1b16277c66eb10b1a7d689768d04871d	9164
939	24fbcdec0020412e0e4786995a7447dc97914a24bb3ecd742d0038ca4647062f	9182
940	7f1612067f89b42b353e03a1a40982451e56e76a97351f9fd6fb4a18fce72e19	9189
941	05868a736f80ccc7909f5da09a7167f84c10a3c28905a01aadc57a022287e426	9192
942	92bb2c7083e7f122a2f96605ddc50adb679de74d5b702c028771f69151b5201d	9203
943	4d970868edd25dcec087b7050c87a798f5ffed9f33be9968128ed4b8956bdfda	9219
944	0c62ebde5dda7f1711f6df58c16f7e98e889ccd77adf4d319a772b0b30a00998	9264
945	7493ad49d3b5dda9dc6ce38a8f8028408708dcfc961c63be2982937c222fc2c7	9269
946	b466cb2b52e930028e41045e1197210aa19e467b77867f4769d75ca4aa18e287	9277
947	c00c2c18cc73dcc4dfefc35492646ce7a5087bcc9e9837daa73684180f155fa9	9287
948	2ed7d398574fa0e51871730833c3645b0e0217bb20d7d14cc52630c751b1f876	9289
949	111474aa08e95c242c9cc89b5f8d6559f0cfc551ad856d023b2b433096791187	9290
950	6b6879fa5991d9864990eefc48588195db73c6ceb1363d13d8e7de5c755d10b5	9291
951	bf27bdb3c00f8551735afd6cc7a9595c4c892de008935f1ce0decd5f9c4eb981	9295
952	f7fe781ef1a7b6a3669dbd3e0a48abe1e1718229000f941d22d24307ced0f732	9306
953	9d566c650244647575fb53c170ff1467ea547736fcc43fb012237ec927f7dd5b	9308
954	6828f1f51c4634fc00a95d48b494b14103b54d4d5f538374adc376aedd9de7af	9309
955	872ac69367449d96cbd3e4245c1314289866dc96d050700e4778fa4776efa356	9310
956	348d402d47b938a899bbbc3eacdb2151a969b5d6facce5dc68dd503d13a09fac	9315
957	f3e208572f2a04fa7922ec8637215894ddf0b683da03eb670c2f7e4a8b8c21a6	9324
958	ab219b9b4b973122e66c85c87d3881d0880fc032fce8c02c37c98b9c8149ec83	9325
959	7ca694cb938b2b9a9a9209e41ac3dd57cec1629b72f6ab456d961d944f206af4	9330
960	75adce21f14ab27cf948e8abfe2f088918b0f2341da6c93c9fa450878dd43f23	9331
961	955976d7bb286eb7dfd73d43fb1602bb31d0ef5040f788411ee4023c718bd1b2	9338
962	38d46a4e9061d66f456996a58c55226c62014d507d95bac1f97695bde104b3e7	9345
963	1f2b83463b9ee155242cacd62fe75cae92e69bfe4248bf8363670ebaef1d599a	9348
964	5be9f1955f20b0b733d9c68ed9520a55fd9922146606cb5a08153f1a137be0a1	9356
965	414712ee933ef08470e26a16138839de0ba345cdb33b023799e598f691109548	9364
966	7130c0b9f13a57b7ac3f38b83942ac72c6cd1ce7cb7184a1abe52ac7f17cbb7d	9365
967	c488975e886f451e8f19394a4a8a8d093ff095dc558c6d6ac41b4639f01a9fc1	9372
968	b732dc4dcce22bcd52fadddc762a5f8f7250e54fe9501f5b86ff6138be4c8446	9374
969	b80f2db0c959cc73870e4d17d2d68a696530d19743765bfb380d0d826cccc932	9397
970	68485b22e8cecc3ca9fa8d27b0281d956c2f13059c885841055b8ef8768b995c	9403
971	225138c6f858d0f7ef7f5d7e0a1af7bd921038aa60cf88c6cd16f9c76e66fce3	9405
972	5a0789325b1b0f03460f1458912bd4b236dc63d9ee9820356716a2093e4427e8	9406
973	1b943189aebf8c257611ab34d325cf359b89c52dfcfc4e33fb819fb6a7add4f3	9409
974	2619fcbd1bc54ec5ac89e06cd814e2200035cb0afa1c99fb304d3a2c52d04fb5	9410
975	6ad50e8b18e3c26a9a44eb9eeaec94fee218409ae16d47c5ea660386516d5a27	9428
976	cd461033a7c6a79e7d2fbbafb7e991f3eeee64282a643bdf7f90fa993faf4879	9431
977	852ac392aa9afc2880e4458b3bf8aec195b7246bc9c318e0321625fcbf145b5c	9440
978	c0d03944a2101653468fd297ba93c3183f1d4e4520fcd657591d43c6d6f5c211	9451
979	7977c643c2a6fe38a7cee07eb63e51d15013291f6dd6c84ec2c15d6e2e306c07	9485
980	db051041ba4d106f37ac85d0d0b8e51c6e3b93b6c9299a3767dbc6a04732d258	9504
981	c6683b2daaa7ef9522038b89cf0663835a38eeddb4db9eb466ee9c241511b62d	9524
982	fe2e6c41239ad4038f78254dceb81d735df61bd85b91b60966653ab12eed0272	9530
983	14905b12d0e4dbf4a6d1b6d905fe82da6640e56bda38837595721f7205e691c6	9533
984	66539c935dac4399946fa7571ed135704bca42a4a985a8803de6c79ab4f574c6	9536
985	1047cb241ccebe3643857ec4bd9cc373fa551668f4df8267ed61f421a9cc5bf5	9538
986	24d03e11c8d155878ca32be8a2c9d5006d111c99b70df8e29b4596cb21a71bce	9539
987	00db30ee9d76cf1926064d74101015f797863f38f27191c11d207baa06736001	9542
988	958d4c4088c5388cf98e4474bf59d7e0c01703d4c8eee3e4713e728881eeadcf	9543
989	08cf6d5a2d04b1ff1481dab3eb7c67426711bee35110b97ef82194d67f0b5628	9567
990	174e515cb153ef7f9a41ee287176adf1ba8bac58dadf7bd8c52ae4861529eb3e	9569
991	cb5a54f8abcfc5cb18123af0c1d3ad0121fc0879e08237c28428a7d6bb9a0a08	9575
992	f32ae319b0a80f7dc898e80cbdbd316fccf1fe1496300a30a0e81bbb68ba52e7	9592
993	62abf7813d0ba7c83ef0a6ec9dad0644903a1b82da72dab56f0dac642bf2e3a9	9597
994	b7de434577cfcd73d63a65081cbea7aaba93335366c163b8bf31cf88902ba61b	9634
995	cd14e706ced3064584ac1d98fc423a264d8ccab8473265cac3f7dc7ec09d0a45	9639
996	f82287c8c349d9d2b97a564138fd0b96b37121b7b37cc4ffd3da9c64d067ec5b	9645
997	aa5f5336c0a5d37ac70346ca18c79d4916af0405cc6fa0fbefc83d8fb81458c4	9650
998	1e6bdab291ad2a6af1c42b9fbc4d3dda3a1dfc09babe3a8ee45fa01a8695cde7	9653
999	8dbc38d82a27e6472ecd7859160ec248ae5cef3ba0419e35ee503d3374e687f2	9654
1000	18d5e93ad93932a10bcde5b499a39d8449822db4d9eac152efbd8d7ca3e613e1	9674
1001	035d3be0ef128dbaadfe92b9c0de2345cc5a80a68e46a75be0cf6452771d9783	9712
1002	417cafe621e3bf02fcb72020978c2eebb096b18fa4e07dce11f2fe2cd2cb37d6	9713
1003	c00dd07b484f502403a1e251482929f31952c9b4bf601dc48d782a4ac1e3d96c	9724
1004	afb2edfbe4dcfb78a1ec06f63111c1e3238b735907cb3cc0743d87971305f5ce	9728
1005	e1f821876a06950dd428a714f29691b4594f6fbb873c2fa7f0636898cd8caf1e	9730
1006	9aaa2526294c2c5175d48124ec59c562793e13afcbfa6aa9f1961b8b58e451a3	9743
1007	b298464c373ebc4e49a9010d8df40bbb028f9af02b166c89f396a6ff1c660f92	9751
1008	68515970c1130b00998660f0197bb10c89e77d748a15c31ac6cf650b1b8c61e6	9756
1009	4f1aac3d9d1ba2e5a51ca5608bcf800be4c97bd480af953a9a4dba527fe83cca	9760
1010	2f61cbf1685cba621d79b601416aca7138230e2a5c6db1515ff5cad130aedd69	9778
1011	b68b211739a4466b28d2d54914f5622467c2dee136d2227eb14100d919a50789	9788
1012	a563208c2cd9293a2f17a1573c4a93d1db2b3c65e8511f268c7af44ff33e2ff2	9812
1013	4cd0b0c516e37723900bd87ba2543ea97301b8c3f525649e93d92c52ef2ffc70	9824
1014	c995c999eca6b66f1260008dd690d5822117fd8a760291458203b6abab5c6642	9843
1015	d9125a4ce49970f77c4527f54600372ae58f30fa349dd92e943b1e0469636dd0	9868
1016	4c0cd2c22d62211a0c9d7cc22c2d37249b2b129b4d715b6a2b9ad211f5276a2f	9882
1017	eb7e530b934f43227450dec9a7dfa1dc8b889b282fc6195ce0bac2e6546c333b	9886
1018	005e5924184b6ce0cc4ab56fb97d81e89de679e7ad96cc1ff70637bc43493710	9900
1019	41f5a64f0b83cd13c1dbc1c2655aa15346ee93107ef4e3d4e69f49fd9c5e21bc	9901
1020	65e383b4f26caf6e7c5ad6a1f6cf0a7a2fb21e631c081e7b973ac153fb10a13c	9903
1021	cf88a823b467ebe9f01efcd4ed06559d4b436f8a1c7b6edd35af6b6bae193343	9905
1022	8d68f4602753b89c71ea2c95dcb9d3b59f4833636e7dcaec297ea62e41960ae2	9909
1023	4ea7153bf64c1063771cf9942b4598d034ef92a94a5c52221b7122b331d3ae67	9910
1024	fb0e95c376ebdfb42ac9e7b72616cfcdbe83cb2fce2fcd07851cb98698bb57c4	9919
1025	eae2af7000c65f68a124c781bdbd101bb558c8539e84a0121fa26a8e62000415	9972
1026	ebb13f4fd7648fa93a0653f5f59e37d2fddae454268124450383547c3c6505a8	10015
1027	da1da10d1a8fc59dda06526548b09f22ae9ee5544a5d4fa72c098f668d1814b5	10037
1028	df3923e57728f22c81c10fdbfa6a2ff4269f6867b3d89872e71ee810c41d577f	10041
1029	f5f7dcc493e5fe71c7dec80baa168a3db28d233a1fc3df72010573fb65fc93f3	10045
1030	56fdf85444facd83ec84f3c27822013794e98657fb47c5380628abfa125c544b	10054
1031	778148b96d3c3288c1af4d5374dcf77430cc241dc915d5fc790e93f80905a435	10061
1032	7b410eeaecb44ad9c46021f7453bcfc6334b397ceaac90592a5cbac80e6004ab	10065
1033	6a45f109a3703b7174639b8a68833fd1f6b8f939427a9d0384b1a1e8a1dd16a5	10075
1034	841b6745e7a09e066dbc713d3675ca5bded1bbc244cb72dd6ba877a99714b189	10084
1035	fadd5069f48d3ca3277f17cef721220ca9caa082d2f0217160cfe4f98b0267c5	10098
1036	87bd2c89a546ef8eab4992a6d80a056bac3b4ae826aef3c63cba6dc40b8c7ad4	10101
1037	2d985be6a5b5b225bc521b31bcbf849c5d8e1847425d8c0e7de85235a5991057	10123
1038	8696587f191721c1a59a65649f03839c1c645e1b90ffd455f37cc3ca91262e17	10127
1039	7f5829b7eb750632a2881f75d396558c168e7f533a70e58dd6adabe8fae6aa92	10135
1040	30979ae52e697dc970b0fece49dd859e503afdabbec53a37a1514cabd3e25411	10159
1041	79f547eeae1d0785aaf15f89bf1ff141fb53be4a24299b8de8233942314d1042	10170
1042	7134da25d8e9ef07a2bbbdbdeb1ea12ce3806525af30c7db328e1a874a6adbab	10192
1043	405830cfae286fcc1b33766c976b10e68a727f28ea3093b2e15e4a4bf9eb4ac0	10206
1044	cba3772e5b2fa3c45a296ca788210edd889b67732d3874a9aeeaafab19fc7a54	10210
1045	d37b5ec6f9301f67b60ced6758c6d37a01284e62a584661ccfe8367dc16f5a07	10214
1046	293ce44d68a29f10186a9f374d4efc36e7512b8b268ff938e2978cd6c5e5601d	10221
1047	e28f2ba38a290c6430efd78e9926ebd63d1cbeab7aa39ee042d948c511ab6f55	10247
1048	cda8fc3fda7e57e47c410ee2b0abf8f13a4869c2e0b8bc13f0fb5177bc07440e	10248
1049	2c17afc85b30dd6f35123b2e8fa45d4d469fa551b5b891fb2962e3291a582679	10258
1050	6ffa868c8341c505029f8838237804648ba1305964765cab2a0db444670ab88b	10266
1051	aabee9bdc2491292803d99e5af6812c3f0eccfa8777781066a16bd29a8e200fc	10280
1052	bc1473ab217b27e377861da80940b28263a12a9b93d5194514b5ba68c31f6866	10281
1053	ba78054983defff6260f9ea59dccab3d75a2a30a7d0461e314bf6251ab10ba0e	10311
1054	1ad221e05cd577163753d7486e1756f7548e6bda1f6ea5a5ca59d3c16e0ad4dc	10312
1055	f6a034140494f50583340328cdccbd10c1bb6ccf7cd22151e76b5f5ef54bd34d	10323
1056	ff3231424761c1f868fbfeb861ea8b35d5b3816c4d296758b0057ff77c6b3b07	10324
1057	e9f24b268de9ddfb91ee1f2f7058ab90b22fe7017358ecfd43f769435e990601	10330
1058	ea81f9b6a55bd032072e4d518aa9af5bb1c2fa8e41944c8829f4988cc9e19a2b	10335
1059	876b0a4dc85c4e414601aeaa43896a6593f02c72739892252ed8fd0cf8731fc9	10341
1060	2e0ec106f34c83f18c2a2d3afa887a7aefd4e7df48955df224bd69deabe371a5	10342
1061	8210bf3adeb28b8b3ddadb7c35de93515c9ac5d14ecad1dc6e74ad69def3898f	10349
1062	6be68d4a1d7adc36acb991d9ab56cf63f8db8c96d126426f7d086f2769220d58	10356
1063	e24e5d10f244ba55507443cb96442f598eca308fcc9f7959d3398dbe665c57c4	10413
1064	e4ea3e0f1d76369aea3b76255f039940c8128f814a277b4305a9fe21fefecc66	10416
1065	296d606825e0ebc9d279f47785e5f373a90122a42eccb82efd387e428187cd2a	10438
1066	463c02df15d6a6c6372c987fae18dde6831082f122cfb44a67098490c8044aeb	10440
1067	d83708d54907c94ee3ee6e499e3a94d248163a914acb911a901022d0e25c8f22	10444
1068	21b4c2f6fbfc68d2cf28d562dc7f9bb3bd4efbad9090cd31efcc2f8fdc63ce8e	10458
1069	ea44cd3e458f8bd8fce19b2c104e51715881df2c15f43fb92951d8a161418f8a	10460
1070	349d78fd1f864e7ff084a3c87accc0a325c825848bb2706001283cc770ef2375	10463
1071	cfd69a59acb201d7392b9defda60cf3e91a133bd02584e457fbf6b3eef832e57	10464
1072	aff32804757e4ea8e09557d9b3dc8a1c9988229f53542dd14e80e5270e8376b6	10473
1073	3a31d15104709970850828e6ebc11e0f4283ab59c9aeda96dad4c2ffbd823ad3	10483
1074	940fa166fa4f3b77d200abfd23d347ab46ba5915136e2cf3bb8f2f7caf64eb69	10489
1075	85cf848cb0d3cf2a2723f3523f19cd1a84f6e2bf3ad30c6a10bb78571695ea57	10499
1076	ab72a53f5f10a1de9dcfb1d2659e6880e93058d45b1f13cca09dea7769523457	10508
1077	90671f225bfb8f639f9e8d98f51dcbdef8f8938346a43eedf03b7a942a4af670	10529
1078	0ea71f1ef03c8b3bbd9cebc6e4c22bd2a558ae8a0d82c427afed6a199de3a5d7	10570
1079	38727ce7d45655f8e8e50be1b2312d17a61686e46db954268c2f021ef727d12c	10571
1080	4bf39b67651193a31fdb58a825b31c772ce53d161ff0edabccae6e5dcf0d6f7c	10578
1081	29c2d22ae9b1c9a800fba00fe2da12d6072210497d5f6548598c6591adf33930	10590
1082	93a3a08a5d5ab640352ad268b6a102ee7d5a23e06b46db6872613c51661e92b9	10613
1083	dedd9b5573aaf41df2553738ce524570547f5f880f758ff355006237af564a14	10621
1084	5d61e58a143757aaf22005f82d0e712a888008dde6f4b6201ad92eb6ef7eb888	10641
1085	0fc8987f44de7729b91b5cd824b2d13cbd16c9f77213cc443908af199d9c9a2d	10663
1086	b86c1d2797f9c66d6b1221bde1ec20c623529eebb8d3a8cc1f3dde90598a0dc6	10669
1087	ad178c7fd65905e98c00cad9b9886c828f85aae9668b7aa0c63090d42fe38637	10672
1088	03635f9331fd396a0c979943e1125ff1522e76f7cc7459e3a289e6171730575f	10678
1089	02b201f02bed1d124d3e95c38ac145fc80ce915d725aa362cc740eee83af1189	10695
1090	15bad67fb440260ccd765311473e8a948a979f7f7238968fe09775738152cb37	10700
1091	496730df273828c93a3a52dfb9fd4627dda72a9d3269713c315542d44f9f9473	10703
1092	c0b0c49841e658238256f09a832b7662c707433c40262406200913df16da1ffd	10707
1093	f7f5d991fdc2b201651978bb7c315d2667b3fbd957e780c15ed9cc248f150ea1	10708
1094	7569331d17de21e3512a9e8a0b542f27bd3b00af4dc4f1d7a68f76189af550ab	10719
1095	fe9c24bd4ee75f957c1f39e2e672dc6e586a86fc714dce4427cd35fc4befe30d	10720
1096	09bcfe81cd688fb393f5ec6febc1dccb5fdeb2509b05553ca8956579ea886cdf	10730
1097	e6060b793a0b9bd02943f10728b976570cf57903dafff9193a9a92547a028d2c	10736
1098	80c59b9c07627ba1bf22fa4d65d59a0d735be0e17d5635ce44364d820dd52ea3	10748
1099	b40eababe7ae0254d7dbc5d93b052cd5632e49f05143c2ac6231e845f77f0f4a	10756
1100	f91681c8941ed986744ece461a53a68effd1b191c062c2c6a520f149cea11c17	10760
1101	b8902274be835ed82baf29f9eeea0e095c664510a7a89a2b55c159e8c54b9cbe	10761
1102	bbcf5ff77c1142f97eca999910a18ca4b44b69cdfd60346c0380e4b2f8df83b3	10764
1103	fa1b37709537bbc31b4e1178dc5e7d941ddffe262649fd666733537101518f85	10768
1104	16aec80bb94af69416cab3b3f04aa1202006732ad4ff261bd1a2a2a69db463dc	10773
1105	625424e30e04be5e363fedc78302719cfd7dda9965df901f4797ca30d4bff020	10790
1106	a71546544aa9491ba1fd7b8a62968391b7bb4f5f130dcaff4c41e221e389d052	10794
1107	c11387d31b86b52df949d6d09487c06cade5264c13bfa7b8f9316a35dc678813	10801
1108	897e5c2ba354310f5056dcd8e751bbf8102aeed8c50a3aff35a5b08b5905f7ae	10831
1109	e384174641931b0aec298d34dc3fd4947a6c6725d9f4cc83ee51141d6755f277	10842
1110	b33c82815dca2bee2a1a485c20ea62c6b13b4762c806df4c9045988c1c25a1f2	10851
1111	4af6e890783284dd81e1d2d4db86d857d8893bfd79d26e6f3a24530b6ae66669	10865
1112	b18180050a720ad81421eabdcfc10601fe0a8bbdbbca75be39f62aebf4a327ad	10869
1113	7c431d9a8ad4e9268e6f22744de5e36d3caa82743d3628146efafcad1bee2428	10875
1114	1d2f8044d6a8f0c76a22aea8589f4d3c72229bdb470865089f5478c3f1099e8e	10889
1115	c31bfd10045bff7cafe345aac39ad2a33c1ead915c697caa33b4ae47eec8c758	10898
1116	b366e7eaf3381dbd1022e5f830e939b0e7702e4f3c8cc6b0cff4aa024d5f52e3	10906
1117	7e62098b7cc5247e060b0b87102a9aacc7ea20e17fcf3378c85f1c4dab03a0e5	10917
1118	851b948996b997acce384a0a8aad334459219abab331acf5de713648d3c2b8d0	10938
1119	a3dbfc7b3b868887205159f842d24d210f3d844699800f4fdb57e495fbc536d4	10967
1120	fb559d50b1e031913e5281e67c87f9896f83d4e006cd388d8393309cf461b2a9	10976
1121	8e2b51bc5bc0bdaf8947f691b2bf0382ee4f4f760ec40970d3cbeb766680801d	10998
1122	358b0e5332326b10d6520240200d732c90d8035b503a6a8148c01ce715aae096	11008
1123	1d4689cb4b3c79f78c7f05296e44ddca7ddd6b6e98c28f38b01d0860e228b3f0	11010
1124	82d971ed09be1ffa71d1b977631e6f21d89abc64adce88166b136c31eade39a5	11014
1125	8f437db1d4fd41ab5cf7a29c86b55717bd4c77256c198eb13fbe9f74985f443a	11034
1126	40b0fa7a640cafa52c0c41653a1ea7112db7302742013afe85bdec29e9e66e04	11038
1127	c95f4b85544337c12d3fc559787916022a334f6ab139ade75d1b99bb3f602743	11039
1128	deb4c93a2e6d42a6ef7a755a8e5fa1eb8a47db17cc06550b3a8b45b3aaeb92bc	11046
1129	65e5ee0a64720beb9c40b0bbf2f1e5caeaa92175d92f3e95fc6a4de84cb386ae	11071
1130	333791bb1417be3d6c010b1e26376a31e8c2e27c926cadcd62c4ed6495cb4233	11074
1131	fcd1788b2464e5168651de26a35fbaa4eacd85bfdfce3b29aca9e6c023f1439d	11075
1132	9a24ffb309026c769dca7e32a9cb88b9d514339a6a8fe4e2c5cb6fa3416bd27f	11088
1133	ee7958803b218248845a36071765233aab16059246ba000e96e0881ab938e9a1	11097
1134	77a15687d975960034e66f7768e0f941e8632be1c4c7656097871d1c707313ca	11100
1135	81e243cd5af02b1071b9cc6dfb097594021f5b2c88269f8b27fd86cbffb9d768	11101
1136	265dab304332ffaa405f5d1c1a3d50e3ba73fd640094b2cff18ff4d7b34ba2f4	11102
1137	1ae65d91bf27af4b945bb12af5b91d6de4568fd5302ad57a09e89d451bf0b5e7	11117
1138	0e95d7cab34d30c5d107015513cc1990e3a435f31ef74af0b412dc6b996f2fc9	11119
1139	653e7082339752054ca15836088de00b50f4f7879fa25bf11fdaa1905bf3098c	11122
1140	f214d43f4a615f7a1f594b173e30765bcc5f708d2ce101b87dc32ba38801d8f7	11124
1141	9dec82384d003b3779855f07abed703445534428aeb54f4e15bd64f8ad2ebb7b	11127
1142	f26ef0f52190e3828bedbc81e05be7d7a4c09c06d1ceb230c87a760b0e60e58e	11129
1143	07e669ae70766d98f49ad323e83b73e24c83079902b25a4f3102fd5bb7179d9c	11152
1144	e8aaa1b3a6e0e6aa60b2a72a38e1583eb796419a6b56285bb88b52475db699c2	11156
1145	53bff1070ffb776acb3878f431f75695666326c496f3dba343ad8a07131fe8ca	11180
1146	999da44fc72b0e49c2fdbacb9988808ec604090cabe124bc2693dac171ecc79b	11218
1147	6fe889b8a6edfd0005e05588f938aafca8f099dbed404d598eec2285f4224522	11236
1148	58c762ababa42eb3b07aa1c675041249054d9a37c4d875dd8d24683c1b4dbe7b	11274
1149	a6ea09ab10f7f601bd1aa830fdaa353abcff182089b05f33c4297bf7232d24e5	11303
1150	89f6fe30ef97d8c3861463dd49208808ad8d39c3e8d5d1cf8b3511a8baf50c27	11329
1151	fe7ce180f02cb410033e3e5475f7180d9ca8f391d20680cc8b5e2ba5759a04d9	11336
1152	31fa77c94dce7c66c9e5425b40d3531b762a7819565f45e4d634144886dbf14b	11337
1153	69fdc7c6f08dad504dcb622c3c3c56647befcf0ee3f73621d0058c79a17f3234	11340
1154	6895034e87dfe810e1a6067b7049e36178246d61188ced391d307008760828bc	11344
1155	16b3db5634f345687b679146fb67ad0b2c9ceac1ce2945117cbac9e7849c5879	11355
1156	f256bd75b308cf613175a4daba49b8fcd9bba59224bd5df3d0588dbb198d7cea	11366
1157	3f78764ad246e89efe43d58c64aca24f7b4bf5e1e63c32eb54474d737206f9ff	11381
1158	08ab4bfd5e4765f8a5aefa9772ddf38c86415993a5944c06fd68b5d4d69ec1c7	11386
1159	5c7840856b013b2763e1a88d5a5379865150e94a12502915d791e3ca7383547d	11388
1160	39c9f814a760b5660b58decfc78005558d3a1a769e097954f112eca13ece4c41	11391
1161	ba2d45fad18b1c12d56edb5b3e5b999c1f306ea32e0bcfde83f889cb7b5cd9d8	11403
1162	c378d21a6ad831bb403eb55980ecb59158f1857276fff1b18680ea1e24554901	11416
1163	67a398bb33672336edb21e4d1abc1335fb0eb7d8ad4ba0b9334cf64aed37cad7	11422
1164	decd08c5d457ebbf650cd2fd46b9c7a61b6df1ba5d29197d7243d5c592222381	11468
1165	463f0a48bba57c49efff33ae90d3e0c417ab520b353baf59f6fdcfe28e942e76	11481
1166	654b001537af0624906184278b8f65d8917547eeaeadff3f54dfed1275c0179f	11488
1167	5d37e9d7b5b5ec80f65fa35a471b4ee7c9019189a8cafde198cdd74cf5761954	11492
1168	bcae05aa1084da3cfbd47ec8b710abbae5d95ecde492a2d314a0a25a1791db3f	11498
1169	f7c33303ac0176981c80d5ac5b8a4c4d5440b46296d7720c94661dc7d31f100d	11522
1170	de98aa67515bd0f8af669fc502fbef24d2cc126c578147f7de855cc64b3bf00b	11525
1171	913dd089c0b7532a74cd4ac4d2ad054db6ee1a9271bef4e5638ec9a06c13b1df	11530
1172	c9aca65e850116bffc44a0c8b153a13c421f845158fb120d5d6d2c8020411ad2	11535
1173	202ff6796e451af69a85ab6a93f5be90360b96d338d7efaf3e59d5f18946a631	11570
1174	5b50876cb8c60bf9d96bf3dd1d8b3390a2d0dc828baf40b8a8c74c691d7961da	11581
1175	f6397414a377bb7227b0e75fe98ca36693122caa13eaf4d4fd409cac56d2a1c0	11585
1176	5d588e22b383457506e9127ab74492538274a1d11ebabecf3bc1e34fd41ce243	11586
1177	f4cc2a94a85cc69774680aa6c065773a6e0b8fc3de781ce723299f1ba01f476b	11595
1178	008a3a1f5effb06e5016e1d33e73a866a29112ce8c547321056403747cdee91e	11596
1179	df7d027063b8d674a2ce96e0a7541cdbb48137ecc5065294c0205ea1762ad8ed	11603
1180	efa424993cff55e352212c84e204245ada94c091b63f17417bf076a82390ca50	11610
1181	097c1dd452167f2c17f360b2ada7d89a2b62fba770fe7bfaacc710a4044fed2e	11620
1182	6be40eee37571ab991ad718ab9a97e2813f0e4f7c84850bcef97880550df5581	11621
1183	8b559d261385b7a849cefcd295fb458d1aa71896facc874506b1c12822e7fa78	11636
1184	f94a3a51771575339ba2dfb360f20dac900147cba28cf14c7616f67956596737	11678
1185	81fee82938f15259b7a8699633fd98355b2ad4684f794a034d7473e4b502f4b1	11693
1186	23c8720b57a547d42d8498fd14f0c9e38ac31fd2c382bbcf15e01b6d15e01607	11695
1187	74edc2ab721a9d28449120b8938cd6b96c33e14f640a33d11905667b8a629a44	11703
1188	c58959857f8b95ed794d10d7d4a63ecfd83443903d94c33b5181021b473598c7	11720
1189	1f34621691f3627950503e189893ab181e87f66c8194282de07969dca8412430	11721
1190	0794d0b82d34381cdef3361b4ab61e1f43d07e192a5b24bb698ba97a1c5ddc87	11747
1191	2c0acde08f9b4df379e34757b6b7506dac81d0164afab911d69dfc254fa1411e	11774
1192	2fc4665f6cf9afa07372e096c387b6c2406f8ac2826705fcce4e4be493021cff	11778
1193	c0a7772e35cf6fa850661f9979c73194388bf7840f4088a697224eb344be1ce2	11781
1194	f7aef6c2cb7f75e48f1fca80d8027265882ad4e0efd598f63c0a027c8162a7f8	11782
1195	b412487ee34c69d83cbb8bd6d6192a9a67a6d6a0af12070bd00ffd73877039a0	11783
1196	ac2cc06d5bd77836586073d2bb735f51d9dcf83f6f8d72d5cceff8de6c2448e1	11789
1197	94799d4abad937cd53ecd1c93b082d26a9501b96573927a68d5bfe308b3e86e9	11800
1198	c1fb0c64947df598220b4b34bb3c26387b29c02a5aee20b4a62b53ed92174931	11828
1199	338799bc1af7328bc903abaa0d9ac1b829cb6e7cf5a6a644d1eb6dfcea60d2f1	11837
1200	54e321fec94957678883bd5afdb5b94c49dfc13586ba2115076e0f7fe1c74ea0	11838
1201	59bf3aefc0e42026999caaabfdb2909762b8f24378ec280089e40ac6cdade345	11856
1202	075dd84a2af5b3ffc2a40f21936cac6a5bb4796c3c3b0a22ec60a460ee756d90	11858
1203	fd19d781a7f464cc7f95c1a7e4ab5e832bf89589040cfffea05cae13df1b2a8b	11871
1204	417f011534e65717ba404d5eba7b8f553aa116222c739b2775a239eefad90720	11887
1205	581e206d06d36c215362e9cfe7bcdf204f6100966e1504f0e055dd21d2490337	11895
1206	c723d361352b711246d31c657fb72df882e9aa57205f34609043c7f4b8fc256e	11903
1207	40258a7326dbe000760a114edc624b30d9ef090318ed75c253f64300d61b803f	11911
1208	22de6fe7afe4e723c6e3210d74f9b8ba276570a27cc6e2fd88faec61ad467fa2	11914
1209	f9781f27750fd8d6937bce5882ed69479db3107865f872fcbd2c3c1a4c20f4e5	11919
1210	8d3876e79da4db3c70e3f14db20ffac5e11402b077bf332b936fe0a749506abc	11920
1211	9dda17ad9d3c647e9b96a42e3089a198779c263d0ea59c254cdc42619ff9fdb5	11921
1212	1aa47b96c4b02b62c5f51796a75739ecfd93f0f08c6dd6a9bc83f7a3a1aaf84f	11944
1213	4ab6feaef720b6e2fb2d0edae7bc405bc0974ffbf23ef9dc138a2067b2170992	11957
1214	1160aee01e549c6cbfb2b43130eafbe0c8e28207e73ed26bad685a32cac21c15	11960
1215	0344d31e8b19444e6f88f6d0533d5f785aa360898fdbe64af06a25dcf0e7401b	11964
1216	0cd6d85e6116de64c08a145438f6cbd62b106d8ea452b7f34f0ea7067413ce6b	11970
1217	3fe3bc9845cd4888e7de0f6e3e03aae6af3fd764dd8476f2248f6a55b4f98088	11979
1218	4c93226f86c6121dadfee626b2f598a1b3c98d89ba3ccee634a046e91a4ef3b9	11982
1219	ca72497634c6ca05916253a2623f142ff1a700de6463f97ebe294f8ab9d02c77	11987
1220	4c5f972eb44174f82dc7698624b40aeb12ba16b32098947316769f209ec79868	11988
1221	7b10cddf8a918ff20d4e2acd76c375142b6712ab472972c587537e846b53f4bf	11998
1222	c036ddf0aacd448c027a15b531762fe39f82451b5354912daf82c5a1d1508ecb	12001
1223	f354cc28834f7f0718f75053a1193ea403de8130ac647facd8e5a0b93848bbc3	12025
1224	4b4f7e159c746add9b90d808b6d4edb51694b51079d7fc25c86241c857d69c81	12028
1225	52293fb231dad9e3028c4cbce0159e0d50896902c3134608e90032e8656f3871	12045
1226	2d78df3e1a22dc0a81a6a7536f50806374cf2c1429d65482bfa1dadb8b9a0a4a	12056
1227	8e0630999870cfa5b3f199e2afce739d171abcc166ac8209b822328498272a5a	12077
1228	24ac0b275d9c2e877bebd436dcfe5ef418d295ff6887f88d2a9f1fad7d977b2c	12101
1229	f266468df804f1d64c667a4b5beea2662c61f3995ec3e423d46928e530dd399b	12129
1230	d166de166da343b94520c060bd83b5c82d67d448369cb2930f5cd89e85cabb8e	12147
1231	d2f56ffc4f622a3ba6a5e6a08e6a12a0123e0ba144ab0dd060c41d54a417cac0	12167
1232	b6bc80adb34346a3f2b8d38414801eb19a3bcd06788298dddf05c26d1922ca0d	12189
1233	097d6075027e9fcbad920cb8500ed4cf3669606c56562dedf26d6bbba0d29ca7	12208
1234	056a94c6d0de4274a75acc51f9cc57d8a9d8995cc354e24c850aa1642f7ed628	12221
1235	9e181e43d161ec43a5ca0120745f6869cb1d70206f1ca31bed8331c76c9a3e2d	12230
1236	0ef32ee1e387e46d2fe6278e21fa425eac8c82e709e2fbca12ea3ac7396f66ed	12268
1237	5019ed814c9fa09ab935bb34d7a7915498f7bca0bf3e92b09cb92e8bdeff5a8c	12280
1238	c64f3f7201502ebb1a9ebfd106086d0c01538502b48e5a8983589cecd90740b2	12282
1239	bcc84ff82645fc64463e715337e3431dc0e27b511b2fcf9a29f3175a34893296	12288
1240	dde98743b916e1c08b5c4d6dae8e28f17ee11c0b1a8514dca22316ea148d7f74	12294
1241	24bb557383d4bd4e9fb48eb44d0766b25b60e1815f96792361edef50a1a2e42d	12302
1242	e61fac27989e3259c200f9b58a0ff4322fccf430966a5eff2404fc205b8a4cf6	12308
1243	a34b8ffee253a81452d4dbfc4631bb844628491aa69a27f46eba904098f9544d	12318
1244	eede96379d8e461269b7882d00a76bc9361ef5e9f4caa93053cb1cdc97d1e87d	12325
1245	f8d6295085d7f89b028fd1dd3f60f39eaeba0ebc5d02aca8d4a332a91383c46c	12327
1246	c549cb3a774595d293b3283dba5fc007c5c612072f59cc2018d31236c1e36c57	12346
1247	453967450084aa65683ef2785b06e51ad9c08da2c830d1381223e330554033b1	12354
1248	b26c8fb775f82343ca3b1c72edf0c4397b2f8b1b2cabc30e25e70fb7d1965243	12355
1249	74e88b50a6972dc538f3250c7acba80457eb5c9c2107820bf241b3f11e4df2f7	12356
1250	e34bdd00f2bc41e86b5900e6547ea52db7497e7c402a8bf747123214210f8530	12366
1251	6add9ee0744c651c5903282eaff2ca4d628105cd5fcaa992d88b1bf2acafc09f	12369
1252	91e565a5e3fd04fb564f2a8e3c4d89e1eb1730025a63fa617e1bd43af985a5e9	12375
1253	fe4c87ce9fcfa9306cb1eb95ff0750a8d29544fd3296286377bc33d937837948	12384
1254	68b1908f679ac58648c37a4a85e5751a92e97b94e0e60ce1607d909daca2cac8	12394
1255	4614afb4757d183ed59be74c32f3205aaff5b04a5e2682c1d38eac9494372a6e	12403
1256	7e21fe72ba654f27a0a26459de16707dec78d8e43526a322ed63ce4261c8192d	12419
1257	8c015198fbdf8924b1b164714579a63606963d1fc97fee88da360765f88bf439	12439
1258	92038799ec47c3430ce28f8e93208fb79c9d193553527c6a983a2789d6e693ff	12464
1259	a015f7e074bc0c27781940385bc1f78db4bb9f8754bbc86f4f91174a1f0ae2e5	12469
1260	3eb8ba71e1ec0cde840a4004dc898b21f94c276f6adf68af6e15f8f5d1b8cc93	12471
1261	fe068b547855cdacf6d3ccd3eaf9eb008ce02b1ca3c62877393bd83b54f6e5d9	12495
1262	954579fdcfa44a7b29fc6b3941b8c27f068d1c0388728b80ef7f78a8a4c0085d	12496
1263	a91a41e895019a973e999a7c78467efd0da7413a45060180265b84a800408beb	12505
1264	90a134f39e2819156a1eef94797fdc44d682d01e3d90eedc2a53d99363e9da43	12508
1265	9a00ae7766e633a30cbaa4125933920d786ae2d239399c37b2d43645cbc023b9	12529
1266	cb98c278e8308a64b489a6188b43e410d20366a0fcc75536580b0febcc0ef66b	12547
1267	c334048f15ecc75595f298841adffc97a0d836a6170de19df0b1d4bea2af5f16	12548
1268	9a8d0378a2c510869fe6a1da064ce1e9d1acd3d93b729cb14091802960e33015	12560
1269	730566a8a644503adfcd7deaafe71da7b55f115b84da03b4020fe8a1b161f18a	12563
1270	acf4b255077a4bff56618ba7c22288994b94a2ed1c04aa0eb11e60d60d5deb69	12590
1271	863b47db28feaeea9d20d06192b61b5f014e34906153dd4a32963fc690ddbbef	12610
1272	85fcb59878875750ce22909191e235ea130cffd7e2504f2c8cef95d6c04307bd	12611
1273	8408bfef63edfd7f179ae6aeefe2c06ef25b62bf73272216be1fe6ebc193055e	12620
1274	b8d106b2b0b735a6af508614162f2069cc760d220feebbdaec198c93b4a37cc1	12626
1275	b28f49056fc4e03a2dfeda16252a147808f55d0e104bbcf12047295ae5e5de5f	12661
1276	9e4b43753e096e71bdd9242e2dbb04ad445bd23028b891790b873909e4c6e74c	12667
1277	518581ae5f8cd0e66f548e2862dbc4836a21d5729f892bef0a3d6fc99118468a	12671
1278	acba093c81d454c183191eac793218707c9ae1d8a412be883b54dc1a6e7e25d7	12675
1279	7f9ac9142947d4bf5a38fa4f689c315f71395a7c0d1dee9c7eb52a3cfab0ded6	12682
1280	17f2f8ca2b650e757b8a696b69b77724798d7ef01bc99aa5ca532faf0f91c97d	12688
1281	df6a84c38acc0c4547f126114b04548b3140ebd72ab3d9dfb26c98a85c4cf9ef	12690
1282	e59c0db94b942b5ae1036a961b7e4e630deca197041d14b32898bdf29c01341e	12695
1283	4895409b7d50b2ebec60cf937ec5bbc1c0bd3909dbc4b12d178177879a97d5ba	12702
1284	9770c34d11e49ad5626799f8f338ae678aad054fb78859579694b841895941ed	12734
1285	aba3c0cebeb2e0c71a9aa913483759e2bf7a1e62143b54b7b1d28c48618113a3	12753
1286	47fc4484af5dc432175aedee01ec337d164b43355b4a2ddca8e0f40c30fca12d	12761
1287	271017b5345ed0a54cbffbad114a567bac2b5451657d2bbdbaaaadd7ab2448c3	12763
1288	3f7ccb7f44fea586f8a755383d49e6e6b2dbc7e68c5bf03539fadb717c796f12	12766
1289	f48fb89b0abefa0a694feb6bc276707fd725fe8d6e3a30d87fcc43957d9bae6e	12767
1290	8506d720ed371afb56c2c75fb6fd0b5c199c447ac085c81e9119fbfa0024ad0a	12768
1291	1298b68ac078e9fa1e6d99a3d76152666cb207012a939819cb7218cbf36bf57e	12777
1292	4b225700664eac09446a6f99d723e8e53e43455c655b3a7aeb3afe81375b25a2	12787
1293	8768e9e5f8b084b8c721e8cef1a6a2c637eb66da3cc3c24517a848eb065503a1	12790
1294	8f7e83aa9fe34a7af094661320ffb262ebbbe193a8ccbc87ee858085e507e73b	12793
1295	ae08e44d698c8daefc78a0db27eb52a83ce2f9735be8c85187d5df65f73b87cc	12821
1296	3ece0d25b658524f5fdcb9ab4b792d31b7b8f7bd4b50d12761f6c3ba966c2c42	12824
1297	864f111263d317497c4c832713c2a7aaaf87f2ef009bcf2cb090388bc08d6bd5	12827
1298	f4e3bf7208d019378fbe8b76d6974b192355592d1af4dae06647d8417d403824	12831
1299	4a1f331d578bc095f49f784b7cc51e43804cd74c939bca103420d9e21760ef3f	12835
1300	bbb4cc737950aea087bd1f8443db4c6fbac9c9ddd83be326933c662d37f9adda	12840
1301	8d2dd7d7d752c6acb1cf48205c31091042ad057e3219b500653f69dfddb7524f	12849
1302	17bfb2500632f8608a28ed8a32fee09e7100a5cf0fea80e2d80b7a6669784736	12867
1303	23f3f79523867ce2c38c60baee0a9f641b63edc9a619095016487f3ff402662f	12869
1304	610c8493cda5c226175477d4ff4c956b23132bf95ca9b59f872acbfa3d6e117d	12885
1305	6e83eb2bd2de777353cf362c4ac22d0c2ae02beebb4a34a6ae441fe86f8d51b4	12896
1306	3a9404fa3e67afc7d88e6524f003eddc8ea30bdbd18917f7d037f6b789d1c68c	12898
1307	196975562e00bd3c583669089d068d17526d69e0d455732d74a8e4502811c98a	12907
1308	ab0c7bb5178d66ff2149ff55e43a8bcac0f2337ad3324733394da8fb3acd59c0	12916
1309	d378b1247f5d62811fde0c04291a1513db70976727580ca9f15934e4966c42ac	12932
1310	20713ea42ef7609a94609921b54335756052e7105fddaf755f422817f1a83d1e	12951
1311	3d0ac35fa574a30e7ac6cd3f6bc0e9564a07d710628bab711f59d9d9b735102a	12954
1312	e7c7f47773bf32d576e4096cf3cb65e17d53fc0e336eb112ba26a4a330221a3b	12965
1313	53e45ecbe809e26c4784255ec33da240f75e42a1c444015a988fb253e6cb56f2	12976
1314	d3ba8aaf156216fb95e21f99b5ee4c8823e09dc52d2f0de8b7a1bde5d2f8ef95	12999
1315	d0178ad22ce09c2c2f47c61630692d6e65c805382f218ed3088b4d599bc64058	13009
1316	00aadd28387e633b83e0dcd0de7137e1c2e3de2746bacf8ee3e6967e8ddb5bc2	13020
1317	c24666b7f4b4f64bd27813e84861a0932b4e983e9c92127ad7fe6e198a32becb	13049
1318	cd019d6a08910ba6e2ed97dba3e3397133c1319ae103c1c12c562b94977e65f0	13056
1319	a10161ffd4084322055902588a5a78c98003320af9ea074976b8e5141912177b	13075
1320	9a5b42114d2b0215c75ab6835da24a45b790925f93dd62d21a1b077ecdbb01b0	13094
1321	a4f49c893b09c09bd1ce471916b66c24a97bd301a0d643d42d55e59e6dac5daf	13125
1322	292662ac4bca847caa31dee3815a99bb26eb4d18c2c6903b932d982733465df3	13140
1323	6688d3b53b0aa232141330d1c649916708f8866f8b465833080b987519392355	13153
1324	fcf696a227461b06d548388f5eece8580e4a4f3869f5f94794187a37c41d69d6	13159
1325	ee39440a219bf44056a4a029925d22fb0bde47bd17475d37728a236e456269c5	13167
1326	b2de832919971569a100070da7374be08dc2d668f1226b0f5b81963571d35213	13172
1327	82a4521c7c4489577cf827ae2f86bb668524df49ec9600db7a2f258c5df3c541	13184
1328	b9f504980ed79c5d59b67afcef3489c4b70fbe622960e25fb85c2f4a52f338b3	13204
1329	b612d13699fe342d104efdd927177a6a5442b83a1e3b5d2586e893cc90eb50d3	13206
1330	443cad890799a81cd698a887097e2894eed9734c4931f96f718727a6678d5bd2	13225
1331	1cddb9e9c70ba44756db8894cb02b027f82acd75067305f8fa94ebfaa9326a72	13231
1332	ea109e47a8de34ed4a9cd3bb5da7fc1d6bd50e647e656185c18b98ac72a9acd8	13250
1333	acd34edc518a06f71d136f6aa72dd68970c5a98dffb5a821f421cbdd38a8cd02	13252
1334	4ad018a286975c9a4148d6d3794a18ae110887e1c0f48023d78afacb3b8ee8fc	13254
1335	35019e34a170313faa48f4c6625ed7b104b2cc1eb3d4212ff75bcdd59a8f872c	13255
1336	f13d793f64576ac2ed7bc331d2a7d59eabe3647bc9a29be27a2d99176817e4d2	13260
1337	2ce3d7e7c232ecfbe048551468df424052c6a3280f516b3c7a5eeba81c370039	13265
1338	4a9e6de7e19a06c0fcf95a1a25f0cbf6503ebc8bba089ce94ce29652e02038aa	13292
1339	21cf8a5145299c308df0fdb1bc5daab1de9cd5f98c7b1dc43bda087b08f789df	13295
1340	da24f46c9173f4931d1071242c932a2e4eac5b05f10cabf82a35869654978c85	13312
1341	30905657d08c111bec20a006b947191c8c4dc1ddb61f6146df29bddae053d984	13317
1342	3e12ff9d2f1d1727f689fee1d3a50ec2aad751c8960f15649255e3caacc217af	13319
1343	144fbdad6de827264ef4939949010813af166a7d95da48ce6e2aa524786a856b	13321
1344	a47a653a8c37bfab37f117c10d03dfce62a5dbdff45be9c427227eeb59abe414	13322
1345	355c0efcd5b04fea2db7e2279f66da98b3e5ec0a6fae0fa756430f124c9be19e	13341
1346	cdc4c39f3594062db5e8d8d417ed3d2628e12da4d94d65dbb34fdb8d964c2b2c	13354
1347	502b8fe59ecb4777b5a2b737f4d903ffd749cfcdc2dae789718579f4633364ba	13363
1348	f0632436ea0d896faf081db62eda3ab93e5f48be06db187b1f8b19cc291b1665	13372
1349	103701ed32087df525b8d709a8e89e69208ea894efc58c480d1ede6dd126ec23	13404
1350	d168e92cceca3284eee3bbe5283cf19ede5356354983cda2441fbf06c94b8ca3	13408
1351	5762cce132163e06244cb92b660bba6d10b1da43feb9e455cd8795dd82b4d378	13410
1352	8a0c9d6b37ebd005e12baf0a2679ecc2c407aaac70be722218a9d6aac25db632	13420
1353	92b5145cf487299289bd6b7aa8c447ce15c26765380adf0875a175b0206502e1	13452
1354	b89af1a5ffa144723a1ba57533bcb060dfe5afac7beb4a868ef66959f2e5af44	13467
1355	478179e2f9069ef4f15ec34ad6e1b1396ed97d35248bf03555ea45e6acf15cc0	13471
1356	ce822f42626f841aa41cb5e261d9ab83aee4bae4418f8df67b1b274836c67e74	13472
1357	94b892b13fef5e5a01d692ba33809b83dd2e3a09ca5bdae8e820702b974e5dd9	13477
1358	8d0a193a09a4ed9fe7d4b67c76fe8162892e340e648be79f9b083d30b976089a	13496
1359	ad7ffe4be59f5ffcf82a725afd3ef1fe73191519d79932aa3bb7360c2db30715	13501
1360	f087c94f4d7146bbb15f6cd97ae6dfb57a4d448560274c845dcde52848f5c797	13513
1361	dc313dad6ac8b0171d1980fa0fd6a2fc218e53713e71bef6cde2f2777fe47892	13534
1362	9fe8a76af6ea71ffacae94c90b0d3ddd54699cd8c321f13325e6ec3954f993d5	13538
1363	fc36acecb97d107dc15d2a358a8f3e97b73a2c78c730d98f6a39a1d88cd3a8a5	13569
1364	09fafdc3bc8e385d03a06f6976282e36fc97b107e958670f13a2439d83ea7f02	13572
1365	42f44275934e16a40f3c0b646369dfb1bcabd41370e7fefd5bb92d67c7f617ee	13574
1366	48168193d73eedf86dfa582a355aa26a1c4326e4bd24a0c93769fdc42450b842	13577
1367	b00e3e76732aa0c14cef3527c635b7c8e3ac8a55cd46f8e0a0a59d802eea459c	13595
1368	f6e238b92b79508e26b28826dea1174a54866fc874c0efecedf445eb2fa2ac1c	13609
1369	4853ebaf84f633e3670d4a08c3fd3b329f78ab3f9bad93313c81bc1551662c25	13615
1370	9fe1d82eada33747598d76df091b884c4b0782dedae112e90452de180f446353	13618
\.


--
-- Data for Name: block_data; Type: TABLE DATA; Schema: public; Owner: postgres
--

COPY public.block_data (block_height, data) FROM stdin;
1320	\\x7b22626f6479223a5b5d2c2266656573223a7b225f5f74797065223a22626967696e74222c2276616c7565223a2230227d2c22686561646572223a7b22626c6f636b4e6f223a313332302c2268617368223a2239613562343231313464326230323135633735616236383335646132346134356237393039323566393364643632643231613162303737656364626230316230222c22736c6f74223a31333039347d2c22697373756572566b223a2232353331306661653062366231653236343361383136306633326532303635666365363730323966323761376465366662626131646630663863383065663333222c2270726576696f7573426c6f636b223a2261313031363166666434303834333232303535393032353838613561373863393830303333323061663965613037343937366238653531343139313231373762222c2273697a65223a342c22746f74616c4f7574707574223a7b225f5f74797065223a22626967696e74222c2276616c7565223a2230227d2c227478436f756e74223a302c22767266223a227672665f766b313333656361366e6d786a3632657539706c66783363757a676b7077353739353432343433716d393266667637636a687636337673377771777371227d
1321	\\x7b22626f6479223a5b5d2c2266656573223a7b225f5f74797065223a22626967696e74222c2276616c7565223a2230227d2c22686561646572223a7b22626c6f636b4e6f223a313332312c2268617368223a2261346634396338393362303963303962643163653437313931366236366332346139376264333031613064363433643432643535653539653664616335646166222c22736c6f74223a31333132357d2c22697373756572566b223a2236306365316432336235323163623533393634343266373030373638383339356635663064343363333964376530656639616163333930343165666162373133222c2270726576696f7573426c6f636b223a2239613562343231313464326230323135633735616236383335646132346134356237393039323566393364643632643231613162303737656364626230316230222c2273697a65223a342c22746f74616c4f7574707574223a7b225f5f74797065223a22626967696e74222c2276616c7565223a2230227d2c227478436f756e74223a302c22767266223a227672665f766b316379727632307136327430376570716e6a77783675323839386e6d773337393534386168716a366d7038766c35326d36356b39737533756a7a36227d
1322	\\x7b22626f6479223a5b7b22617578696c6961727944617461223a7b225f5f74797065223a22756e646566696e6564227d2c22626f6479223a7b22617578696c696172794461746148617368223a7b225f5f74797065223a22756e646566696e6564227d2c22636572746966696361746573223a5b7b225f5f747970656e616d65223a22506f6f6c526567697374726174696f6e4365727469666963617465222c22706f6f6c506172616d6574657273223a7b22636f7374223a7b225f5f74797065223a22626967696e74222c2276616c7565223a2231303030227d2c226964223a22706f6f6c3165346571366a3037766c64307775397177706a6b356d6579343236637775737a6a376c7876383974687433753674386e766734222c226d617267696e223a7b2264656e6f6d696e61746f72223a352c226e756d657261746f72223a317d2c226d657461646174614a736f6e223a7b225f5f74797065223a22756e646566696e6564227d2c226f776e657273223a5b227374616b655f7465737431757273747872777a7a75366d78733338633070613066706e7365306a73647633643466797939326c7a7a7367337173737672777973225d2c22706c65646765223a7b225f5f74797065223a22626967696e74222c2276616c7565223a22353030303030303030303030303030227d2c2272656c617973223a5b7b225f5f747970656e616d65223a2252656c6179427941646472657373222c2269707634223a223132372e302e302e31222c2269707636223a7b225f5f74797065223a22756e646566696e6564227d2c22706f7274223a363030307d5d2c227265776172644163636f756e74223a227374616b655f7465737431757273747872777a7a75366d78733338633070613066706e7365306a73647633643466797939326c7a7a7367337173737672777973222c22767266223a2232656535613463343233323234626239633432313037666331386136303535366436613833636563316439646433376137316635366166373139386663373539227d7d5d2c22636f6c6c61746572616c73223a7b225f5f74797065223a22756e646566696e6564227d2c22666565223a7b225f5f74797065223a22626967696e74222c2276616c7565223a22313739383839227d2c22696e70757473223a5b7b22696e646578223a322c2274784964223a2236633130303462316537393936323437326666623163333738366439653366363564616631383837326266656533316632623935303562373661616239373635227d5d2c226d696e74223a7b225f5f74797065223a22756e646566696e6564227d2c226f757470757473223a5b7b2261646472657373223a22616464725f746573743171727868797232666c656e6134616d733570637832366e30796a347474706d6a7132746d7565737534776177386e30716b767875793965346b64707a3073377236376a7238706a6c397136657a6d326a6767323437793971337a7071786761333773222c22646174756d223a7b225f5f74797065223a22756e646566696e6564227d2c22646174756d48617368223a7b225f5f74797065223a22756e646566696e6564227d2c227363726970745265666572656e6365223a7b225f5f74797065223a22756e646566696e6564227d2c2276616c7565223a7b22617373657473223a7b225f5f74797065223a224d6170222c2276616c7565223a5b5d7d2c22636f696e73223a7b225f5f74797065223a22626967696e74222c2276616c7565223a2233303030303030227d7d7d2c7b2261646472657373223a22616464725f746573743171727868797232666c656e6134616d733570637832366e30796a347474706d6a7132746d7565737534776177386e30716b767875793965346b64707a3073377236376a7238706a6c397136657a6d326a6767323437793971337a7071786761333773222c22646174756d223a7b225f5f74797065223a22756e646566696e6564227d2c22646174756d48617368223a7b225f5f74797065223a22756e646566696e6564227d2c227363726970745265666572656e6365223a7b225f5f74797065223a22756e646566696e6564227d2c2276616c7565223a7b22617373657473223a7b225f5f74797065223a224d6170222c2276616c7565223a5b5d7d2c22636f696e73223a7b225f5f74797065223a22626967696e74222c2276616c7565223a2234393939393936383230313131227d7d7d5d2c22726571756972656445787472615369676e617475726573223a7b225f5f74797065223a22756e646566696e6564227d2c2276616c6964697479496e74657276616c223a7b22696e76616c6964486572656166746572223a31343533347d7d2c226964223a2238303831663231613536366234383835356237623566333338613761653337353865383335393365626633326234393538393939346361616131386433396539222c22696e707574536f75726365223a22696e70757473222c227769746e657373223a7b22626f6f747374726170223a5b5d2c227369676e617475726573223a7b225f5f74797065223a224d6170222c2276616c7565223a5b5b2263396237386631316366356165383965363837303730376233333731623265613930323837356264613266623439363332613036353539393966313039353963222c223564383630613564393164356636616638386331333235343733363938366633393565353838313437316364613439326632363930666531376239616638323864633265316337376535616335316463346661366437383962316130383335636436383964333963663064633535306661343865393538313330663133393065225d2c5b2262316237376531633633303234366137323964623564303164376630633133313261643538393565323634386330383864653632373236306334636135633836222c223031623033306566346437616538323661653366383666646435663936616537383562363336343338303532346266346563636530666337366434383231663863363637343362663862616362626331363966393132613933346439623834353261366563386532383435643137373261303736316530363162333666303038225d5d7d7d7d5d2c2266656573223a7b225f5f74797065223a22626967696e74222c2276616c7565223a22313739383839227d2c22686561646572223a7b22626c6f636b4e6f223a313332322c2268617368223a2232393236363261633462636138343763616133316465653338313561393962623236656234643138633263363930336239333264393832373333343635646633222c22736c6f74223a31333134307d2c22697373756572566b223a2236306365316432336235323163623533393634343266373030373638383339356635663064343363333964376530656639616163333930343165666162373133222c2270726576696f7573426c6f636b223a2261346634396338393362303963303962643163653437313931366236366332346139376264333031613064363433643432643535653539653664616335646166222c2273697a65223a3535342c22746f74616c4f7574707574223a7b225f5f74797065223a22626967696e74222c2276616c7565223a2234393939393939383230313131227d2c227478436f756e74223a312c22767266223a227672665f766b316379727632307136327430376570716e6a77783675323839386e6d773337393534386168716a366d7038766c35326d36356b39737533756a7a36227d
1323	\\x7b22626f6479223a5b5d2c2266656573223a7b225f5f74797065223a22626967696e74222c2276616c7565223a2230227d2c22686561646572223a7b22626c6f636b4e6f223a313332332c2268617368223a2236363838643362353362306161323332313431333330643163363439393136373038663838363666386234363538333330383062393837353139333932333535222c22736c6f74223a31333135337d2c22697373756572566b223a2237393130666530393461363338393634336339363661656136363461636539626134363132336639353166633063303436376430393839373431393936616537222c2270726576696f7573426c6f636b223a2232393236363261633462636138343763616133316465653338313561393962623236656234643138633263363930336239333264393832373333343635646633222c2273697a65223a342c22746f74616c4f7574707574223a7b225f5f74797065223a22626967696e74222c2276616c7565223a2230227d2c227478436f756e74223a302c22767266223a227672665f766b3178397a72347a683733706b346d7a75366b343333727079616367756164377677776d35343638687a716b353064756e65356b397366306c776335227d
1324	\\x7b22626f6479223a5b5d2c2266656573223a7b225f5f74797065223a22626967696e74222c2276616c7565223a2230227d2c22686561646572223a7b22626c6f636b4e6f223a313332342c2268617368223a2266636636393661323237343631623036643534383338386635656563653835383065346134663338363966356639343739343138376133376334316436396436222c22736c6f74223a31333135397d2c22697373756572566b223a2237393130666530393461363338393634336339363661656136363461636539626134363132336639353166633063303436376430393839373431393936616537222c2270726576696f7573426c6f636b223a2236363838643362353362306161323332313431333330643163363439393136373038663838363666386234363538333330383062393837353139333932333535222c2273697a65223a342c22746f74616c4f7574707574223a7b225f5f74797065223a22626967696e74222c2276616c7565223a2230227d2c227478436f756e74223a302c22767266223a227672665f766b3178397a72347a683733706b346d7a75366b343333727079616367756164377677776d35343638687a716b353064756e65356b397366306c776335227d
1325	\\x7b22626f6479223a5b5d2c2266656573223a7b225f5f74797065223a22626967696e74222c2276616c7565223a2230227d2c22686561646572223a7b22626c6f636b4e6f223a313332352c2268617368223a2265653339343430613231396266343430353661346130323939323564323266623062646534376264313734373564333737323861323336653435363236396335222c22736c6f74223a31333136377d2c22697373756572566b223a2264626136643364386665333161636132346230383334646563623362663730306166393662386131633363376465326639363437313537643838336135336533222c2270726576696f7573426c6f636b223a2266636636393661323237343631623036643534383338386635656563653835383065346134663338363966356639343739343138376133376334316436396436222c2273697a65223a342c22746f74616c4f7574707574223a7b225f5f74797065223a22626967696e74222c2276616c7565223a2230227d2c227478436f756e74223a302c22767266223a227672665f766b316c736b386b7a65386c63716d33356c37707373376e72333034306778673437307a7a3565706a393668307735676e76376d6e3271356c70737066227d
1326	\\x7b22626f6479223a5b7b22617578696c6961727944617461223a7b225f5f74797065223a22756e646566696e6564227d2c22626f6479223a7b22617578696c696172794461746148617368223a7b225f5f74797065223a22756e646566696e6564227d2c22636572746966696361746573223a5b7b225f5f747970656e616d65223a225374616b65526567697374726174696f6e4365727469666963617465222c227374616b6543726564656e7469616c223a7b2268617368223a226530623330646332313733356233343232376333633364376134333338363566323833353931366435323432313535663130613038383832222c2274797065223a307d7d5d2c22636f6c6c61746572616c73223a7b225f5f74797065223a22756e646566696e6564227d2c22666565223a7b225f5f74797065223a22626967696e74222c2276616c7565223a22313731353733227d2c22696e70757473223a5b7b22696e646578223a302c2274784964223a2238303831663231613536366234383835356237623566333338613761653337353865383335393365626633326234393538393939346361616131386433396539227d2c7b22696e646578223a312c2274784964223a2238303831663231613536366234383835356237623566333338613761653337353865383335393365626633326234393538393939346361616131386433396539227d5d2c226d696e74223a7b225f5f74797065223a22756e646566696e6564227d2c226f757470757473223a5b7b2261646472657373223a22616464725f746573743171727868797232666c656e6134616d733570637832366e30796a347474706d6a7132746d7565737534776177386e30716b767875793965346b64707a3073377236376a7238706a6c397136657a6d326a6767323437793971337a7071786761333773222c22646174756d223a7b225f5f74797065223a22756e646566696e6564227d2c22646174756d48617368223a7b225f5f74797065223a22756e646566696e6564227d2c227363726970745265666572656e6365223a7b225f5f74797065223a22756e646566696e6564227d2c2276616c7565223a7b22617373657473223a7b225f5f74797065223a224d6170222c2276616c7565223a5b5d7d2c22636f696e73223a7b225f5f74797065223a22626967696e74222c2276616c7565223a2233303030303030227d7d7d2c7b2261646472657373223a22616464725f746573743171727868797232666c656e6134616d733570637832366e30796a347474706d6a7132746d7565737534776177386e30716b767875793965346b64707a3073377236376a7238706a6c397136657a6d326a6767323437793971337a7071786761333773222c22646174756d223a7b225f5f74797065223a22756e646566696e6564227d2c22646174756d48617368223a7b225f5f74797065223a22756e646566696e6564227d2c227363726970745265666572656e6365223a7b225f5f74797065223a22756e646566696e6564227d2c2276616c7565223a7b22617373657473223a7b225f5f74797065223a224d6170222c2276616c7565223a5b5d7d2c22636f696e73223a7b225f5f74797065223a22626967696e74222c2276616c7565223a2234393939393936363438353338227d7d7d5d2c22726571756972656445787472615369676e617475726573223a7b225f5f74797065223a22756e646566696e6564227d2c2276616c6964697479496e74657276616c223a7b22696e76616c6964486572656166746572223a31343630377d7d2c226964223a2265386532343135303731366266373030353335333263386462356266636537623634343161356666313062373836616234656133636530346266313738613434222c22696e707574536f75726365223a22696e70757473222c227769746e657373223a7b22626f6f747374726170223a5b5d2c227369676e617475726573223a7b225f5f74797065223a224d6170222c2276616c7565223a5b5b2263396237386631316366356165383965363837303730376233333731623265613930323837356264613266623439363332613036353539393966313039353963222c223463313635383661326139653763306365386161303363346362666166396439616136373533633462663637396135646237643962383439623064643334346466383234646265653037663530616133346564313230333133653162336331313236306439363130656366333864333130623939666563613531333435343063225d5d7d7d7d5d2c2266656573223a7b225f5f74797065223a22626967696e74222c2276616c7565223a22313731353733227d2c22686561646572223a7b22626c6f636b4e6f223a313332362c2268617368223a2262326465383332393139393731353639613130303037306461373337346265303864633264363638663132323662306635623831393633353731643335323133222c22736c6f74223a31333137327d2c22697373756572566b223a2264626136643364386665333161636132346230383334646563623362663730306166393662386131633363376465326639363437313537643838336135336533222c2270726576696f7573426c6f636b223a2265653339343430613231396266343430353661346130323939323564323266623062646534376264313734373564333737323861323336653435363236396335222c2273697a65223a3336352c22746f74616c4f7574707574223a7b225f5f74797065223a22626967696e74222c2276616c7565223a2234393939393939363438353338227d2c227478436f756e74223a312c22767266223a227672665f766b316c736b386b7a65386c63716d33356c37707373376e72333034306778673437307a7a3565706a393668307735676e76376d6e3271356c70737066227d
1327	\\x7b22626f6479223a5b5d2c2266656573223a7b225f5f74797065223a22626967696e74222c2276616c7565223a2230227d2c22686561646572223a7b22626c6f636b4e6f223a313332372c2268617368223a2238326134353231633763343438393537376366383237616532663836626236363835323464663439656339363030646237613266323538633564663363353431222c22736c6f74223a31333138347d2c22697373756572566b223a2236306365316432336235323163623533393634343266373030373638383339356635663064343363333964376530656639616163333930343165666162373133222c2270726576696f7573426c6f636b223a2262326465383332393139393731353639613130303037306461373337346265303864633264363638663132323662306635623831393633353731643335323133222c2273697a65223a342c22746f74616c4f7574707574223a7b225f5f74797065223a22626967696e74222c2276616c7565223a2230227d2c227478436f756e74223a302c22767266223a227672665f766b316379727632307136327430376570716e6a77783675323839386e6d773337393534386168716a366d7038766c35326d36356b39737533756a7a36227d
1328	\\x7b22626f6479223a5b5d2c2266656573223a7b225f5f74797065223a22626967696e74222c2276616c7565223a2230227d2c22686561646572223a7b22626c6f636b4e6f223a313332382c2268617368223a2262396635303439383065643739633564353962363761666365663334383963346237306662653632323936306532356662383563326634613532663333386233222c22736c6f74223a31333230347d2c22697373756572566b223a2236306365316432336235323163623533393634343266373030373638383339356635663064343363333964376530656639616163333930343165666162373133222c2270726576696f7573426c6f636b223a2238326134353231633763343438393537376366383237616532663836626236363835323464663439656339363030646237613266323538633564663363353431222c2273697a65223a342c22746f74616c4f7574707574223a7b225f5f74797065223a22626967696e74222c2276616c7565223a2230227d2c227478436f756e74223a302c22767266223a227672665f766b316379727632307136327430376570716e6a77783675323839386e6d773337393534386168716a366d7038766c35326d36356b39737533756a7a36227d
1329	\\x7b22626f6479223a5b5d2c2266656573223a7b225f5f74797065223a22626967696e74222c2276616c7565223a2230227d2c22686561646572223a7b22626c6f636b4e6f223a313332392c2268617368223a2262363132643133363939666533343264313034656664643932373137376136613534343262383361316533623564323538366538393363633930656235306433222c22736c6f74223a31333230367d2c22697373756572566b223a2232353331306661653062366231653236343361383136306633326532303635666365363730323966323761376465366662626131646630663863383065663333222c2270726576696f7573426c6f636b223a2262396635303439383065643739633564353962363761666365663334383963346237306662653632323936306532356662383563326634613532663333386233222c2273697a65223a342c22746f74616c4f7574707574223a7b225f5f74797065223a22626967696e74222c2276616c7565223a2230227d2c227478436f756e74223a302c22767266223a227672665f766b313333656361366e6d786a3632657539706c66783363757a676b7077353739353432343433716d393266667637636a687636337673377771777371227d
1330	\\x7b22626f6479223a5b7b22617578696c6961727944617461223a7b225f5f74797065223a22756e646566696e6564227d2c22626f6479223a7b22617578696c696172794461746148617368223a7b225f5f74797065223a22756e646566696e6564227d2c22636572746966696361746573223a5b7b225f5f747970656e616d65223a225374616b6544656c65676174696f6e4365727469666963617465222c22706f6f6c4964223a22706f6f6c3165346571366a3037766c64307775397177706a6b356d6579343236637775737a6a376c7876383974687433753674386e766734222c227374616b6543726564656e7469616c223a7b2268617368223a226530623330646332313733356233343232376333633364376134333338363566323833353931366435323432313535663130613038383832222c2274797065223a307d7d5d2c22636f6c6c61746572616c73223a7b225f5f74797065223a22756e646566696e6564227d2c22666565223a7b225f5f74797065223a22626967696e74222c2276616c7565223a22313735373533227d2c22696e70757473223a5b7b22696e646578223a312c2274784964223a2265386532343135303731366266373030353335333263386462356266636537623634343161356666313062373836616234656133636530346266313738613434227d5d2c226d696e74223a7b225f5f74797065223a22756e646566696e6564227d2c226f757470757473223a5b7b2261646472657373223a22616464725f746573743171727868797232666c656e6134616d733570637832366e30796a347474706d6a7132746d7565737534776177386e30716b767875793965346b64707a3073377236376a7238706a6c397136657a6d326a6767323437793971337a7071786761333773222c22646174756d223a7b225f5f74797065223a22756e646566696e6564227d2c22646174756d48617368223a7b225f5f74797065223a22756e646566696e6564227d2c227363726970745265666572656e6365223a7b225f5f74797065223a22756e646566696e6564227d2c2276616c7565223a7b22617373657473223a7b225f5f74797065223a224d6170222c2276616c7565223a5b5d7d2c22636f696e73223a7b225f5f74797065223a22626967696e74222c2276616c7565223a2233303030303030227d7d7d2c7b2261646472657373223a22616464725f746573743171727868797232666c656e6134616d733570637832366e30796a347474706d6a7132746d7565737534776177386e30716b767875793965346b64707a3073377236376a7238706a6c397136657a6d326a6767323437793971337a7071786761333773222c22646174756d223a7b225f5f74797065223a22756e646566696e6564227d2c22646174756d48617368223a7b225f5f74797065223a22756e646566696e6564227d2c227363726970745265666572656e6365223a7b225f5f74797065223a22756e646566696e6564227d2c2276616c7565223a7b22617373657473223a7b225f5f74797065223a224d6170222c2276616c7565223a5b5d7d2c22636f696e73223a7b225f5f74797065223a22626967696e74222c2276616c7565223a2234393939393933343732373835227d7d7d5d2c22726571756972656445787472615369676e617475726573223a7b225f5f74797065223a22756e646566696e6564227d2c2276616c6964697479496e74657276616c223a7b22696e76616c6964486572656166746572223a31343634367d7d2c226964223a2264623939363230646365333666323838333834623631633231623333663966383633313762326365383836323133653639363036343938616437353338303735222c22696e707574536f75726365223a22696e70757473222c227769746e657373223a7b22626f6f747374726170223a5b5d2c227369676e617475726573223a7b225f5f74797065223a224d6170222c2276616c7565223a5b5b2263396237386631316366356165383965363837303730376233333731623265613930323837356264613266623439363332613036353539393966313039353963222c223735356564356632636536386239333230623765663466613166343239643737396533303833343662613932623466616562373230363234396465663361616236613235313634363232326463636335383237363838653635663964353430616333623238393130333063666334363966646137333562323432386438363037225d2c5b2262316237376531633633303234366137323964623564303164376630633133313261643538393565323634386330383864653632373236306334636135633836222c226630383239333532376132313531343363383130306536633738366137613430313664303533303839623662393061646662666666313261616332343831323062626430656138633263623933633731333461346164663631393738613130636630316366353766343537313230306333313931336664616237366164393061225d5d7d7d7d5d2c2266656573223a7b225f5f74797065223a22626967696e74222c2276616c7565223a22313735373533227d2c22686561646572223a7b22626c6f636b4e6f223a313333302c2268617368223a2234343363616438393037393961383163643639386138383730393765323839346565643937333463343933316639366637313837323761363637386435626432222c22736c6f74223a31333232357d2c22697373756572566b223a2231373564396166333266313431316133303737356366636462383037313262346534353738633761396131346264363666373630373565303533653363663366222c2270726576696f7573426c6f636b223a2262363132643133363939666533343264313034656664643932373137376136613534343262383361316533623564323538366538393363633930656235306433222c2273697a65223a3436302c22746f74616c4f7574707574223a7b225f5f74797065223a22626967696e74222c2276616c7565223a2234393939393936343732373835227d2c227478436f756e74223a312c22767266223a227672665f766b31307361786b763432327763777375746876766d663574676a39686b7a36743234766475336e7832367a6c38676364306d7839727133766a686876227d
1331	\\x7b22626f6479223a5b5d2c2266656573223a7b225f5f74797065223a22626967696e74222c2276616c7565223a2230227d2c22686561646572223a7b22626c6f636b4e6f223a313333312c2268617368223a2231636464623965396337306261343437353664623838393463623032623032376638326163643735303637333035663866613934656266616139333236613732222c22736c6f74223a31333233317d2c22697373756572566b223a2234643636656339613166333936393637323332396534646165343234356638336261613035373530316462643637613033633765613733336665363232363337222c2270726576696f7573426c6f636b223a2234343363616438393037393961383163643639386138383730393765323839346565643937333463343933316639366637313837323761363637386435626432222c2273697a65223a342c22746f74616c4f7574707574223a7b225f5f74797065223a22626967696e74222c2276616c7565223a2230227d2c227478436f756e74223a302c22767266223a227672665f766b31757378683236763270726d30637039356363396b656b3337766832677037726b67766867743878657261307a64666634376b72716834646c6134227d
1332	\\x7b22626f6479223a5b5d2c2266656573223a7b225f5f74797065223a22626967696e74222c2276616c7565223a2230227d2c22686561646572223a7b22626c6f636b4e6f223a313333322c2268617368223a2265613130396534376138646533346564346139636433626235646137666331643662643530653634376536353631383563313862393861633732613961636438222c22736c6f74223a31333235307d2c22697373756572566b223a2237393130666530393461363338393634336339363661656136363461636539626134363132336639353166633063303436376430393839373431393936616537222c2270726576696f7573426c6f636b223a2231636464623965396337306261343437353664623838393463623032623032376638326163643735303637333035663866613934656266616139333236613732222c2273697a65223a342c22746f74616c4f7574707574223a7b225f5f74797065223a22626967696e74222c2276616c7565223a2230227d2c227478436f756e74223a302c22767266223a227672665f766b3178397a72347a683733706b346d7a75366b343333727079616367756164377677776d35343638687a716b353064756e65356b397366306c776335227d
1333	\\x7b22626f6479223a5b5d2c2266656573223a7b225f5f74797065223a22626967696e74222c2276616c7565223a2230227d2c22686561646572223a7b22626c6f636b4e6f223a313333332c2268617368223a2261636433346564633531386130366637316431333666366161373264643638393730633561393864666662356138323166343231636264643338613863643032222c22736c6f74223a31333235327d2c22697373756572566b223a2237393130666530393461363338393634336339363661656136363461636539626134363132336639353166633063303436376430393839373431393936616537222c2270726576696f7573426c6f636b223a2265613130396534376138646533346564346139636433626235646137666331643662643530653634376536353631383563313862393861633732613961636438222c2273697a65223a342c22746f74616c4f7574707574223a7b225f5f74797065223a22626967696e74222c2276616c7565223a2230227d2c227478436f756e74223a302c22767266223a227672665f766b3178397a72347a683733706b346d7a75366b343333727079616367756164377677776d35343638687a716b353064756e65356b397366306c776335227d
1334	\\x7b22626f6479223a5b7b22617578696c6961727944617461223a7b225f5f74797065223a22756e646566696e6564227d2c22626f6479223a7b22617578696c696172794461746148617368223a7b225f5f74797065223a22756e646566696e6564227d2c22636572746966696361746573223a5b7b225f5f747970656e616d65223a225374616b654465726567697374726174696f6e4365727469666963617465222c227374616b6543726564656e7469616c223a7b2268617368223a226530623330646332313733356233343232376333633364376134333338363566323833353931366435323432313535663130613038383832222c2274797065223a307d7d5d2c22636f6c6c61746572616c73223a7b225f5f74797065223a22756e646566696e6564227d2c22666565223a7b225f5f74797065223a22626967696e74222c2276616c7565223a22313731343431227d2c22696e70757473223a5b7b22696e646578223a302c2274784964223a2265386532343135303731366266373030353335333263386462356266636537623634343161356666313062373836616234656133636530346266313738613434227d5d2c226d696e74223a7b225f5f74797065223a22756e646566696e6564227d2c226f757470757473223a5b7b2261646472657373223a22616464725f746573743171727868797232666c656e6134616d733570637832366e30796a347474706d6a7132746d7565737534776177386e30716b767875793965346b64707a3073377236376a7238706a6c397136657a6d326a6767323437793971337a7071786761333773222c22646174756d223a7b225f5f74797065223a22756e646566696e6564227d2c22646174756d48617368223a7b225f5f74797065223a22756e646566696e6564227d2c227363726970745265666572656e6365223a7b225f5f74797065223a22756e646566696e6564227d2c2276616c7565223a7b22617373657473223a7b225f5f74797065223a224d6170222c2276616c7565223a5b5d7d2c22636f696e73223a7b225f5f74797065223a22626967696e74222c2276616c7565223a2232383238353539227d7d7d5d2c22726571756972656445787472615369676e617475726573223a7b225f5f74797065223a22756e646566696e6564227d2c2276616c6964697479496e74657276616c223a7b22696e76616c6964486572656166746572223a31343639327d7d2c226964223a2230326131656331323134373935346636623233326537623635396265663234636166353138653963353766343034633965656239646230336366616437323663222c22696e707574536f75726365223a22696e70757473222c227769746e657373223a7b22626f6f747374726170223a5b5d2c227369676e617475726573223a7b225f5f74797065223a224d6170222c2276616c7565223a5b5b2263396237386631316366356165383965363837303730376233333731623265613930323837356264613266623439363332613036353539393966313039353963222c223061323731643638323730333838623036373435383362303732373239316431653230613037303861383137633130323233633937336666636538336234363432356665316263343162343939346534396134623363636334333665323036633937363034313639666238656532636635313861343036626632346334353035225d2c5b2262316237376531633633303234366137323964623564303164376630633133313261643538393565323634386330383864653632373236306334636135633836222c223637376235363237383261326534353634626337343438303036366432313639663566373265663666633164333663623435623937343635663464623362386462623531333336633732366164303339643039656237323032323236623963666366363465346434333961313766663633313830366663326432613064313035225d5d7d7d7d5d2c2266656573223a7b225f5f74797065223a22626967696e74222c2276616c7565223a22313731343431227d2c22686561646572223a7b22626c6f636b4e6f223a313333342c2268617368223a2234616430313861323836393735633961343134386436643337393461313861653131303838376531633066343830323364373861666163623362386565386663222c22736c6f74223a31333235347d2c22697373756572566b223a2234643636656339613166333936393637323332396534646165343234356638336261613035373530316462643637613033633765613733336665363232363337222c2270726576696f7573426c6f636b223a2261636433346564633531386130366637316431333666366161373264643638393730633561393864666662356138323166343231636264643338613863643032222c2273697a65223a3336322c22746f74616c4f7574707574223a7b225f5f74797065223a22626967696e74222c2276616c7565223a2232383238353539227d2c227478436f756e74223a312c22767266223a227672665f766b31757378683236763270726d30637039356363396b656b3337766832677037726b67766867743878657261307a64666634376b72716834646c6134227d
1335	\\x7b22626f6479223a5b5d2c2266656573223a7b225f5f74797065223a22626967696e74222c2276616c7565223a2230227d2c22686561646572223a7b22626c6f636b4e6f223a313333352c2268617368223a2233353031396533346131373033313366616134386634633636323565643762313034623263633165623364343231326666373562636464353961386638373263222c22736c6f74223a31333235357d2c22697373756572566b223a2264626136643364386665333161636132346230383334646563623362663730306166393662386131633363376465326639363437313537643838336135336533222c2270726576696f7573426c6f636b223a2234616430313861323836393735633961343134386436643337393461313861653131303838376531633066343830323364373861666163623362386565386663222c2273697a65223a342c22746f74616c4f7574707574223a7b225f5f74797065223a22626967696e74222c2276616c7565223a2230227d2c227478436f756e74223a302c22767266223a227672665f766b316c736b386b7a65386c63716d33356c37707373376e72333034306778673437307a7a3565706a393668307735676e76376d6e3271356c70737066227d
1336	\\x7b22626f6479223a5b7b22617578696c6961727944617461223a7b225f5f74797065223a22756e646566696e6564227d2c22626f6479223a7b22617578696c696172794461746148617368223a7b225f5f74797065223a22756e646566696e6564227d2c22636572746966696361746573223a5b7b225f5f747970656e616d65223a22506f6f6c526567697374726174696f6e4365727469666963617465222c22706f6f6c506172616d6574657273223a7b22636f7374223a7b225f5f74797065223a22626967696e74222c2276616c7565223a2231303030227d2c226964223a22706f6f6c316d37793267616b7765777179617a303574766d717177766c3268346a6a327178746b6e6b7a6577306468747577757570726571222c226d617267696e223a7b2264656e6f6d696e61746f72223a352c226e756d657261746f72223a317d2c226d657461646174614a736f6e223a7b225f5f74797065223a22756e646566696e6564227d2c226f776e657273223a5b227374616b655f7465737431757a3579687478707068337a71306673787666393233766d3363746e64673370786e7839326e6737363475663575736e716b673576225d2c22706c65646765223a7b225f5f74797065223a22626967696e74222c2276616c7565223a223530303030303030227d2c2272656c617973223a5b7b225f5f747970656e616d65223a2252656c6179427941646472657373222c2269707634223a223132372e302e302e32222c2269707636223a7b225f5f74797065223a22756e646566696e6564227d2c22706f7274223a363030307d5d2c227265776172644163636f756e74223a227374616b655f7465737431757a3579687478707068337a71306673787666393233766d3363746e64673370786e7839326e6737363475663575736e716b673576222c22767266223a2236343164303432656433396332633235386433383130363063313432346634306566386162666532356566353636663463623232343737633432623261303134227d7d5d2c22636f6c6c61746572616c73223a7b225f5f74797065223a22756e646566696e6564227d2c22666565223a7b225f5f74797065223a22626967696e74222c2276616c7565223a22313831363439227d2c22696e70757473223a5b7b22696e646578223a302c2274784964223a2265363639393032396664303464376437653366313430313363376530363262303731323432346531323365303838383634653131633161333236333437343938227d5d2c226d696e74223a7b225f5f74797065223a22756e646566696e6564227d2c226f757470757473223a5b7b2261646472657373223a22616464725f7465737431717230633366726b656d3963716e35663733646e767170656e6132376b326667716577367763743965616b613033616766776b767a72307a7971376e7176636a32347a65687273687836337a7a64787632347833613474636e666571397a776d6e37222c22646174756d223a7b225f5f74797065223a22756e646566696e6564227d2c22646174756d48617368223a7b225f5f74797065223a22756e646566696e6564227d2c227363726970745265666572656e6365223a7b225f5f74797065223a22756e646566696e6564227d2c2276616c7565223a7b22617373657473223a7b225f5f74797065223a224d6170222c2276616c7565223a5b5d7d2c22636f696e73223a7b225f5f74797065223a22626967696e74222c2276616c7565223a2233303030303030227d7d7d2c7b2261646472657373223a22616464725f7465737431717230633366726b656d3963716e35663733646e767170656e6132376b326667716577367763743965616b613033616766776b767a72307a7971376e7176636a32347a65687273687836337a7a64787632347833613474636e666571397a776d6e37222c22646174756d223a7b225f5f74797065223a22756e646566696e6564227d2c22646174756d48617368223a7b225f5f74797065223a22756e646566696e6564227d2c227363726970745265666572656e6365223a7b225f5f74797065223a22756e646566696e6564227d2c2276616c7565223a7b22617373657473223a7b225f5f74797065223a224d6170222c2276616c7565223a5b5b2236323137336239306235363761643462636632353461643066373665623337346437343964306232356664383237383661663661383339613238333233323332323936383631366536343663363533363338222c7b225f5f74797065223a22626967696e74222c2276616c7565223a2231227d5d5d7d2c22636f696e73223a7b225f5f74797065223a22626967696e74222c2276616c7565223a2236383138333531227d7d7d5d2c22726571756972656445787472615369676e617475726573223a7b225f5f74797065223a22756e646566696e6564227d2c2276616c6964697479496e74657276616c223a7b22696e76616c6964486572656166746572223a31343639357d7d2c226964223a2235663132383261353661326366613432666431306361393336346162396139613462373638663265363134313434366338376562316138393439643030616339222c22696e707574536f75726365223a22696e70757473222c227769746e657373223a7b22626f6f747374726170223a5b5d2c227369676e617475726573223a7b225f5f74797065223a224d6170222c2276616c7565223a5b5b2238343435333239353736633961353736656365373235376266653939333039323766393233396566383736313564363963333137623834316135326137666436222c223030373365333536383234343731313066333964643333363535313337633661353637636236376635303836323764363937396665626130326131396333636533356637343735653835643639383039343266336366646565626439353566326561353332666137313936386664653232343532323037643134346637353038225d2c5b2261323864383864383665633264633963626666373466613030643362363534636330343734396430643165396265303934343762663530386163613330353030222c223535316139323837333935306435363761336533663337306232663764643938356334633561333065326630323466663239323431366239616661313136383065626164313634303932333032323736373361653931343563333661326262373966633165653033346336643038643435373565333336316561353161373032225d5d7d7d7d5d2c2266656573223a7b225f5f74797065223a22626967696e74222c2276616c7565223a22313831363439227d2c22686561646572223a7b22626c6f636b4e6f223a313333362c2268617368223a2266313364373933663634353736616332656437626333333164326137643539656162653336343762633961323962653237613264393931373638313765346432222c22736c6f74223a31333236307d2c22697373756572566b223a2237393130666530393461363338393634336339363661656136363461636539626134363132336639353166633063303436376430393839373431393936616537222c2270726576696f7573426c6f636b223a2233353031396533346131373033313366616134386634633636323565643762313034623263633165623364343231326666373562636464353961386638373263222c2273697a65223a3539342c22746f74616c4f7574707574223a7b225f5f74797065223a22626967696e74222c2276616c7565223a2239383138333531227d2c227478436f756e74223a312c22767266223a227672665f766b3178397a72347a683733706b346d7a75366b343333727079616367756164377677776d35343638687a716b353064756e65356b397366306c776335227d
1337	\\x7b22626f6479223a5b5d2c2266656573223a7b225f5f74797065223a22626967696e74222c2276616c7565223a2230227d2c22686561646572223a7b22626c6f636b4e6f223a313333372c2268617368223a2232636533643765376332333265636662653034383535313436386466343234303532633661333238306635313662336337613565656261383163333730303339222c22736c6f74223a31333236357d2c22697373756572566b223a2231373830633065316563643239396663656164333431663664303639393132313963626430303166646363653463636334656566623638336231383539343338222c2270726576696f7573426c6f636b223a2266313364373933663634353736616332656437626333333164326137643539656162653336343762633961323962653237613264393931373638313765346432222c2273697a65223a342c22746f74616c4f7574707574223a7b225f5f74797065223a22626967696e74222c2276616c7565223a2230227d2c227478436f756e74223a302c22767266223a227672665f766b3176797a74326779676c7632636773787567337165633274673234336d726e6c666d64366839766d3237657266367976767865647132666a796879227d
1338	\\x7b22626f6479223a5b5d2c2266656573223a7b225f5f74797065223a22626967696e74222c2276616c7565223a2230227d2c22686561646572223a7b22626c6f636b4e6f223a313333382c2268617368223a2234613965366465376531396130366330666366393561316132356630636266363530336562633862626130383963653934636532393635326530323033386161222c22736c6f74223a31333239327d2c22697373756572566b223a2231373564396166333266313431316133303737356366636462383037313262346534353738633761396131346264363666373630373565303533653363663366222c2270726576696f7573426c6f636b223a2232636533643765376332333265636662653034383535313436386466343234303532633661333238306635313662336337613565656261383163333730303339222c2273697a65223a342c22746f74616c4f7574707574223a7b225f5f74797065223a22626967696e74222c2276616c7565223a2230227d2c227478436f756e74223a302c22767266223a227672665f766b31307361786b763432327763777375746876766d663574676a39686b7a36743234766475336e7832367a6c38676364306d7839727133766a686876227d
1339	\\x7b22626f6479223a5b5d2c2266656573223a7b225f5f74797065223a22626967696e74222c2276616c7565223a2230227d2c22686561646572223a7b22626c6f636b4e6f223a313333392c2268617368223a2232316366386135313435323939633330386466306664623162633564616162316465396364356639386337623164633433626461303837623038663738396466222c22736c6f74223a31333239357d2c22697373756572566b223a2231373830633065316563643239396663656164333431663664303639393132313963626430303166646363653463636334656566623638336231383539343338222c2270726576696f7573426c6f636b223a2234613965366465376531396130366330666366393561316132356630636266363530336562633862626130383963653934636532393635326530323033386161222c2273697a65223a342c22746f74616c4f7574707574223a7b225f5f74797065223a22626967696e74222c2276616c7565223a2230227d2c227478436f756e74223a302c22767266223a227672665f766b3176797a74326779676c7632636773787567337165633274673234336d726e6c666d64366839766d3237657266367976767865647132666a796879227d
1340	\\x7b22626f6479223a5b7b22617578696c6961727944617461223a7b225f5f74797065223a22756e646566696e6564227d2c22626f6479223a7b22617578696c696172794461746148617368223a7b225f5f74797065223a22756e646566696e6564227d2c22636572746966696361746573223a5b7b225f5f747970656e616d65223a225374616b65526567697374726174696f6e4365727469666963617465222c227374616b6543726564656e7469616c223a7b2268617368223a226138346261636331306465323230336433303333313235353435396238653137333661323231333463633535346431656435373839613732222c2274797065223a307d7d5d2c22636f6c6c61746572616c73223a7b225f5f74797065223a22756e646566696e6564227d2c22666565223a7b225f5f74797065223a22626967696e74222c2276616c7565223a22313732393831227d2c22696e70757473223a5b7b22696e646578223a302c2274784964223a2239313164626138363437376665323637393535386436636466633465343239383666666631393162643632303534663966643039363763333166336462326665227d5d2c226d696e74223a7b225f5f74797065223a22756e646566696e6564227d2c226f757470757473223a5b7b2261646472657373223a22616464725f7465737431717230633366726b656d3963716e35663733646e767170656e6132376b326667716577367763743965616b613033616766776b767a72307a7971376e7176636a32347a65687273687836337a7a64787632347833613474636e666571397a776d6e37222c22646174756d223a7b225f5f74797065223a22756e646566696e6564227d2c22646174756d48617368223a7b225f5f74797065223a22756e646566696e6564227d2c227363726970745265666572656e6365223a7b225f5f74797065223a22756e646566696e6564227d2c2276616c7565223a7b22617373657473223a7b225f5f74797065223a224d6170222c2276616c7565223a5b5d7d2c22636f696e73223a7b225f5f74797065223a22626967696e74222c2276616c7565223a2233303030303030227d7d7d2c7b2261646472657373223a22616464725f7465737431717230633366726b656d3963716e35663733646e767170656e6132376b326667716577367763743965616b613033616766776b767a72307a7971376e7176636a32347a65687273687836337a7a64787632347833613474636e666571397a776d6e37222c22646174756d223a7b225f5f74797065223a22756e646566696e6564227d2c22646174756d48617368223a7b225f5f74797065223a22756e646566696e6564227d2c227363726970745265666572656e6365223a7b225f5f74797065223a22756e646566696e6564227d2c2276616c7565223a7b22617373657473223a7b225f5f74797065223a224d6170222c2276616c7565223a5b5b223632313733623930623536376164346263663235346164306637366562333734643734396430623235666438323738366166366138333961363436663735363236633635363836313665363436633635222c7b225f5f74797065223a22626967696e74222c2276616c7565223a2232227d5d2c5b22363231373362393062353637616434626366323534616430663736656233373464373439643062323566643832373836616636613833396136383635366336633666363836313665363436633635222c7b225f5f74797065223a22626967696e74222c2276616c7565223a2231227d5d2c5b2236323137336239306235363761643462636632353461643066373665623337346437343964306232356664383237383661663661383339613734363537333734363836313665363436633635222c7b225f5f74797065223a22626967696e74222c2276616c7565223a2231227d5d5d7d2c22636f696e73223a7b225f5f74797065223a22626967696e74222c2276616c7565223a2236383237303139227d7d7d5d2c22726571756972656445787472615369676e617475726573223a7b225f5f74797065223a22756e646566696e6564227d2c2276616c6964697479496e74657276616c223a7b22696e76616c6964486572656166746572223a31343733357d7d2c226964223a2262613136653332333334303334343038336232356334616465386231666238326364313537373164346438653166663764306534303263623936636366333633222c22696e707574536f75726365223a22696e70757473222c227769746e657373223a7b22626f6f747374726170223a5b5d2c227369676e617475726573223a7b225f5f74797065223a224d6170222c2276616c7565223a5b5b2261323864383864383665633264633963626666373466613030643362363534636330343734396430643165396265303934343762663530386163613330353030222c223030306265393766363564616130643964656634386130386337366461353031386533323161366532326334306231643232626661666266613434323933383238363337303164633766333735313335333238376135306562333464653237353934653163393966343533353836323566623662383662313663356433323063225d5d7d7d7d5d2c2266656573223a7b225f5f74797065223a22626967696e74222c2276616c7565223a22313732393831227d2c22686561646572223a7b22626c6f636b4e6f223a313334302c2268617368223a2264613234663436633931373366343933316431303731323432633933326132653465616335623035663130636162663832613335383639363534393738633835222c22736c6f74223a31333331327d2c22697373756572566b223a2236306365316432336235323163623533393634343266373030373638383339356635663064343363333964376530656639616163333930343165666162373133222c2270726576696f7573426c6f636b223a2232316366386135313435323939633330386466306664623162633564616162316465396364356639386337623164633433626461303837623038663738396466222c2273697a65223a3339372c22746f74616c4f7574707574223a7b225f5f74797065223a22626967696e74222c2276616c7565223a2239383237303139227d2c227478436f756e74223a312c22767266223a227672665f766b316379727632307136327430376570716e6a77783675323839386e6d773337393534386168716a366d7038766c35326d36356b39737533756a7a36227d
1341	\\x7b22626f6479223a5b5d2c2266656573223a7b225f5f74797065223a22626967696e74222c2276616c7565223a2230227d2c22686561646572223a7b22626c6f636b4e6f223a313334312c2268617368223a2233303930353635376430386331313162656332306130303662393437313931633863346463316464623631663631343664663239626464616530353364393834222c22736c6f74223a31333331377d2c22697373756572566b223a2231373564396166333266313431316133303737356366636462383037313262346534353738633761396131346264363666373630373565303533653363663366222c2270726576696f7573426c6f636b223a2264613234663436633931373366343933316431303731323432633933326132653465616335623035663130636162663832613335383639363534393738633835222c2273697a65223a342c22746f74616c4f7574707574223a7b225f5f74797065223a22626967696e74222c2276616c7565223a2230227d2c227478436f756e74223a302c22767266223a227672665f766b31307361786b763432327763777375746876766d663574676a39686b7a36743234766475336e7832367a6c38676364306d7839727133766a686876227d
1342	\\x7b22626f6479223a5b5d2c2266656573223a7b225f5f74797065223a22626967696e74222c2276616c7565223a2230227d2c22686561646572223a7b22626c6f636b4e6f223a313334322c2268617368223a2233653132666639643266316431373237663638396665653164336135306563326161643735316338393630663135363439323535653363616163633231376166222c22736c6f74223a31333331397d2c22697373756572566b223a2237393130666530393461363338393634336339363661656136363461636539626134363132336639353166633063303436376430393839373431393936616537222c2270726576696f7573426c6f636b223a2233303930353635376430386331313162656332306130303662393437313931633863346463316464623631663631343664663239626464616530353364393834222c2273697a65223a342c22746f74616c4f7574707574223a7b225f5f74797065223a22626967696e74222c2276616c7565223a2230227d2c227478436f756e74223a302c22767266223a227672665f766b3178397a72347a683733706b346d7a75366b343333727079616367756164377677776d35343638687a716b353064756e65356b397366306c776335227d
1343	\\x7b22626f6479223a5b5d2c2266656573223a7b225f5f74797065223a22626967696e74222c2276616c7565223a2230227d2c22686561646572223a7b22626c6f636b4e6f223a313334332c2268617368223a2231343466626461643664653832373236346566343933393934393031303831336166313636613764393564613438636536653261613532343738366138353662222c22736c6f74223a31333332317d2c22697373756572566b223a2262653139393963356333656166363832336631313063303133343963303639343030396436383664306132633239323432383431613064303664613335393363222c2270726576696f7573426c6f636b223a2233653132666639643266316431373237663638396665653164336135306563326161643735316338393630663135363439323535653363616163633231376166222c2273697a65223a342c22746f74616c4f7574707574223a7b225f5f74797065223a22626967696e74222c2276616c7565223a2230227d2c227478436f756e74223a302c22767266223a227672665f766b31347070777368796e656a657a32786b376668753474377870663833756d6878396a656a7733767777707677757a6d723561716c736e6864376664227d
1344	\\x7b22626f6479223a5b5d2c2266656573223a7b225f5f74797065223a22626967696e74222c2276616c7565223a2230227d2c22686561646572223a7b22626c6f636b4e6f223a313334342c2268617368223a2261343761363533613863333762666162333766313137633130643033646663653632613564626466663435626539633432373232376565623539616265343134222c22736c6f74223a31333332327d2c22697373756572566b223a2234643636656339613166333936393637323332396534646165343234356638336261613035373530316462643637613033633765613733336665363232363337222c2270726576696f7573426c6f636b223a2231343466626461643664653832373236346566343933393934393031303831336166313636613764393564613438636536653261613532343738366138353662222c2273697a65223a342c22746f74616c4f7574707574223a7b225f5f74797065223a22626967696e74222c2276616c7565223a2230227d2c227478436f756e74223a302c22767266223a227672665f766b31757378683236763270726d30637039356363396b656b3337766832677037726b67766867743878657261307a64666634376b72716834646c6134227d
1345	\\x7b22626f6479223a5b7b22617578696c6961727944617461223a7b225f5f74797065223a22756e646566696e6564227d2c22626f6479223a7b22617578696c696172794461746148617368223a7b225f5f74797065223a22756e646566696e6564227d2c22636572746966696361746573223a5b7b225f5f747970656e616d65223a225374616b6544656c65676174696f6e4365727469666963617465222c22706f6f6c4964223a22706f6f6c316d37793267616b7765777179617a303574766d717177766c3268346a6a327178746b6e6b7a6577306468747577757570726571222c227374616b6543726564656e7469616c223a7b2268617368223a226138346261636331306465323230336433303333313235353435396238653137333661323231333463633535346431656435373839613732222c2274797065223a307d7d5d2c22636f6c6c61746572616c73223a7b225f5f74797065223a22756e646566696e6564227d2c22666565223a7b225f5f74797065223a22626967696e74222c2276616c7565223a22313739333137227d2c22696e70757473223a5b7b22696e646578223a302c2274784964223a2238323830303964646633643663393934373936383131316135323130626265613237353534393938653365383637396366653766306564363933346662633865227d5d2c226d696e74223a7b225f5f74797065223a22756e646566696e6564227d2c226f757470757473223a5b7b2261646472657373223a22616464725f7465737431717230633366726b656d3963716e35663733646e767170656e6132376b326667716577367763743965616b613033616766776b767a72307a7971376e7176636a32347a65687273687836337a7a64787632347833613474636e666571397a776d6e37222c22646174756d223a7b225f5f74797065223a22756e646566696e6564227d2c22646174756d48617368223a7b225f5f74797065223a22756e646566696e6564227d2c227363726970745265666572656e6365223a7b225f5f74797065223a22756e646566696e6564227d2c2276616c7565223a7b22617373657473223a7b225f5f74797065223a224d6170222c2276616c7565223a5b5d7d2c22636f696e73223a7b225f5f74797065223a22626967696e74222c2276616c7565223a2233303030303030227d7d7d2c7b2261646472657373223a22616464725f7465737431717230633366726b656d3963716e35663733646e767170656e6132376b326667716577367763743965616b613033616766776b767a72307a7971376e7176636a32347a65687273687836337a7a64787632347833613474636e666571397a776d6e37222c22646174756d223a7b225f5f74797065223a22756e646566696e6564227d2c22646174756d48617368223a7b225f5f74797065223a22756e646566696e6564227d2c227363726970745265666572656e6365223a7b225f5f74797065223a22756e646566696e6564227d2c2276616c7565223a7b22617373657473223a7b225f5f74797065223a224d6170222c2276616c7565223a5b5b2233616262646461353132356636353237623032313764386631656533663564376237666238353837623034396630663631633431313337633734343235343433222c7b225f5f74797065223a22626967696e74222c2276616c7565223a223133353030303030303030303030303030227d5d2c5b2233616262646461353132356636353237623032313764386631656533663564376237666238353837623034396630663631633431313337633734343535343438222c7b225f5f74797065223a22626967696e74222c2276616c7565223a223133353030303030303030303030303030227d5d2c5b223361626264646135313235663635323762303231376438663165653366356437623766623835383762303439663066363163343131333763222c7b225f5f74797065223a22626967696e74222c2276616c7565223a223133353030303030303030303030303030227d5d2c5b2233616262646461353132356636353237623032313764386631656533663564376237666238353837623034396630663631633431313337633734346434393465222c7b225f5f74797065223a22626967696e74222c2276616c7565223a223133353030303030303030303030303030227d5d5d7d2c22636f696e73223a7b225f5f74797065223a22626967696e74222c2276616c7565223a2236383230363833227d7d7d5d2c22726571756972656445787472615369676e617475726573223a7b225f5f74797065223a22756e646566696e6564227d2c2276616c6964697479496e74657276616c223a7b22696e76616c6964486572656166746572223a31343736327d7d2c226964223a2263636261326334393464646465663335656665663662633038353136626366303135316131666336353565393130373335313535316661383162306535383130222c22696e707574536f75726365223a22696e70757473222c227769746e657373223a7b22626f6f747374726170223a5b5d2c227369676e617475726573223a7b225f5f74797065223a224d6170222c2276616c7565223a5b5b2238343435333239353736633961353736656365373235376266653939333039323766393233396566383736313564363963333137623834316135326137666436222c223062396330633431666334376561366236376536396166643232656464356238353466313262383865373531613531663037353634636462666266336437633364653462336337626139646335383536643438383038363434336331346563633063373238396335313066333337663539666634313263313262336162313038225d2c5b2261323864383864383665633264633963626666373466613030643362363534636330343734396430643165396265303934343762663530386163613330353030222c223266343138666533376261343962623936326262383362646665386164633839623263643739366137326636653839623937376466333737306636363536396365613538343663646664303337653633343037663337393262623164333137656531613963323736336131333766653039353838383061636666366432353034225d5d7d7d7d5d2c2266656573223a7b225f5f74797065223a22626967696e74222c2276616c7565223a22313739333137227d2c22686561646572223a7b22626c6f636b4e6f223a313334352c2268617368223a2233353563306566636435623034666561326462376532323739663636646139386233653565633061366661653066613735363433306631323463396265313965222c22736c6f74223a31333334317d2c22697373756572566b223a2231373830633065316563643239396663656164333431663664303639393132313963626430303166646363653463636334656566623638336231383539343338222c2270726576696f7573426c6f636b223a2261343761363533613863333762666162333766313137633130643033646663653632613564626466663435626539633432373232376565623539616265343134222c2273697a65223a3534312c22746f74616c4f7574707574223a7b225f5f74797065223a22626967696e74222c2276616c7565223a2239383230363833227d2c227478436f756e74223a312c22767266223a227672665f766b3176797a74326779676c7632636773787567337165633274673234336d726e6c666d64366839766d3237657266367976767865647132666a796879227d
1346	\\x7b22626f6479223a5b5d2c2266656573223a7b225f5f74797065223a22626967696e74222c2276616c7565223a2230227d2c22686561646572223a7b22626c6f636b4e6f223a313334362c2268617368223a2263646334633339663335393430363264623565386438643431376564336432363238653132646134643934643635646262333466646238643936346332623263222c22736c6f74223a31333335347d2c22697373756572566b223a2231373830633065316563643239396663656164333431663664303639393132313963626430303166646363653463636334656566623638336231383539343338222c2270726576696f7573426c6f636b223a2233353563306566636435623034666561326462376532323739663636646139386233653565633061366661653066613735363433306631323463396265313965222c2273697a65223a342c22746f74616c4f7574707574223a7b225f5f74797065223a22626967696e74222c2276616c7565223a2230227d2c227478436f756e74223a302c22767266223a227672665f766b3176797a74326779676c7632636773787567337165633274673234336d726e6c666d64366839766d3237657266367976767865647132666a796879227d
1347	\\x7b22626f6479223a5b5d2c2266656573223a7b225f5f74797065223a22626967696e74222c2276616c7565223a2230227d2c22686561646572223a7b22626c6f636b4e6f223a313334372c2268617368223a2235303262386665353965636234373737623561326237333766346439303366666437343963666364633264616537383937313835373966343633333336346261222c22736c6f74223a31333336337d2c22697373756572566b223a2232353331306661653062366231653236343361383136306633326532303635666365363730323966323761376465366662626131646630663863383065663333222c2270726576696f7573426c6f636b223a2263646334633339663335393430363264623565386438643431376564336432363238653132646134643934643635646262333466646238643936346332623263222c2273697a65223a342c22746f74616c4f7574707574223a7b225f5f74797065223a22626967696e74222c2276616c7565223a2230227d2c227478436f756e74223a302c22767266223a227672665f766b313333656361366e6d786a3632657539706c66783363757a676b7077353739353432343433716d393266667637636a687636337673377771777371227d
1348	\\x7b22626f6479223a5b5d2c2266656573223a7b225f5f74797065223a22626967696e74222c2276616c7565223a2230227d2c22686561646572223a7b22626c6f636b4e6f223a313334382c2268617368223a2266303633323433366561306438393666616630383164623632656461336162393365356634386265303664623138376231663862313963633239316231363635222c22736c6f74223a31333337327d2c22697373756572566b223a2231373564396166333266313431316133303737356366636462383037313262346534353738633761396131346264363666373630373565303533653363663366222c2270726576696f7573426c6f636b223a2235303262386665353965636234373737623561326237333766346439303366666437343963666364633264616537383937313835373966343633333336346261222c2273697a65223a342c22746f74616c4f7574707574223a7b225f5f74797065223a22626967696e74222c2276616c7565223a2230227d2c227478436f756e74223a302c22767266223a227672665f766b31307361786b763432327763777375746876766d663574676a39686b7a36743234766475336e7832367a6c38676364306d7839727133766a686876227d
1349	\\x7b22626f6479223a5b7b22617578696c6961727944617461223a7b22626c6f62223a7b225f5f74797065223a224d6170222c2276616c7565223a5b5b7b225f5f74797065223a22626967696e74222c2276616c7565223a22373231227d2c7b225f5f74797065223a224d6170222c2276616c7565223a5b5b223632313733623930623536376164346263663235346164306637366562333734643734396430623235666438323738366166366138333961222c7b225f5f74797065223a224d6170222c2276616c7565223a5b5b2268616e646c6531222c7b225f5f74797065223a224d6170222c2276616c7565223a5b5b226175676d656e746174696f6e73222c5b5d5d2c5b22636f7265222c7b225f5f74797065223a224d6170222c2276616c7565223a5b5b2268616e646c65456e636f64696e67222c227574662d38225d2c5b226f67222c7b225f5f74797065223a22626967696e74222c2276616c7565223a2230227d5d2c5b22707265666978222c2224225d2c5b227465726d736f66757365222c2268747470733a2f2f63617264616e6f666f756e646174696f6e2e6f72672f656e2f7465726d732d616e642d636f6e646974696f6e732f225d2c5b2276657273696f6e222c7b225f5f74797065223a22626967696e74222c2276616c7565223a2230227d5d5d7d5d2c5b226465736372697074696f6e222c225468652048616e646c65205374616e64617264225d2c5b22696d616765222c22697066733a2f2f736f6d652d68617368225d2c5b226e616d65222c222468616e646c6531225d2c5b2277656273697465222c2268747470733a2f2f63617264616e6f2e6f72672f225d5d7d5d5d7d5d5d7d5d5d7d7d2c22626f6479223a7b22617578696c696172794461746148617368223a2266396137363664303138666364333236626538323936366438643130333265343830383163636536326663626135666231323430326662363666616166366233222c22636572746966696361746573223a7b225f5f74797065223a22756e646566696e6564227d2c22636f6c6c61746572616c73223a7b225f5f74797065223a22756e646566696e6564227d2c22666565223a7b225f5f74797065223a22626967696e74222c2276616c7565223a22323334383435227d2c22696e70757473223a5b7b22696e646578223a322c2274784964223a2230303261616466613566383236636435633664343537386435363336653931626363663337626432633134633765633964323331343734613965336635376537227d5d2c226d696e74223a7b225f5f74797065223a224d6170222c2276616c7565223a5b5b22363231373362393062353637616434626366323534616430663736656233373464373439643062323566643832373836616636613833396130303036343362303638363136653634366336353332222c7b225f5f74797065223a22626967696e74222c2276616c7565223a2231227d5d2c5b22363231373362393062353637616434626366323534616430663736656233373464373439643062323566643832373836616636613833396130303064653134303638363136653634366336353332222c7b225f5f74797065223a22626967696e74222c2276616c7565223a2231227d5d2c5b2236323137336239306235363761643462636632353461643066373665623337346437343964306232356664383237383661663661383339613638363136653634366336353331222c7b225f5f74797065223a22626967696e74222c2276616c7565223a2231227d5d5d7d2c226f757470757473223a5b7b2261646472657373223a22616464725f746573743171707730646a676a307835396e67726a767174686e37656e68767275786e736176737735746836336c61336d6a656c33746b63393734737232336a6d6c7a6771357a646134677476386b39637933383735367239793371676d6b71716a7a36616137222c22646174756d223a7b2263626f72223a2264383739396661613434366536313664363534613234373036383631373236643635373237333332343536393664363136373635353833383639373036363733336132663266376136343661333735373664366635613336353637393335363433333462333637353731343235333532356135303532376135333635363235363738363234633332366533313537343135313465343135383333366634633631353736353539373434393664363536343639363135343739373036353461363936643631363736353266366137303635363734323666363730303439366636373566366537353664363236353732303034363732363137323639373437393435363236313733363936333436366336353665363737343638303934613633363836313732363136333734363537323733346636633635373437343635373237333263366537353664363236353732373335313665373536643635373236393633356636643666363436393636363936353732373334303437373636353732373336393666366530313031623334383632363735663639366436313637363535383335363937303636373333613266326635313664353933363538363937313432373233393461346536653735363737353534353237333738333336663633373636623531363536643465346133353639343335323464363936353338333537373731376133393334346136663439373036363730356636393664363136373635353833353639373036363733336132663266353136643537363736613538343337383536353535333537353037393331353736643535353633333661366635303530333137333561346437363561333733313733366633363731373933363433333235613735366235323432343434363730366637323734363136633430343836343635373336393637366536353732353833383639373036363733336132663266376136323332373236383662333237383435333135343735353735373738373434383534376136663335363737343434363934353738343133363534373237363533346236393539366536313736373034353532333334633636343436623666346234373733366636333639363136633733343034363736363536653634366637323430343736343635363636313735366337343030346537333734363136653634363137323634356636393664363136373635353833383639373036363733336132663266376136323332373236383639366234333536373435333561376134623735363933353333366237363537346333383739373435363433373436333761363734353732333934323463366134363632353834323334353435383535373836383438373935333663363137333734356637353730363436313734363535663631363436343732363537333733353833393031653830666433303330626662313766323562666565353064326537316339656365363832393239313536393866393535656136363435656132623762653031323236386139356562616566653533303531363434303564663232636534313139613461333534396262663163646133643463373636313663363936343631373436353634356636323739353831633464613936356130343964666431356564316565313966626136653239373461306237396663343136646431373936613166393766356531346136393664363136373635356636383631373336383538323062636435386330646365656139376237313762636265306564633430623265363566633233323961346462396365333731366234376239306562353136376465353337333734363136653634363137323634356636393664363136373635356636383631373336383538323062336430366238363034616363393137323965346431306666356634326461343133376362623662393433323931663730336562393737363136373363393830346237333736363735663736363537323733363936663665343633313265333133353265333034633631363737323635363536343566373436353732366437333430353436643639363737323631373436353566373336393637356637323635373137353639373236353634303034343665373336363737303034353734373236393631366330303439373036363730356636313733373336353734353832336537343836326130396431376139636230333137346136626435666133303562383638343437356334633336303231353931633630366530343435303330333633383331333634383632363735663631373337333635373435383263396264663433376236383331643436643932643064623830663139663162373032313435653966646363343363363236346637613034646330303162633238303534363836353230343637323635363532303466366536356666222c22636f6e7374727563746f72223a7b225f5f74797065223a22626967696e74222c2276616c7565223a2230227d2c226669656c6473223a7b2263626f72223a22396661613434366536313664363534613234373036383631373236643635373237333332343536393664363136373635353833383639373036363733336132663266376136343661333735373664366635613336353637393335363433333462333637353731343235333532356135303532376135333635363235363738363234633332366533313537343135313465343135383333366634633631353736353539373434393664363536343639363135343739373036353461363936643631363736353266366137303635363734323666363730303439366636373566366537353664363236353732303034363732363137323639373437393435363236313733363936333436366336353665363737343638303934613633363836313732363136333734363537323733346636633635373437343635373237333263366537353664363236353732373335313665373536643635373236393633356636643666363436393636363936353732373334303437373636353732373336393666366530313031623334383632363735663639366436313637363535383335363937303636373333613266326635313664353933363538363937313432373233393461346536653735363737353534353237333738333336663633373636623531363536643465346133353639343335323464363936353338333537373731376133393334346136663439373036363730356636393664363136373635353833353639373036363733336132663266353136643537363736613538343337383536353535333537353037393331353736643535353633333661366635303530333137333561346437363561333733313733366633363731373933363433333235613735366235323432343434363730366637323734363136633430343836343635373336393637366536353732353833383639373036363733336132663266376136323332373236383662333237383435333135343735353735373738373434383534376136663335363737343434363934353738343133363534373237363533346236393539366536313736373034353532333334633636343436623666346234373733366636333639363136633733343034363736363536653634366637323430343736343635363636313735366337343030346537333734363136653634363137323634356636393664363136373635353833383639373036363733336132663266376136323332373236383639366234333536373435333561376134623735363933353333366237363537346333383739373435363433373436333761363734353732333934323463366134363632353834323334353435383535373836383438373935333663363137333734356637353730363436313734363535663631363436343732363537333733353833393031653830666433303330626662313766323562666565353064326537316339656365363832393239313536393866393535656136363435656132623762653031323236386139356562616566653533303531363434303564663232636534313139613461333534396262663163646133643463373636313663363936343631373436353634356636323739353831633464613936356130343964666431356564316565313966626136653239373461306237396663343136646431373936613166393766356531346136393664363136373635356636383631373336383538323062636435386330646365656139376237313762636265306564633430623265363566633233323961346462396365333731366234376239306562353136376465353337333734363136653634363137323634356636393664363136373635356636383631373336383538323062336430366238363034616363393137323965346431306666356634326461343133376362623662393433323931663730336562393737363136373363393830346237333736363735663736363537323733363936663665343633313265333133353265333034633631363737323635363536343566373436353732366437333430353436643639363737323631373436353566373336393637356637323635373137353639373236353634303034343665373336363737303034353734373236393631366330303439373036363730356636313733373336353734353832336537343836326130396431376139636230333137346136626435666133303562383638343437356334633336303231353931633630366530343435303330333633383331333634383632363735663631373337333635373435383263396264663433376236383331643436643932643064623830663139663162373032313435653966646363343363363236346637613034646330303162633238303534363836353230343637323635363532303466366536356666222c226974656d73223a5b7b2263626f72223a226161343436653631366436353461323437303638363137323664363537323733333234353639366436313637363535383338363937303636373333613266326637613634366133373537366436663561333635363739333536343333346233363735373134323533353235613530353237613533363536323536373836323463333236653331353734313531346534313538333336663463363135373635353937343439366436353634363936313534373937303635346136393664363136373635326636613730363536373432366636373030343936663637356636653735366436323635373230303436373236313732363937343739343536323631373336393633343636633635366536373734363830393461363336383631373236313633373436353732373334663663363537343734363537323733326336653735366436323635373237333531366537353664363537323639363335663664366636343639363636393635373237333430343737363635373237333639366636653031222c2264617461223a7b225f5f74797065223a224d6170222c2276616c7565223a5b5b7b225f5f74797065223a22427566666572222c2276616c7565223a223665363136643635227d2c7b225f5f74797065223a22427566666572222c2276616c7565223a223234373036383631373236643635373237333332227d5d2c5b7b225f5f74797065223a22427566666572222c2276616c7565223a2236393664363136373635227d2c7b225f5f74797065223a22427566666572222c2276616c7565223a2236393730363637333361326632663761363436613337353736643666356133363536373933353634333334623336373537313432353335323561353035323761353336353632353637383632346333323665333135373431353134653431353833333666346336313537363535393734227d5d2c5b7b225f5f74797065223a22427566666572222c2276616c7565223a22366436353634363936313534373937303635227d2c7b225f5f74797065223a22427566666572222c2276616c7565223a223639366436313637363532663661373036353637227d5d2c5b7b225f5f74797065223a22427566666572222c2276616c7565223a2236663637227d2c7b225f5f74797065223a22626967696e74222c2276616c7565223a2230227d5d2c5b7b225f5f74797065223a22427566666572222c2276616c7565223a22366636373566366537353664363236353732227d2c7b225f5f74797065223a22626967696e74222c2276616c7565223a2230227d5d2c5b7b225f5f74797065223a22427566666572222c2276616c7565223a22373236313732363937343739227d2c7b225f5f74797065223a22427566666572222c2276616c7565223a2236323631373336393633227d5d2c5b7b225f5f74797065223a22427566666572222c2276616c7565223a22366336353665363737343638227d2c7b225f5f74797065223a22626967696e74222c2276616c7565223a2239227d5d2c5b7b225f5f74797065223a22427566666572222c2276616c7565223a223633363836313732363136333734363537323733227d2c7b225f5f74797065223a22427566666572222c2276616c7565223a22366336353734373436353732373332633665373536643632363537323733227d5d2c5b7b225f5f74797065223a22427566666572222c2276616c7565223a2236653735366436353732363936333566366436663634363936363639363537323733227d2c7b225f5f74797065223a22427566666572222c2276616c7565223a22227d5d2c5b7b225f5f74797065223a22427566666572222c2276616c7565223a223736363537323733363936663665227d2c7b225f5f74797065223a22626967696e74222c2276616c7565223a2231227d5d5d7d7d2c7b225f5f74797065223a22626967696e74222c2276616c7565223a2231227d2c7b2263626f72223a2262333438363236373566363936643631363736353538333536393730363637333361326632663531366435393336353836393731343237323339346134653665373536373735353435323733373833333666363337363662353136353664346534613335363934333532346436393635333833353737373137613339333434613666343937303636373035663639366436313637363535383335363937303636373333613266326635313664353736373661353834333738353635353533353735303739333135373664353535363333366136663530353033313733356134643736356133373331373336663336373137393336343333323561373536623532343234343436373036663732373436313663343034383634363537333639363736653635373235383338363937303636373333613266326637613632333237323638366233323738343533313534373535373537373837343438353437613666333536373734343436393435373834313336353437323736353334623639353936653631373637303435353233333463363634343662366634623437373336663633363936313663373334303436373636353665363436663732343034373634363536363631373536633734303034653733373436313665363436313732363435663639366436313637363535383338363937303636373333613266326637613632333237323638363936623433353637343533356137613462373536393335333336623736353734633338373937343536343337343633376136373435373233393432346336613436363235383432333435343538353537383638343837393533366336313733373435663735373036343631373436353566363136343634373236353733373335383339303165383066643330333062666231376632356266656535306432653731633965636536383239323931353639386639353565613636343565613262376265303132323638613935656261656665353330353136343430356466323263653431313961346133353439626266316364613364346337363631366336393634363137343635363435663632373935383163346461393635613034396466643135656431656531396662613665323937346130623739666334313664643137393661316639376635653134613639366436313637363535663638363137333638353832306263643538633064636565613937623731376263626530656463343062326536356663323332396134646239636533373136623437623930656235313637646535333733373436313665363436313732363435663639366436313637363535663638363137333638353832306233643036623836303461636339313732396534643130666635663432646134313337636262366239343332393166373033656239373736313637336339383034623733373636373566373636353732373336393666366534363331326533313335326533303463363136373732363536353634356637343635373236643733343035343664363936373732363137343635356637333639363735663732363537313735363937323635363430303434366537333636373730303435373437323639363136633030343937303636373035663631373337333635373435383233653734383632613039643137613963623033313734613662643566613330356238363834343735633463333630323135393163363036653034343530333033363338333133363438363236373566363137333733363537343538326339626466343337623638333164343664393264306462383066313966316237303231343565396664636334336336323634663761303464633030316263323830353436383635323034363732363536353230346636653635222c2264617461223a7b225f5f74797065223a224d6170222c2276616c7565223a5b5b7b225f5f74797065223a22427566666572222c2276616c7565223a2236323637356636393664363136373635227d2c7b225f5f74797065223a22427566666572222c2276616c7565223a2236393730363637333361326632663531366435393336353836393731343237323339346134653665373536373735353435323733373833333666363337363662353136353664346534613335363934333532346436393635333833353737373137613339333434613666227d5d2c5b7b225f5f74797065223a22427566666572222c2276616c7565223a22373036363730356636393664363136373635227d2c7b225f5f74797065223a22427566666572222c2276616c7565223a2236393730363637333361326632663531366435373637366135383433373835363535353335373530373933313537366435353536333336613666353035303331373335613464373635613337333137333666333637313739333634333332356137353662353234323434227d5d2c5b7b225f5f74797065223a22427566666572222c2276616c7565223a22373036663732373436313663227d2c7b225f5f74797065223a22427566666572222c2276616c7565223a22227d5d2c5b7b225f5f74797065223a22427566666572222c2276616c7565223a2236343635373336393637366536353732227d2c7b225f5f74797065223a22427566666572222c2276616c7565223a2236393730363637333361326632663761363233323732363836623332373834353331353437353537353737383734343835343761366633353637373434343639343537383431333635343732373635333462363935393665363137363730343535323333346336363434366236663462227d5d2c5b7b225f5f74797065223a22427566666572222c2276616c7565223a223733366636333639363136633733227d2c7b225f5f74797065223a22427566666572222c2276616c7565223a22227d5d2c5b7b225f5f74797065223a22427566666572222c2276616c7565223a22373636353665363436663732227d2c7b225f5f74797065223a22427566666572222c2276616c7565223a22227d5d2c5b7b225f5f74797065223a22427566666572222c2276616c7565223a223634363536363631373536633734227d2c7b225f5f74797065223a22626967696e74222c2276616c7565223a2230227d5d2c5b7b225f5f74797065223a22427566666572222c2276616c7565223a2237333734363136653634363137323634356636393664363136373635227d2c7b225f5f74797065223a22427566666572222c2276616c7565223a2236393730363637333361326632663761363233323732363836393662343335363734353335613761346237353639333533333662373635373463333837393734353634333734363337613637343537323339343234633661343636323538343233343534353835353738363834383739227d5d2c5b7b225f5f74797065223a22427566666572222c2276616c7565223a223663363137333734356637353730363436313734363535663631363436343732363537333733227d2c7b225f5f74797065223a22427566666572222c2276616c7565223a22303165383066643330333062666231376632356266656535306432653731633965636536383239323931353639386639353565613636343565613262376265303132323638613935656261656665353330353136343430356466323263653431313961346133353439626266316364613364227d5d2c5b7b225f5f74797065223a22427566666572222c2276616c7565223a22373636313663363936343631373436353634356636323739227d2c7b225f5f74797065223a22427566666572222c2276616c7565223a223464613936356130343964666431356564316565313966626136653239373461306237396663343136646431373936613166393766356531227d5d2c5b7b225f5f74797065223a22427566666572222c2276616c7565223a223639366436313637363535663638363137333638227d2c7b225f5f74797065223a22427566666572222c2276616c7565223a2262636435386330646365656139376237313762636265306564633430623265363566633233323961346462396365333731366234376239306562353136376465227d5d2c5b7b225f5f74797065223a22427566666572222c2276616c7565223a223733373436313665363436313732363435663639366436313637363535663638363137333638227d2c7b225f5f74797065223a22427566666572222c2276616c7565223a2262336430366238363034616363393137323965346431306666356634326461343133376362623662393433323931663730336562393737363136373363393830227d5d2c5b7b225f5f74797065223a22427566666572222c2276616c7565223a2237333736363735663736363537323733363936663665227d2c7b225f5f74797065223a22427566666572222c2276616c7565223a22333132653331333532653330227d5d2c5b7b225f5f74797065223a22427566666572222c2276616c7565223a22363136373732363536353634356637343635373236643733227d2c7b225f5f74797065223a22427566666572222c2276616c7565223a22227d5d2c5b7b225f5f74797065223a22427566666572222c2276616c7565223a2236643639363737323631373436353566373336393637356637323635373137353639373236353634227d2c7b225f5f74797065223a22626967696e74222c2276616c7565223a2230227d5d2c5b7b225f5f74797065223a22427566666572222c2276616c7565223a223665373336363737227d2c7b225f5f74797065223a22626967696e74222c2276616c7565223a2230227d5d2c5b7b225f5f74797065223a22427566666572222c2276616c7565223a2237343732363936313663227d2c7b225f5f74797065223a22626967696e74222c2276616c7565223a2230227d5d2c5b7b225f5f74797065223a22427566666572222c2276616c7565223a22373036363730356636313733373336353734227d2c7b225f5f74797065223a22427566666572222c2276616c7565223a2265373438363261303964313761396362303331373461366264356661333035623836383434373563346333363032313539316336303665303434353033303336333833313336227d5d2c5b7b225f5f74797065223a22427566666572222c2276616c7565223a2236323637356636313733373336353734227d2c7b225f5f74797065223a22427566666572222c2276616c7565223a2239626466343337623638333164343664393264306462383066313966316237303231343565396664636334336336323634663761303464633030316263323830353436383635323034363732363536353230346636653635227d5d5d7d7d5d7d7d2c22646174756d48617368223a7b225f5f74797065223a22756e646566696e6564227d2c227363726970745265666572656e6365223a7b225f5f74797065223a22756e646566696e6564227d2c2276616c7565223a7b22617373657473223a7b225f5f74797065223a224d6170222c2276616c7565223a5b5b22363231373362393062353637616434626366323534616430663736656233373464373439643062323566643832373836616636613833396130303036343362303638363136653634366336353332222c7b225f5f74797065223a22626967696e74222c2276616c7565223a2231227d5d2c5b22363231373362393062353637616434626366323534616430663736656233373464373439643062323566643832373836616636613833396130303064653134303638363136653634366336353332222c7b225f5f74797065223a22626967696e74222c2276616c7565223a2231227d5d2c5b2236323137336239306235363761643462636632353461643066373665623337346437343964306232356664383237383661663661383339613638363136653634366336353331222c7b225f5f74797065223a22626967696e74222c2276616c7565223a2231227d5d5d7d2c22636f696e73223a7b225f5f74797065223a22626967696e74222c2276616c7565223a223130303030303030227d7d7d2c7b2261646472657373223a22616464725f746573743171707730646a676a307835396e67726a767174686e37656e68767275786e736176737735746836336c61336d6a656c7370396a6e32346e6366736172616863726734746b6e74396775703775663775616b3275397972326532346471717a70717764222c22646174756d223a7b225f5f74797065223a22756e646566696e6564227d2c22646174756d48617368223a7b225f5f74797065223a22756e646566696e6564227d2c227363726970745265666572656e6365223a7b225f5f74797065223a22756e646566696e6564227d2c2276616c7565223a7b22617373657473223a7b225f5f74797065223a224d6170222c2276616c7565223a5b5d7d2c22636f696e73223a7b225f5f74797065223a22626967696e74222c2276616c7565223a2231323532303732393834303334227d7d7d5d2c22726571756972656445787472615369676e617475726573223a7b225f5f74797065223a22756e646566696e6564227d2c2276616c6964697479496e74657276616c223a7b22696e76616c6964486572656166746572223a31343831327d7d2c226964223a2262383533383132653837313332313137663465336561303439646237663138346165623335373063386134303362663832623066656337323139343632616239222c22696e707574536f75726365223a22696e70757473222c227769746e657373223a7b22626f6f747374726170223a5b5d2c227369676e617475726573223a7b225f5f74797065223a224d6170222c2276616c7565223a5b5b2233363863663661313161633765323939313735363861333636616636326135393663623963646538313734626665376636653838333933656364623164636336222c223234346362356466366139313330666165613830366239666239626439333565656261316430626638386433323963336461623262313036646465346661656133623463373833656264373136663136346630646565663064623266373736383138396530316231623035626535666565396563383034623931376363303063225d5d7d7d7d5d2c2266656573223a7b225f5f74797065223a22626967696e74222c2276616c7565223a22323334383435227d2c22686561646572223a7b22626c6f636b4e6f223a313334392c2268617368223a2231303337303165643332303837646635323562386437303961386538396536393230386561383934656663353863343830643165646536646431323665633233222c22736c6f74223a31333430347d2c22697373756572566b223a2237393130666530393461363338393634336339363661656136363461636539626134363132336639353166633063303436376430393839373431393936616537222c2270726576696f7573426c6f636b223a2266303633323433366561306438393666616630383164623632656461336162393365356634386265303664623138376231663862313963633239316231363635222c2273697a65223a313730342c22746f74616c4f7574707574223a7b225f5f74797065223a22626967696e74222c2276616c7565223a2231323532303832393834303334227d2c227478436f756e74223a312c22767266223a227672665f766b3178397a72347a683733706b346d7a75366b343333727079616367756164377677776d35343638687a716b353064756e65356b397366306c776335227d
1350	\\x7b22626f6479223a5b5d2c2266656573223a7b225f5f74797065223a22626967696e74222c2276616c7565223a2230227d2c22686561646572223a7b22626c6f636b4e6f223a313335302c2268617368223a2264313638653932636365636133323834656565336262653532383363663139656465353335363335343938336364613234343166626630366339346238636133222c22736c6f74223a31333430387d2c22697373756572566b223a2237393130666530393461363338393634336339363661656136363461636539626134363132336639353166633063303436376430393839373431393936616537222c2270726576696f7573426c6f636b223a2231303337303165643332303837646635323562386437303961386538396536393230386561383934656663353863343830643165646536646431323665633233222c2273697a65223a342c22746f74616c4f7574707574223a7b225f5f74797065223a22626967696e74222c2276616c7565223a2230227d2c227478436f756e74223a302c22767266223a227672665f766b3178397a72347a683733706b346d7a75366b343333727079616367756164377677776d35343638687a716b353064756e65356b397366306c776335227d
1351	\\x7b22626f6479223a5b5d2c2266656573223a7b225f5f74797065223a22626967696e74222c2276616c7565223a2230227d2c22686561646572223a7b22626c6f636b4e6f223a313335312c2268617368223a2235373632636365313332313633653036323434636239326236363062626136643130623164613433666562396534353563643837393564643832623464333738222c22736c6f74223a31333431307d2c22697373756572566b223a2236306365316432336235323163623533393634343266373030373638383339356635663064343363333964376530656639616163333930343165666162373133222c2270726576696f7573426c6f636b223a2264313638653932636365636133323834656565336262653532383363663139656465353335363335343938336364613234343166626630366339346238636133222c2273697a65223a342c22746f74616c4f7574707574223a7b225f5f74797065223a22626967696e74222c2276616c7565223a2230227d2c227478436f756e74223a302c22767266223a227672665f766b316379727632307136327430376570716e6a77783675323839386e6d773337393534386168716a366d7038766c35326d36356b39737533756a7a36227d
1352	\\x7b22626f6479223a5b5d2c2266656573223a7b225f5f74797065223a22626967696e74222c2276616c7565223a2230227d2c22686561646572223a7b22626c6f636b4e6f223a313335322c2268617368223a2238613063396436623337656264303035653132626166306132363739656363326334303761616163373062653732323231386139643661616332356462363332222c22736c6f74223a31333432307d2c22697373756572566b223a2264626136643364386665333161636132346230383334646563623362663730306166393662386131633363376465326639363437313537643838336135336533222c2270726576696f7573426c6f636b223a2235373632636365313332313633653036323434636239326236363062626136643130623164613433666562396534353563643837393564643832623464333738222c2273697a65223a342c22746f74616c4f7574707574223a7b225f5f74797065223a22626967696e74222c2276616c7565223a2230227d2c227478436f756e74223a302c22767266223a227672665f766b316c736b386b7a65386c63716d33356c37707373376e72333034306778673437307a7a3565706a393668307735676e76376d6e3271356c70737066227d
1353	\\x7b22626f6479223a5b7b22617578696c6961727944617461223a7b22626c6f62223a7b225f5f74797065223a224d6170222c2276616c7565223a5b5b7b225f5f74797065223a22626967696e74222c2276616c7565223a22373231227d2c7b225f5f74797065223a224d6170222c2276616c7565223a5b5b223632313733623930623536376164346263663235346164306637366562333734643734396430623235666438323738366166366138333961222c7b225f5f74797065223a224d6170222c2276616c7565223a5b5b2268616e646c222c7b225f5f74797065223a224d6170222c2276616c7565223a5b5b226175676d656e746174696f6e73222c5b5d5d2c5b22636f7265222c7b225f5f74797065223a224d6170222c2276616c7565223a5b5b2268616e646c65456e636f64696e67222c227574662d38225d2c5b226f67222c7b225f5f74797065223a22626967696e74222c2276616c7565223a2230227d5d2c5b22707265666978222c2224225d2c5b227465726d736f66757365222c2268747470733a2f2f63617264616e6f666f756e646174696f6e2e6f72672f656e2f7465726d732d616e642d636f6e646974696f6e732f225d2c5b2276657273696f6e222c7b225f5f74797065223a22626967696e74222c2276616c7565223a2230227d5d5d7d5d2c5b226465736372697074696f6e222c225468652048616e646c65205374616e64617264225d2c5b22696d616765222c22697066733a2f2f736f6d652d68617368225d2c5b226e616d65222c222468616e646c225d2c5b2277656273697465222c2268747470733a2f2f63617264616e6f2e6f72672f225d5d7d5d5d7d5d5d7d5d5d7d7d2c22626f6479223a7b22617578696c696172794461746148617368223a2265323230393864366565623066316364373339656434343165303835666138383936633764323830626664636461393534653063633261393734353935393638222c22636572746966696361746573223a7b225f5f74797065223a22756e646566696e6564227d2c22636f6c6c61746572616c73223a7b225f5f74797065223a22756e646566696e6564227d2c22666565223a7b225f5f74797065223a22626967696e74222c2276616c7565223a22323232313239227d2c22696e70757473223a5b7b22696e646578223a332c2274784964223a2230303261616466613566383236636435633664343537386435363336653931626363663337626432633134633765633964323331343734613965336635376537227d5d2c226d696e74223a7b225f5f74797065223a224d6170222c2276616c7565223a5b5b223632313733623930623536376164346263663235346164306637366562333734643734396430623235666438323738366166366138333961303030646531343036383631366536343663222c7b225f5f74797065223a22626967696e74222c2276616c7565223a2231227d5d5d7d2c226f757470757473223a5b7b2261646472657373223a22616464725f746573743171707730646a676a307835396e67726a767174686e37656e68767275786e736176737735746836336c61336d6a656c33746b63393734737232336a6d6c7a6771357a646134677476386b39637933383735367239793371676d6b71716a7a36616137222c22646174756d223a7b2263626f72223a2264383739396661613434366536313664363534353234363836653634366334353639366436313637363535383338363937303636373333613266326637613632333237323638356136613463346135343538333836313561366434613761343234323438363233363662373533353434366436653636353036373464343733373561366437333632373136323331373336363733363335363336353937303439366436353634363936313534373937303635346136393664363136373635326636613730363536373432366636373030343936663637356636653735366436323635373230303436373236313732363937343739343636333666366436643666366534363663363536653637373436383034346136333638363137323631363337343635373237333437366336353734373436353732373335313665373536643635373236393633356636643666363436393636363936353732373334303437373636353732373336393666366530313031616634653733373436313665363436313732363435663639366436313637363535383338363937303636373333613266326637613632333237323638356136613463346135343538333836313561366434613761343234323438363233363662373533353434366436653636353036373464343733373561366437333632373136323331373336363733363335363336353937303436373036663732373436313663343034383634363537333639363736653635373234303437373336663633363936313663373334303436373636353665363436663732343034373634363536363631373536633734303035333663363137333734356637353730363436313734363535663631363436343732363537333733353833393030663534316630383232643437393465366431646463336330643565393332353835626663636532643836396231633265653035623164633763333762616365363462353762353061303434626261666135393338313161366634396339643864386330623138373933326532646634303463373636313663363936343631373436353634356636323739353831633464613936356130343964666431356564316565313966626136653239373461306237396663343136646431373936613166393766356531346136393664363136373635356636383631373336383538343033323634363436353337363136333633333036323337363533323333333933313632363633333332363133333634363533373634333536363331333736333335363336353636333233313633333333363632363433323333333536343633363636333634333733383337363436333636333433393635363636313336333333393533373337343631366536343631373236343566363936643631363736353566363836313733363835383430333236343634363533373631363336333330363233373635333233333339333136323636333333323631333336343635333736343335363633313337363333353633363536363332333136333333333636323634333233333335363436333636363336343337333833373634363336363334333936353636363133363333333934623733373636373566373636353732373336393666366534353332326533303265333134633631363737323635363536343566373436353732366437333430353436643639363737323631373436353566373336393637356637323635373137353639373236353634303034353734373236393631366330303434366537333636373730306666222c22636f6e7374727563746f72223a7b225f5f74797065223a22626967696e74222c2276616c7565223a2230227d2c226669656c6473223a7b2263626f72223a22396661613434366536313664363534353234363836653634366334353639366436313637363535383338363937303636373333613266326637613632333237323638356136613463346135343538333836313561366434613761343234323438363233363662373533353434366436653636353036373464343733373561366437333632373136323331373336363733363335363336353937303439366436353634363936313534373937303635346136393664363136373635326636613730363536373432366636373030343936663637356636653735366436323635373230303436373236313732363937343739343636333666366436643666366534363663363536653637373436383034346136333638363137323631363337343635373237333437366336353734373436353732373335313665373536643635373236393633356636643666363436393636363936353732373334303437373636353732373336393666366530313031616634653733373436313665363436313732363435663639366436313637363535383338363937303636373333613266326637613632333237323638356136613463346135343538333836313561366434613761343234323438363233363662373533353434366436653636353036373464343733373561366437333632373136323331373336363733363335363336353937303436373036663732373436313663343034383634363537333639363736653635373234303437373336663633363936313663373334303436373636353665363436663732343034373634363536363631373536633734303035333663363137333734356637353730363436313734363535663631363436343732363537333733353833393030663534316630383232643437393465366431646463336330643565393332353835626663636532643836396231633265653035623164633763333762616365363462353762353061303434626261666135393338313161366634396339643864386330623138373933326532646634303463373636313663363936343631373436353634356636323739353831633464613936356130343964666431356564316565313966626136653239373461306237396663343136646431373936613166393766356531346136393664363136373635356636383631373336383538343033323634363436353337363136333633333036323337363533323333333933313632363633333332363133333634363533373634333536363331333736333335363336353636333233313633333333363632363433323333333536343633363636333634333733383337363436333636333433393635363636313336333333393533373337343631366536343631373236343566363936643631363736353566363836313733363835383430333236343634363533373631363336333330363233373635333233333339333136323636333333323631333336343635333736343335363633313337363333353633363536363332333136333333333636323634333233333335363436333636363336343337333833373634363336363334333936353636363133363333333934623733373636373566373636353732373336393666366534353332326533303265333134633631363737323635363536343566373436353732366437333430353436643639363737323631373436353566373336393637356637323635373137353639373236353634303034353734373236393631366330303434366537333636373730306666222c226974656d73223a5b7b2263626f72223a226161343436653631366436353435323436383665363436633435363936643631363736353538333836393730363637333361326632663761363233323732363835613661346334613534353833383631356136643461376134323432343836323336366237353335343436643665363635303637346434373337356136643733363237313632333137333636373336333536333635393730343936643635363436393631353437393730363534613639366436313637363532663661373036353637343236663637303034393666363735663665373536643632363537323030343637323631373236393734373934363633366636643664366636653436366336353665363737343638303434613633363836313732363136333734363537323733343736633635373437343635373237333531366537353664363537323639363335663664366636343639363636393635373237333430343737363635373237333639366636653031222c2264617461223a7b225f5f74797065223a224d6170222c2276616c7565223a5b5b7b225f5f74797065223a22427566666572222c2276616c7565223a223665363136643635227d2c7b225f5f74797065223a22427566666572222c2276616c7565223a2232343638366536343663227d5d2c5b7b225f5f74797065223a22427566666572222c2276616c7565223a2236393664363136373635227d2c7b225f5f74797065223a22427566666572222c2276616c7565223a2236393730363637333361326632663761363233323732363835613661346334613534353833383631356136643461376134323432343836323336366237353335343436643665363635303637346434373337356136643733363237313632333137333636373336333536333635393730227d5d2c5b7b225f5f74797065223a22427566666572222c2276616c7565223a22366436353634363936313534373937303635227d2c7b225f5f74797065223a22427566666572222c2276616c7565223a223639366436313637363532663661373036353637227d5d2c5b7b225f5f74797065223a22427566666572222c2276616c7565223a2236663637227d2c7b225f5f74797065223a22626967696e74222c2276616c7565223a2230227d5d2c5b7b225f5f74797065223a22427566666572222c2276616c7565223a22366636373566366537353664363236353732227d2c7b225f5f74797065223a22626967696e74222c2276616c7565223a2230227d5d2c5b7b225f5f74797065223a22427566666572222c2276616c7565223a22373236313732363937343739227d2c7b225f5f74797065223a22427566666572222c2276616c7565223a22363336663664366436663665227d5d2c5b7b225f5f74797065223a22427566666572222c2276616c7565223a22366336353665363737343638227d2c7b225f5f74797065223a22626967696e74222c2276616c7565223a2234227d5d2c5b7b225f5f74797065223a22427566666572222c2276616c7565223a223633363836313732363136333734363537323733227d2c7b225f5f74797065223a22427566666572222c2276616c7565223a223663363537343734363537323733227d5d2c5b7b225f5f74797065223a22427566666572222c2276616c7565223a2236653735366436353732363936333566366436663634363936363639363537323733227d2c7b225f5f74797065223a22427566666572222c2276616c7565223a22227d5d2c5b7b225f5f74797065223a22427566666572222c2276616c7565223a223736363537323733363936663665227d2c7b225f5f74797065223a22626967696e74222c2276616c7565223a2231227d5d5d7d7d2c7b225f5f74797065223a22626967696e74222c2276616c7565223a2231227d2c7b2263626f72223a2261663465373337343631366536343631373236343566363936643631363736353538333836393730363637333361326632663761363233323732363835613661346334613534353833383631356136643461376134323432343836323336366237353335343436643665363635303637346434373337356136643733363237313632333137333636373336333536333635393730343637303666373237343631366334303438363436353733363936373665363537323430343737333666363336393631366337333430343637363635366536343666373234303437363436353636363137353663373430303533366336313733373435663735373036343631373436353566363136343634373236353733373335383339303066353431663038323264343739346536643164646333633064356539333235383562666363653264383639623163326565303562316463376333376261636536346235376235306130343462626166613539333831316136663439633964386438633062313837393332653264663430346337363631366336393634363137343635363435663632373935383163346461393635613034396466643135656431656531396662613665323937346130623739666334313664643137393661316639376635653134613639366436313637363535663638363137333638353834303332363436343635333736313633363333303632333736353332333333393331363236363333333236313333363436353337363433353636333133373633333536333635363633323331363333333336363236343332333333353634363336363633363433373338333736343633363633343339363536363631333633333339353337333734363136653634363137323634356636393664363136373635356636383631373336383538343033323634363436353337363136333633333036323337363533323333333933313632363633333332363133333634363533373634333536363331333736333335363336353636333233313633333333363632363433323333333536343633363636333634333733383337363436333636333433393635363636313336333333393462373337363637356637363635373237333639366636653435333232653330326533313463363136373732363536353634356637343635373236643733343035343664363936373732363137343635356637333639363735663732363537313735363937323635363430303435373437323639363136633030343436653733363637373030222c2264617461223a7b225f5f74797065223a224d6170222c2276616c7565223a5b5b7b225f5f74797065223a22427566666572222c2276616c7565223a2237333734363136653634363137323634356636393664363136373635227d2c7b225f5f74797065223a22427566666572222c2276616c7565223a2236393730363637333361326632663761363233323732363835613661346334613534353833383631356136643461376134323432343836323336366237353335343436643665363635303637346434373337356136643733363237313632333137333636373336333536333635393730227d5d2c5b7b225f5f74797065223a22427566666572222c2276616c7565223a22373036663732373436313663227d2c7b225f5f74797065223a22427566666572222c2276616c7565223a22227d5d2c5b7b225f5f74797065223a22427566666572222c2276616c7565223a2236343635373336393637366536353732227d2c7b225f5f74797065223a22427566666572222c2276616c7565223a22227d5d2c5b7b225f5f74797065223a22427566666572222c2276616c7565223a223733366636333639363136633733227d2c7b225f5f74797065223a22427566666572222c2276616c7565223a22227d5d2c5b7b225f5f74797065223a22427566666572222c2276616c7565223a22373636353665363436663732227d2c7b225f5f74797065223a22427566666572222c2276616c7565223a22227d5d2c5b7b225f5f74797065223a22427566666572222c2276616c7565223a223634363536363631373536633734227d2c7b225f5f74797065223a22626967696e74222c2276616c7565223a2230227d5d2c5b7b225f5f74797065223a22427566666572222c2276616c7565223a223663363137333734356637353730363436313734363535663631363436343732363537333733227d2c7b225f5f74797065223a22427566666572222c2276616c7565223a22303066353431663038323264343739346536643164646333633064356539333235383562666363653264383639623163326565303562316463376333376261636536346235376235306130343462626166613539333831316136663439633964386438633062313837393332653264663430227d5d2c5b7b225f5f74797065223a22427566666572222c2276616c7565223a22373636313663363936343631373436353634356636323739227d2c7b225f5f74797065223a22427566666572222c2276616c7565223a223464613936356130343964666431356564316565313966626136653239373461306237396663343136646431373936613166393766356531227d5d2c5b7b225f5f74797065223a22427566666572222c2276616c7565223a223639366436313637363535663638363137333638227d2c7b225f5f74797065223a22427566666572222c2276616c7565223a223332363436343635333736313633363333303632333736353332333333393331363236363333333236313333363436353337363433353636333133373633333536333635363633323331363333333336363236343332333333353634363336363633363433373338333736343633363633343339363536363631333633333339227d5d2c5b7b225f5f74797065223a22427566666572222c2276616c7565223a223733373436313665363436313732363435663639366436313637363535663638363137333638227d2c7b225f5f74797065223a22427566666572222c2276616c7565223a223332363436343635333736313633363333303632333736353332333333393331363236363333333236313333363436353337363433353636333133373633333536333635363633323331363333333336363236343332333333353634363336363633363433373338333736343633363633343339363536363631333633333339227d5d2c5b7b225f5f74797065223a22427566666572222c2276616c7565223a2237333736363735663736363537323733363936663665227d2c7b225f5f74797065223a22427566666572222c2276616c7565223a2233323265333032653331227d5d2c5b7b225f5f74797065223a22427566666572222c2276616c7565223a22363136373732363536353634356637343635373236643733227d2c7b225f5f74797065223a22427566666572222c2276616c7565223a22227d5d2c5b7b225f5f74797065223a22427566666572222c2276616c7565223a2236643639363737323631373436353566373336393637356637323635373137353639373236353634227d2c7b225f5f74797065223a22626967696e74222c2276616c7565223a2230227d5d2c5b7b225f5f74797065223a22427566666572222c2276616c7565223a2237343732363936313663227d2c7b225f5f74797065223a22626967696e74222c2276616c7565223a2230227d5d2c5b7b225f5f74797065223a22427566666572222c2276616c7565223a223665373336363737227d2c7b225f5f74797065223a22626967696e74222c2276616c7565223a2230227d5d5d7d7d5d7d7d2c22646174756d48617368223a7b225f5f74797065223a22756e646566696e6564227d2c227363726970745265666572656e6365223a7b225f5f74797065223a22756e646566696e6564227d2c2276616c7565223a7b22617373657473223a7b225f5f74797065223a224d6170222c2276616c7565223a5b5b223632313733623930623536376164346263663235346164306637366562333734643734396430623235666438323738366166366138333961303030646531343036383631366536343663222c7b225f5f74797065223a22626967696e74222c2276616c7565223a2231227d5d5d7d2c22636f696e73223a7b225f5f74797065223a22626967696e74222c2276616c7565223a223130303030303030227d7d7d2c7b2261646472657373223a22616464725f746573743171707730646a676a307835396e67726a767174686e37656e68767275786e736176737735746836336c61336d6a656c7370396a6e32346e6366736172616863726734746b6e74396775703775663775616b3275397972326532346471717a70717764222c22646174756d223a7b225f5f74797065223a22756e646566696e6564227d2c22646174756d48617368223a7b225f5f74797065223a22756e646566696e6564227d2c227363726970745265666572656e6365223a7b225f5f74797065223a22756e646566696e6564227d2c2276616c7565223a7b22617373657473223a7b225f5f74797065223a224d6170222c2276616c7565223a5b5d7d2c22636f696e73223a7b225f5f74797065223a22626967696e74222c2276616c7565223a22363236303331333837333130227d7d7d5d2c22726571756972656445787472615369676e617475726573223a7b225f5f74797065223a22756e646566696e6564227d2c2276616c6964697479496e74657276616c223a7b22696e76616c6964486572656166746572223a31343836307d7d2c226964223a2265383261393138383363633462333037623636353437373039306236376530343366613165623462623835316432366161666437636534613836643462653439222c22696e707574536f75726365223a22696e70757473222c227769746e657373223a7b22626f6f747374726170223a5b5d2c227369676e617475726573223a7b225f5f74797065223a224d6170222c2276616c7565223a5b5b2233363863663661313161633765323939313735363861333636616636326135393663623963646538313734626665376636653838333933656364623164636336222c223735326331323035613162383339363330643765303032643266383161323134393264633239366631356539386538343864666530386632326431303830396263346230303739393035663134383164636461623434646232306637666236643133326265373933316632646531613835386664336665393364333763363036225d5d7d7d7d5d2c2266656573223a7b225f5f74797065223a22626967696e74222c2276616c7565223a22323232313239227d2c22686561646572223a7b22626c6f636b4e6f223a313335332c2268617368223a2239326235313435636634383732393932383962643662376161386334343763653135633236373635333830616466303837356131373562303230363530326531222c22736c6f74223a31333435327d2c22697373756572566b223a2237393130666530393461363338393634336339363661656136363461636539626134363132336639353166633063303436376430393839373431393936616537222c2270726576696f7573426c6f636b223a2238613063396436623337656264303035653132626166306132363739656363326334303761616163373062653732323231386139643661616332356462363332222c2273697a65223a313431352c22746f74616c4f7574707574223a7b225f5f74797065223a22626967696e74222c2276616c7565223a22363236303431333837333130227d2c227478436f756e74223a312c22767266223a227672665f766b3178397a72347a683733706b346d7a75366b343333727079616367756164377677776d35343638687a716b353064756e65356b397366306c776335227d
1354	\\x7b22626f6479223a5b5d2c2266656573223a7b225f5f74797065223a22626967696e74222c2276616c7565223a2230227d2c22686561646572223a7b22626c6f636b4e6f223a313335342c2268617368223a2262383961663161356666613134343732336131626135373533336263623036306466653561666163376265623461383638656636363935396632653561663434222c22736c6f74223a31333436377d2c22697373756572566b223a2264626136643364386665333161636132346230383334646563623362663730306166393662386131633363376465326639363437313537643838336135336533222c2270726576696f7573426c6f636b223a2239326235313435636634383732393932383962643662376161386334343763653135633236373635333830616466303837356131373562303230363530326531222c2273697a65223a342c22746f74616c4f7574707574223a7b225f5f74797065223a22626967696e74222c2276616c7565223a2230227d2c227478436f756e74223a302c22767266223a227672665f766b316c736b386b7a65386c63716d33356c37707373376e72333034306778673437307a7a3565706a393668307735676e76376d6e3271356c70737066227d
1355	\\x7b22626f6479223a5b5d2c2266656573223a7b225f5f74797065223a22626967696e74222c2276616c7565223a2230227d2c22686561646572223a7b22626c6f636b4e6f223a313335352c2268617368223a2234373831373965326639303639656634663135656333346164366531623133393665643937643335323438626630333535356561343565366163663135636330222c22736c6f74223a31333437317d2c22697373756572566b223a2234643636656339613166333936393637323332396534646165343234356638336261613035373530316462643637613033633765613733336665363232363337222c2270726576696f7573426c6f636b223a2262383961663161356666613134343732336131626135373533336263623036306466653561666163376265623461383638656636363935396632653561663434222c2273697a65223a342c22746f74616c4f7574707574223a7b225f5f74797065223a22626967696e74222c2276616c7565223a2230227d2c227478436f756e74223a302c22767266223a227672665f766b31757378683236763270726d30637039356363396b656b3337766832677037726b67766867743878657261307a64666634376b72716834646c6134227d
1356	\\x7b22626f6479223a5b5d2c2266656573223a7b225f5f74797065223a22626967696e74222c2276616c7565223a2230227d2c22686561646572223a7b22626c6f636b4e6f223a313335362c2268617368223a2263653832326634323632366638343161613431636235653236316439616238336165653462616534343138663864663637623162323734383336633637653734222c22736c6f74223a31333437327d2c22697373756572566b223a2237393130666530393461363338393634336339363661656136363461636539626134363132336639353166633063303436376430393839373431393936616537222c2270726576696f7573426c6f636b223a2234373831373965326639303639656634663135656333346164366531623133393665643937643335323438626630333535356561343565366163663135636330222c2273697a65223a342c22746f74616c4f7574707574223a7b225f5f74797065223a22626967696e74222c2276616c7565223a2230227d2c227478436f756e74223a302c22767266223a227672665f766b3178397a72347a683733706b346d7a75366b343333727079616367756164377677776d35343638687a716b353064756e65356b397366306c776335227d
1357	\\x7b22626f6479223a5b7b22617578696c6961727944617461223a7b22626c6f62223a7b225f5f74797065223a224d6170222c2276616c7565223a5b5b7b225f5f74797065223a22626967696e74222c2276616c7565223a22373231227d2c7b225f5f74797065223a224d6170222c2276616c7565223a5b5b223632313733623930623536376164346263663235346164306637366562333734643734396430623235666438323738366166366138333961222c7b225f5f74797065223a224d6170222c2276616c7565223a5b5b227375624068616e646c222c7b225f5f74797065223a224d6170222c2276616c7565223a5b5b226175676d656e746174696f6e73222c5b5d5d2c5b22636f7265222c7b225f5f74797065223a224d6170222c2276616c7565223a5b5b2268616e646c65456e636f64696e67222c227574662d38225d2c5b226f67222c7b225f5f74797065223a22626967696e74222c2276616c7565223a2230227d5d2c5b22707265666978222c2224225d2c5b227465726d736f66757365222c2268747470733a2f2f63617264616e6f666f756e646174696f6e2e6f72672f656e2f7465726d732d616e642d636f6e646974696f6e732f225d2c5b2276657273696f6e222c7b225f5f74797065223a22626967696e74222c2276616c7565223a2230227d5d5d7d5d2c5b226465736372697074696f6e222c225468652048616e646c65205374616e64617264225d2c5b22696d616765222c22697066733a2f2f736f6d652d68617368225d2c5b226e616d65222c22247375624068616e646c225d2c5b2277656273697465222c2268747470733a2f2f63617264616e6f2e6f72672f225d5d7d5d5d7d5d5d7d5d5d7d7d2c22626f6479223a7b22617578696c696172794461746148617368223a2261663730323739323264313930656162663536313937386537656430386562353636663432646462613230343532323437386663336463303239373636353966222c22636572746966696361746573223a7b225f5f74797065223a22756e646566696e6564227d2c22636f6c6c61746572616c73223a7b225f5f74797065223a22756e646566696e6564227d2c22666565223a7b225f5f74797065223a22626967696e74222c2276616c7565223a22323232393635227d2c22696e70757473223a5b7b22696e646578223a372c2274784964223a2230303261616466613566383236636435633664343537386435363336653931626363663337626432633134633765633964323331343734613965336635376537227d5d2c226d696e74223a7b225f5f74797065223a224d6170222c2276616c7565223a5b5b2236323137336239306235363761643462636632353461643066373665623337346437343964306232356664383237383661663661383339613030306465313430373337353632343036383631366536343663222c7b225f5f74797065223a22626967696e74222c2276616c7565223a2231227d5d5d7d2c226f757470757473223a5b7b2261646472657373223a22616464725f746573743171707730646a676a307835396e67726a767174686e37656e68767275786e736176737735746836336c61336d6a656c33746b63393734737232336a6d6c7a6771357a646134677476386b39637933383735367239793371676d6b71716a7a36616137222c22646174756d223a7b2263626f72223a2264383739396661613434366536313664363534393234373337353632343036383665363436633435363936643631363736353538333836393730363637333361326632663761363233323732363836323432366537613665346534383731363734383632346135383738366437313539366134373731343636333337373934373331346134343465363734313636346433353334373236343732343535303332373736333636343936643635363436393631353437393730363534613639366436313637363532663661373036353637343236663637303034393666363735663665373536643632363537323030343637323631373236393734373934353632363137333639363334363663363536653637373436383038346136333638363137323631363337343635373237333437366336353734373436353732373335313665373536643635373236393633356636643666363436393636363936353732373334303437373636353732373336393666366530313031616634653733373436313665363436313732363435663639366436313637363535383338363937303636373333613266326637613632333237323638363234323665376136653465343837313637343836323461353837383664373135393661343737313436363333373739343733313461343434653637343136363464333533343732363437323435353033323737363336363436373036663732373436313663343034383634363537333639363736653635373234303437373336663633363936313663373334303436373636353665363436663732343034373634363536363631373536633734303035333663363137333734356637353730363436313734363535663631363436343732363537333733353833393030663534316630383232643437393465366431646463336330643565393332353835626663636532643836396231633265653035623164633763333762616365363462353762353061303434626261666135393338313161366634396339643864386330623138373933326532646634303463373636313663363936343631373436353634356636323739353831633464613936356130343964666431356564316565313966626136653239373461306237396663343136646431373936613166393766356531346136393664363136373635356636383631373336383538343033343333333833313337333336323631333633303333333933313335333436363634363233323634333133373338333736333336333736353633333633363333333836333339333436323634333333313633333833353333363633303634333936343335363136363334333336353632363436323331333836343632333933343533373337343631366536343631373236343566363936643631363736353566363836313733363835383430333433333338333133373333363236313336333033333339333133353334363636343632333236343331333733383337363333363337363536333336333633333338363333393334363236343333333136333338333533333636333036343339363433353631363633343333363536323634363233313338363436323339333434623733373636373566373636353732373336393666366534353332326533303265333134633631363737323635363536343566373436353732366437333430353436643639363737323631373436353566373336393637356637323635373137353639373236353634303034353734373236393631366330303434366537333636373730306666222c22636f6e7374727563746f72223a7b225f5f74797065223a22626967696e74222c2276616c7565223a2230227d2c226669656c6473223a7b2263626f72223a22396661613434366536313664363534393234373337353632343036383665363436633435363936643631363736353538333836393730363637333361326632663761363233323732363836323432366537613665346534383731363734383632346135383738366437313539366134373731343636333337373934373331346134343465363734313636346433353334373236343732343535303332373736333636343936643635363436393631353437393730363534613639366436313637363532663661373036353637343236663637303034393666363735663665373536643632363537323030343637323631373236393734373934353632363137333639363334363663363536653637373436383038346136333638363137323631363337343635373237333437366336353734373436353732373335313665373536643635373236393633356636643666363436393636363936353732373334303437373636353732373336393666366530313031616634653733373436313665363436313732363435663639366436313637363535383338363937303636373333613266326637613632333237323638363234323665376136653465343837313637343836323461353837383664373135393661343737313436363333373739343733313461343434653637343136363464333533343732363437323435353033323737363336363436373036663732373436313663343034383634363537333639363736653635373234303437373336663633363936313663373334303436373636353665363436663732343034373634363536363631373536633734303035333663363137333734356637353730363436313734363535663631363436343732363537333733353833393030663534316630383232643437393465366431646463336330643565393332353835626663636532643836396231633265653035623164633763333762616365363462353762353061303434626261666135393338313161366634396339643864386330623138373933326532646634303463373636313663363936343631373436353634356636323739353831633464613936356130343964666431356564316565313966626136653239373461306237396663343136646431373936613166393766356531346136393664363136373635356636383631373336383538343033343333333833313337333336323631333633303333333933313335333436363634363233323634333133373338333736333336333736353633333633363333333836333339333436323634333333313633333833353333363633303634333936343335363136363334333336353632363436323331333836343632333933343533373337343631366536343631373236343566363936643631363736353566363836313733363835383430333433333338333133373333363236313336333033333339333133353334363636343632333236343331333733383337363333363337363536333336333633333338363333393334363236343333333136333338333533333636333036343339363433353631363633343333363536323634363233313338363436323339333434623733373636373566373636353732373336393666366534353332326533303265333134633631363737323635363536343566373436353732366437333430353436643639363737323631373436353566373336393637356637323635373137353639373236353634303034353734373236393631366330303434366537333636373730306666222c226974656d73223a5b7b2263626f72223a226161343436653631366436353439323437333735363234303638366536343663343536393664363136373635353833383639373036363733336132663266376136323332373236383632343236653761366534653438373136373438363234613538373836643731353936613437373134363633333737393437333134613434346536373431363634643335333437323634373234353530333237373633363634393664363536343639363135343739373036353461363936643631363736353266366137303635363734323666363730303439366636373566366537353664363236353732303034363732363137323639373437393435363236313733363936333436366336353665363737343638303834613633363836313732363136333734363537323733343736633635373437343635373237333531366537353664363537323639363335663664366636343639363636393635373237333430343737363635373237333639366636653031222c2264617461223a7b225f5f74797065223a224d6170222c2276616c7565223a5b5b7b225f5f74797065223a22427566666572222c2276616c7565223a223665363136643635227d2c7b225f5f74797065223a22427566666572222c2276616c7565223a22323437333735363234303638366536343663227d5d2c5b7b225f5f74797065223a22427566666572222c2276616c7565223a2236393664363136373635227d2c7b225f5f74797065223a22427566666572222c2276616c7565223a2236393730363637333361326632663761363233323732363836323432366537613665346534383731363734383632346135383738366437313539366134373731343636333337373934373331346134343465363734313636346433353334373236343732343535303332373736333636227d5d2c5b7b225f5f74797065223a22427566666572222c2276616c7565223a22366436353634363936313534373937303635227d2c7b225f5f74797065223a22427566666572222c2276616c7565223a223639366436313637363532663661373036353637227d5d2c5b7b225f5f74797065223a22427566666572222c2276616c7565223a2236663637227d2c7b225f5f74797065223a22626967696e74222c2276616c7565223a2230227d5d2c5b7b225f5f74797065223a22427566666572222c2276616c7565223a22366636373566366537353664363236353732227d2c7b225f5f74797065223a22626967696e74222c2276616c7565223a2230227d5d2c5b7b225f5f74797065223a22427566666572222c2276616c7565223a22373236313732363937343739227d2c7b225f5f74797065223a22427566666572222c2276616c7565223a2236323631373336393633227d5d2c5b7b225f5f74797065223a22427566666572222c2276616c7565223a22366336353665363737343638227d2c7b225f5f74797065223a22626967696e74222c2276616c7565223a2238227d5d2c5b7b225f5f74797065223a22427566666572222c2276616c7565223a223633363836313732363136333734363537323733227d2c7b225f5f74797065223a22427566666572222c2276616c7565223a223663363537343734363537323733227d5d2c5b7b225f5f74797065223a22427566666572222c2276616c7565223a2236653735366436353732363936333566366436663634363936363639363537323733227d2c7b225f5f74797065223a22427566666572222c2276616c7565223a22227d5d2c5b7b225f5f74797065223a22427566666572222c2276616c7565223a223736363537323733363936663665227d2c7b225f5f74797065223a22626967696e74222c2276616c7565223a2231227d5d5d7d7d2c7b225f5f74797065223a22626967696e74222c2276616c7565223a2231227d2c7b2263626f72223a2261663465373337343631366536343631373236343566363936643631363736353538333836393730363637333361326632663761363233323732363836323432366537613665346534383731363734383632346135383738366437313539366134373731343636333337373934373331346134343465363734313636346433353334373236343732343535303332373736333636343637303666373237343631366334303438363436353733363936373665363537323430343737333666363336393631366337333430343637363635366536343666373234303437363436353636363137353663373430303533366336313733373435663735373036343631373436353566363136343634373236353733373335383339303066353431663038323264343739346536643164646333633064356539333235383562666363653264383639623163326565303562316463376333376261636536346235376235306130343462626166613539333831316136663439633964386438633062313837393332653264663430346337363631366336393634363137343635363435663632373935383163346461393635613034396466643135656431656531396662613665323937346130623739666334313664643137393661316639376635653134613639366436313637363535663638363137333638353834303334333333383331333733333632363133363330333333393331333533343636363436323332363433313337333833373633333633373635363333363336333333383633333933343632363433333331363333383335333336363330363433393634333536313636333433333635363236343632333133383634363233393334353337333734363136653634363137323634356636393664363136373635356636383631373336383538343033343333333833313337333336323631333633303333333933313335333436363634363233323634333133373338333736333336333736353633333633363333333836333339333436323634333333313633333833353333363633303634333936343335363136363334333336353632363436323331333836343632333933343462373337363637356637363635373237333639366636653435333232653330326533313463363136373732363536353634356637343635373236643733343035343664363936373732363137343635356637333639363735663732363537313735363937323635363430303435373437323639363136633030343436653733363637373030222c2264617461223a7b225f5f74797065223a224d6170222c2276616c7565223a5b5b7b225f5f74797065223a22427566666572222c2276616c7565223a2237333734363136653634363137323634356636393664363136373635227d2c7b225f5f74797065223a22427566666572222c2276616c7565223a2236393730363637333361326632663761363233323732363836323432366537613665346534383731363734383632346135383738366437313539366134373731343636333337373934373331346134343465363734313636346433353334373236343732343535303332373736333636227d5d2c5b7b225f5f74797065223a22427566666572222c2276616c7565223a22373036663732373436313663227d2c7b225f5f74797065223a22427566666572222c2276616c7565223a22227d5d2c5b7b225f5f74797065223a22427566666572222c2276616c7565223a2236343635373336393637366536353732227d2c7b225f5f74797065223a22427566666572222c2276616c7565223a22227d5d2c5b7b225f5f74797065223a22427566666572222c2276616c7565223a223733366636333639363136633733227d2c7b225f5f74797065223a22427566666572222c2276616c7565223a22227d5d2c5b7b225f5f74797065223a22427566666572222c2276616c7565223a22373636353665363436663732227d2c7b225f5f74797065223a22427566666572222c2276616c7565223a22227d5d2c5b7b225f5f74797065223a22427566666572222c2276616c7565223a223634363536363631373536633734227d2c7b225f5f74797065223a22626967696e74222c2276616c7565223a2230227d5d2c5b7b225f5f74797065223a22427566666572222c2276616c7565223a223663363137333734356637353730363436313734363535663631363436343732363537333733227d2c7b225f5f74797065223a22427566666572222c2276616c7565223a22303066353431663038323264343739346536643164646333633064356539333235383562666363653264383639623163326565303562316463376333376261636536346235376235306130343462626166613539333831316136663439633964386438633062313837393332653264663430227d5d2c5b7b225f5f74797065223a22427566666572222c2276616c7565223a22373636313663363936343631373436353634356636323739227d2c7b225f5f74797065223a22427566666572222c2276616c7565223a223464613936356130343964666431356564316565313966626136653239373461306237396663343136646431373936613166393766356531227d5d2c5b7b225f5f74797065223a22427566666572222c2276616c7565223a223639366436313637363535663638363137333638227d2c7b225f5f74797065223a22427566666572222c2276616c7565223a223334333333383331333733333632363133363330333333393331333533343636363436323332363433313337333833373633333633373635363333363336333333383633333933343632363433333331363333383335333336363330363433393634333536313636333433333635363236343632333133383634363233393334227d5d2c5b7b225f5f74797065223a22427566666572222c2276616c7565223a223733373436313665363436313732363435663639366436313637363535663638363137333638227d2c7b225f5f74797065223a22427566666572222c2276616c7565223a223334333333383331333733333632363133363330333333393331333533343636363436323332363433313337333833373633333633373635363333363336333333383633333933343632363433333331363333383335333336363330363433393634333536313636333433333635363236343632333133383634363233393334227d5d2c5b7b225f5f74797065223a22427566666572222c2276616c7565223a2237333736363735663736363537323733363936663665227d2c7b225f5f74797065223a22427566666572222c2276616c7565223a2233323265333032653331227d5d2c5b7b225f5f74797065223a22427566666572222c2276616c7565223a22363136373732363536353634356637343635373236643733227d2c7b225f5f74797065223a22427566666572222c2276616c7565223a22227d5d2c5b7b225f5f74797065223a22427566666572222c2276616c7565223a2236643639363737323631373436353566373336393637356637323635373137353639373236353634227d2c7b225f5f74797065223a22626967696e74222c2276616c7565223a2230227d5d2c5b7b225f5f74797065223a22427566666572222c2276616c7565223a2237343732363936313663227d2c7b225f5f74797065223a22626967696e74222c2276616c7565223a2230227d5d2c5b7b225f5f74797065223a22427566666572222c2276616c7565223a223665373336363737227d2c7b225f5f74797065223a22626967696e74222c2276616c7565223a2230227d5d5d7d7d5d7d7d2c22646174756d48617368223a7b225f5f74797065223a22756e646566696e6564227d2c227363726970745265666572656e6365223a7b225f5f74797065223a22756e646566696e6564227d2c2276616c7565223a7b22617373657473223a7b225f5f74797065223a224d6170222c2276616c7565223a5b5b2236323137336239306235363761643462636632353461643066373665623337346437343964306232356664383237383661663661383339613030306465313430373337353632343036383631366536343663222c7b225f5f74797065223a22626967696e74222c2276616c7565223a2231227d5d5d7d2c22636f696e73223a7b225f5f74797065223a22626967696e74222c2276616c7565223a223130303030303030227d7d7d2c7b2261646472657373223a22616464725f746573743171707730646a676a307835396e67726a767174686e37656e68767275786e736176737735746836336c61336d6a656c7370396a6e32346e6366736172616863726734746b6e74396775703775663775616b3275397972326532346471717a70717764222c22646174756d223a7b225f5f74797065223a22756e646566696e6564227d2c22646174756d48617368223a7b225f5f74797065223a22756e646566696e6564227d2c227363726970745265666572656e6365223a7b225f5f74797065223a22756e646566696e6564227d2c2276616c7565223a7b22617373657473223a7b225f5f74797065223a224d6170222c2276616c7565223a5b5d7d2c22636f696e73223a7b225f5f74797065223a22626967696e74222c2276616c7565223a223339313137333737363235227d7d7d5d2c22726571756972656445787472615369676e617475726573223a7b225f5f74797065223a22756e646566696e6564227d2c2276616c6964697479496e74657276616c223a7b22696e76616c6964486572656166746572223a31343931327d7d2c226964223a2231336563623932303765383832363264323237613863343864643163633635623533626431643334373230363038343630393061383838313039303434336332222c22696e707574536f75726365223a22696e70757473222c227769746e657373223a7b22626f6f747374726170223a5b5d2c227369676e617475726573223a7b225f5f74797065223a224d6170222c2276616c7565223a5b5b2233363863663661313161633765323939313735363861333636616636326135393663623963646538313734626665376636653838333933656364623164636336222c226566323436636635656235336363393037616637313761383661333938656332633665613432376437386432666338633934323839346565373438636464636266623834333563653638656563616332383537626664353264643162346437633261656234313233633864333164303061663634616234326266326332383065225d5d7d7d7d5d2c2266656573223a7b225f5f74797065223a22626967696e74222c2276616c7565223a22323232393635227d2c22686561646572223a7b22626c6f636b4e6f223a313335372c2268617368223a2239346238393262313366656635653561303164363932626133333830396238336464326533613039636135626461653865383230373032623937346535646439222c22736c6f74223a31333437377d2c22697373756572566b223a2232353331306661653062366231653236343361383136306633326532303635666365363730323966323761376465366662626131646630663863383065663333222c2270726576696f7573426c6f636b223a2263653832326634323632366638343161613431636235653236316439616238336165653462616534343138663864663637623162323734383336633637653734222c2273697a65223a313433342c22746f74616c4f7574707574223a7b225f5f74797065223a22626967696e74222c2276616c7565223a223339313237333737363235227d2c227478436f756e74223a312c22767266223a227672665f766b313333656361366e6d786a3632657539706c66783363757a676b7077353739353432343433716d393266667637636a687636337673377771777371227d
1358	\\x7b22626f6479223a5b5d2c2266656573223a7b225f5f74797065223a22626967696e74222c2276616c7565223a2230227d2c22686561646572223a7b22626c6f636b4e6f223a313335382c2268617368223a2238643061313933613039613465643966653764346236376337366665383136323839326533343065363438626537396639623038336433306239373630383961222c22736c6f74223a31333439367d2c22697373756572566b223a2234643636656339613166333936393637323332396534646165343234356638336261613035373530316462643637613033633765613733336665363232363337222c2270726576696f7573426c6f636b223a2239346238393262313366656635653561303164363932626133333830396238336464326533613039636135626461653865383230373032623937346535646439222c2273697a65223a342c22746f74616c4f7574707574223a7b225f5f74797065223a22626967696e74222c2276616c7565223a2230227d2c227478436f756e74223a302c22767266223a227672665f766b31757378683236763270726d30637039356363396b656b3337766832677037726b67766867743878657261307a64666634376b72716834646c6134227d
1359	\\x7b22626f6479223a5b5d2c2266656573223a7b225f5f74797065223a22626967696e74222c2276616c7565223a2230227d2c22686561646572223a7b22626c6f636b4e6f223a313335392c2268617368223a2261643766666534626535396635666663663832613732356166643365663166653733313931353139643739393332616133626237333630633264623330373135222c22736c6f74223a31333530317d2c22697373756572566b223a2232353331306661653062366231653236343361383136306633326532303635666365363730323966323761376465366662626131646630663863383065663333222c2270726576696f7573426c6f636b223a2238643061313933613039613465643966653764346236376337366665383136323839326533343065363438626537396639623038336433306239373630383961222c2273697a65223a342c22746f74616c4f7574707574223a7b225f5f74797065223a22626967696e74222c2276616c7565223a2230227d2c227478436f756e74223a302c22767266223a227672665f766b313333656361366e6d786a3632657539706c66783363757a676b7077353739353432343433716d393266667637636a687636337673377771777371227d
1315	\\x7b22626f6479223a5b5d2c2266656573223a7b225f5f74797065223a22626967696e74222c2276616c7565223a2230227d2c22686561646572223a7b22626c6f636b4e6f223a313331352c2268617368223a2264303137386164323263653039633263326634376336313633303639326436653635633830353338326632313865643330383862346435393962633634303538222c22736c6f74223a31333030397d2c22697373756572566b223a2236306365316432336235323163623533393634343266373030373638383339356635663064343363333964376530656639616163333930343165666162373133222c2270726576696f7573426c6f636b223a2264336261386161663135363231366662393565323166393962356565346338383233653039646335326432663064653862376131626465356432663865663935222c2273697a65223a342c22746f74616c4f7574707574223a7b225f5f74797065223a22626967696e74222c2276616c7565223a2230227d2c227478436f756e74223a302c22767266223a227672665f766b316379727632307136327430376570716e6a77783675323839386e6d773337393534386168716a366d7038766c35326d36356b39737533756a7a36227d
1316	\\x7b22626f6479223a5b7b22617578696c6961727944617461223a7b225f5f74797065223a22756e646566696e6564227d2c22626f6479223a7b22617578696c696172794461746148617368223a7b225f5f74797065223a22756e646566696e6564227d2c22636572746966696361746573223a7b225f5f74797065223a22756e646566696e6564227d2c22636f6c6c61746572616c73223a7b225f5f74797065223a22756e646566696e6564227d2c22666565223a7b225f5f74797065223a22626967696e74222c2276616c7565223a22323134343733227d2c22696e70757473223a5b7b22696e646578223a302c2274784964223a2239613131373564323136666235366361383765306166623662343762333837646264316536306432353036613635316361616431353438636534336161353166227d2c7b22696e646578223a312c2274784964223a2239613131373564323136666235366361383765306166623662343762333837646264316536306432353036613635316361616431353438636534336161353166227d2c7b22696e646578223a322c2274784964223a2239613131373564323136666235366361383765306166623662343762333837646264316536306432353036613635316361616431353438636534336161353166227d2c7b22696e646578223a332c2274784964223a2239613131373564323136666235366361383765306166623662343762333837646264316536306432353036613635316361616431353438636534336161353166227d2c7b22696e646578223a342c2274784964223a2239613131373564323136666235366361383765306166623662343762333837646264316536306432353036613635316361616431353438636534336161353166227d2c7b22696e646578223a352c2274784964223a2239613131373564323136666235366361383765306166623662343762333837646264316536306432353036613635316361616431353438636534336161353166227d2c7b22696e646578223a362c2274784964223a2239613131373564323136666235366361383765306166623662343762333837646264316536306432353036613635316361616431353438636534336161353166227d2c7b22696e646578223a372c2274784964223a2239613131373564323136666235366361383765306166623662343762333837646264316536306432353036613635316361616431353438636534336161353166227d2c7b22696e646578223a382c2274784964223a2239613131373564323136666235366361383765306166623662343762333837646264316536306432353036613635316361616431353438636534336161353166227d5d2c226d696e74223a7b225f5f74797065223a22756e646566696e6564227d2c226f757470757473223a5b7b2261646472657373223a22616464725f746573743171707730646a676a307835396e67726a767174686e37656e68767275786e736176737735746836336c61336d6a656c33746b63393734737232336a6d6c7a6771357a646134677476386b39637933383735367239793371676d6b71716a7a36616137222c22646174756d223a7b225f5f74797065223a22756e646566696e6564227d2c22646174756d48617368223a7b225f5f74797065223a22756e646566696e6564227d2c227363726970745265666572656e6365223a7b225f5f74797065223a22756e646566696e6564227d2c2276616c7565223a7b22617373657473223a7b225f5f74797065223a224d6170222c2276616c7565223a5b5d7d2c22636f696e73223a7b225f5f74797065223a22626967696e74222c2276616c7565223a2235303030303030227d7d7d2c7b2261646472657373223a22616464725f746573743171707730646a676a307835396e67726a767174686e37656e68767275786e736176737735746836336c61336d6a656c33746b63393734737232336a6d6c7a6771357a646134677476386b39637933383735367239793371676d6b71716a7a36616137222c22646174756d223a7b225f5f74797065223a22756e646566696e6564227d2c22646174756d48617368223a7b225f5f74797065223a22756e646566696e6564227d2c227363726970745265666572656e6365223a7b225f5f74797065223a22756e646566696e6564227d2c2276616c7565223a7b22617373657473223a7b225f5f74797065223a224d6170222c2276616c7565223a5b5d7d2c22636f696e73223a7b225f5f74797065223a22626967696e74222c2276616c7565223a2232353034313636323233323834227d7d7d2c7b2261646472657373223a22616464725f746573743171707730646a676a307835396e67726a767174686e37656e68767275786e736176737735746836336c61336d6a656c33746b63393734737232336a6d6c7a6771357a646134677476386b39637933383735367239793371676d6b71716a7a36616137222c22646174756d223a7b225f5f74797065223a22756e646566696e6564227d2c22646174756d48617368223a7b225f5f74797065223a22756e646566696e6564227d2c227363726970745265666572656e6365223a7b225f5f74797065223a22756e646566696e6564227d2c2276616c7565223a7b22617373657473223a7b225f5f74797065223a224d6170222c2276616c7565223a5b5d7d2c22636f696e73223a7b225f5f74797065223a22626967696e74222c2276616c7565223a2231323532303833323138383739227d7d7d2c7b2261646472657373223a22616464725f746573743171707730646a676a307835396e67726a767174686e37656e68767275786e736176737735746836336c61336d6a656c33746b63393734737232336a6d6c7a6771357a646134677476386b39637933383735367239793371676d6b71716a7a36616137222c22646174756d223a7b225f5f74797065223a22756e646566696e6564227d2c22646174756d48617368223a7b225f5f74797065223a22756e646566696e6564227d2c227363726970745265666572656e6365223a7b225f5f74797065223a22756e646566696e6564227d2c2276616c7565223a7b22617373657473223a7b225f5f74797065223a224d6170222c2276616c7565223a5b5d7d2c22636f696e73223a7b225f5f74797065223a22626967696e74222c2276616c7565223a22363236303431363039343339227d7d7d2c7b2261646472657373223a22616464725f746573743171707730646a676a307835396e67726a767174686e37656e68767275786e736176737735746836336c61336d6a656c33746b63393734737232336a6d6c7a6771357a646134677476386b39637933383735367239793371676d6b71716a7a36616137222c22646174756d223a7b225f5f74797065223a22756e646566696e6564227d2c22646174756d48617368223a7b225f5f74797065223a22756e646566696e6564227d2c227363726970745265666572656e6365223a7b225f5f74797065223a22756e646566696e6564227d2c2276616c7565223a7b22617373657473223a7b225f5f74797065223a224d6170222c2276616c7565223a5b5d7d2c22636f696e73223a7b225f5f74797065223a22626967696e74222c2276616c7565223a22333133303230383034373230227d7d7d2c7b2261646472657373223a22616464725f746573743171707730646a676a307835396e67726a767174686e37656e68767275786e736176737735746836336c61336d6a656c33746b63393734737232336a6d6c7a6771357a646134677476386b39637933383735367239793371676d6b71716a7a36616137222c22646174756d223a7b225f5f74797065223a22756e646566696e6564227d2c22646174756d48617368223a7b225f5f74797065223a22756e646566696e6564227d2c227363726970745265666572656e6365223a7b225f5f74797065223a22756e646566696e6564227d2c2276616c7565223a7b22617373657473223a7b225f5f74797065223a224d6170222c2276616c7565223a5b5d7d2c22636f696e73223a7b225f5f74797065223a22626967696e74222c2276616c7565223a22313536353130343032333630227d7d7d2c7b2261646472657373223a22616464725f746573743171707730646a676a307835396e67726a767174686e37656e68767275786e736176737735746836336c61336d6a656c33746b63393734737232336a6d6c7a6771357a646134677476386b39637933383735367239793371676d6b71716a7a36616137222c22646174756d223a7b225f5f74797065223a22756e646566696e6564227d2c22646174756d48617368223a7b225f5f74797065223a22756e646566696e6564227d2c227363726970745265666572656e6365223a7b225f5f74797065223a22756e646566696e6564227d2c2276616c7565223a7b22617373657473223a7b225f5f74797065223a224d6170222c2276616c7565223a5b5d7d2c22636f696e73223a7b225f5f74797065223a22626967696e74222c2276616c7565223a223738323535323031313830227d7d7d2c7b2261646472657373223a22616464725f746573743171707730646a676a307835396e67726a767174686e37656e68767275786e736176737735746836336c61336d6a656c33746b63393734737232336a6d6c7a6771357a646134677476386b39637933383735367239793371676d6b71716a7a36616137222c22646174756d223a7b225f5f74797065223a22756e646566696e6564227d2c22646174756d48617368223a7b225f5f74797065223a22756e646566696e6564227d2c227363726970745265666572656e6365223a7b225f5f74797065223a22756e646566696e6564227d2c2276616c7565223a7b22617373657473223a7b225f5f74797065223a224d6170222c2276616c7565223a5b5d7d2c22636f696e73223a7b225f5f74797065223a22626967696e74222c2276616c7565223a223339313237363030353930227d7d7d2c7b2261646472657373223a22616464725f746573743171707730646a676a307835396e67726a767174686e37656e68767275786e736176737735746836336c61336d6a656c33746b63393734737232336a6d6c7a6771357a646134677476386b39637933383735367239793371676d6b71716a7a36616137222c22646174756d223a7b225f5f74797065223a22756e646566696e6564227d2c22646174756d48617368223a7b225f5f74797065223a22756e646566696e6564227d2c227363726970745265666572656e6365223a7b225f5f74797065223a22756e646566696e6564227d2c2276616c7565223a7b22617373657473223a7b225f5f74797065223a224d6170222c2276616c7565223a5b5d7d2c22636f696e73223a7b225f5f74797065223a22626967696e74222c2276616c7565223a223339313237363030353839227d7d7d5d2c22726571756972656445787472615369676e617475726573223a7b225f5f74797065223a22756e646566696e6564227d2c2276616c6964697479496e74657276616c223a7b22696e76616c6964486572656166746572223a31343434397d2c227769746864726177616c73223a5b7b227175616e74697479223a7b225f5f74797065223a22626967696e74222c2276616c7565223a22393932313832363639227d2c227374616b6541646472657373223a227374616b655f7465737431757263716a65663432657579637733376d75703532346d66346a3577716c77796c77776d39777a6a70347634326b736a6773676379227d2c7b227175616e74697479223a7b225f5f74797065223a22626967696e74222c2276616c7565223a2234333633383733363832227d2c227374616b6541646472657373223a227374616b655f7465737431757263346d767a6c326370346765646c337971327078373635396b726d7a757a676e6c3264706a6a677379646d71717867616d6a37227d5d7d2c226964223a2230303261616466613566383236636435633664343537386435363336653931626363663337626432633134633765633964323331343734613965336635376537222c22696e707574536f75726365223a22696e70757473222c227769746e657373223a7b22626f6f747374726170223a5b5d2c227369676e617475726573223a7b225f5f74797065223a224d6170222c2276616c7565223a5b5b2233363863663661313161633765323939313735363861333636616636326135393663623963646538313734626665376636653838333933656364623164636336222c223536333336343732656133346433643230623431616233393864643635633766343365666564363133303965633834646437636233356164613931333131333734666266303334333461643938313539346437363863636234643133626362316465373037313035623634393635393333363166386131626533333664323033225d2c5b2238373563316539386262626265396337376264646364373063613464373261633964303734303837346561643161663932393036323936353533663866333433222c226665316631383733366362623532323039376438346261666234616237316464636132643765333035313464666465626462356534363165333935633461393964653031393030646362396434396563376231306261643239386566303034313034303533666131306164666134626534323466653535653133336330633061225d2c5b2238363439393462663364643637393466646635366233623264343034363130313038396436643038393164346130616132343333316566383662306162386261222c226561346262636132383432613763393461373161396666656165323963616364306131323734383937633034313363383331363436343066383839363563323533656537643963356164396633336364613337643139303037323735313931636263643135303738306561623037326431653139333837326462356661303036225d5d7d7d7d5d2c2266656573223a7b225f5f74797065223a22626967696e74222c2276616c7565223a22323134343733227d2c22686561646572223a7b22626c6f636b4e6f223a313331362c2268617368223a2230306161646432383338376536333362383365306463643064653731333765316332653364653237343662616366386565336536393637653864646235626332222c22736c6f74223a31333032307d2c22697373756572566b223a2231373564396166333266313431316133303737356366636462383037313262346534353738633761396131346264363666373630373565303533653363663366222c2270726576696f7573426c6f636b223a2264303137386164323263653039633263326634376336313633303639326436653635633830353338326632313865643330383862346435393962633634303538222c2273697a65223a313334342c22746f74616c4f7574707574223a7b225f5f74797065223a22626967696e74222c2276616c7565223a2235303038333337363631303431227d2c227478436f756e74223a312c22767266223a227672665f766b31307361786b763432327763777375746876766d663574676a39686b7a36743234766475336e7832367a6c38676364306d7839727133766a686876227d
1317	\\x7b22626f6479223a5b5d2c2266656573223a7b225f5f74797065223a22626967696e74222c2276616c7565223a2230227d2c22686561646572223a7b22626c6f636b4e6f223a313331372c2268617368223a2263323436363662376634623466363462643237383133653834383631613039333262346539383365396339323132376164376665366531393861333262656362222c22736c6f74223a31333034397d2c22697373756572566b223a2236306365316432336235323163623533393634343266373030373638383339356635663064343363333964376530656639616163333930343165666162373133222c2270726576696f7573426c6f636b223a2230306161646432383338376536333362383365306463643064653731333765316332653364653237343662616366386565336536393637653864646235626332222c2273697a65223a342c22746f74616c4f7574707574223a7b225f5f74797065223a22626967696e74222c2276616c7565223a2230227d2c227478436f756e74223a302c22767266223a227672665f766b316379727632307136327430376570716e6a77783675323839386e6d773337393534386168716a366d7038766c35326d36356b39737533756a7a36227d
1318	\\x7b22626f6479223a5b5d2c2266656573223a7b225f5f74797065223a22626967696e74222c2276616c7565223a2230227d2c22686561646572223a7b22626c6f636b4e6f223a313331382c2268617368223a2263643031396436613038393130626136653265643937646261336533333937313333633133313961653130336331633132633536326239343937376536356630222c22736c6f74223a31333035367d2c22697373756572566b223a2262653139393963356333656166363832336631313063303133343963303639343030396436383664306132633239323432383431613064303664613335393363222c2270726576696f7573426c6f636b223a2263323436363662376634623466363462643237383133653834383631613039333262346539383365396339323132376164376665366531393861333262656362222c2273697a65223a342c22746f74616c4f7574707574223a7b225f5f74797065223a22626967696e74222c2276616c7565223a2230227d2c227478436f756e74223a302c22767266223a227672665f766b31347070777368796e656a657a32786b376668753474377870663833756d6878396a656a7733767777707677757a6d723561716c736e6864376664227d
1319	\\x7b22626f6479223a5b5d2c2266656573223a7b225f5f74797065223a22626967696e74222c2276616c7565223a2230227d2c22686561646572223a7b22626c6f636b4e6f223a313331392c2268617368223a2261313031363166666434303834333232303535393032353838613561373863393830303333323061663965613037343937366238653531343139313231373762222c22736c6f74223a31333037357d2c22697373756572566b223a2262653139393963356333656166363832336631313063303133343963303639343030396436383664306132633239323432383431613064303664613335393363222c2270726576696f7573426c6f636b223a2263643031396436613038393130626136653265643937646261336533333937313333633133313961653130336331633132633536326239343937376536356630222c2273697a65223a342c22746f74616c4f7574707574223a7b225f5f74797065223a22626967696e74222c2276616c7565223a2230227d2c227478436f756e74223a302c22767266223a227672665f766b31347070777368796e656a657a32786b376668753474377870663833756d6878396a656a7733767777707677757a6d723561716c736e6864376664227d
1360	\\x7b22626f6479223a5b5d2c2266656573223a7b225f5f74797065223a22626967696e74222c2276616c7565223a2230227d2c22686561646572223a7b22626c6f636b4e6f223a313336302c2268617368223a2266303837633934663464373134366262623135663663643937616536646662353761346434343835363032373463383435646364653532383438663563373937222c22736c6f74223a31333531337d2c22697373756572566b223a2262653139393963356333656166363832336631313063303133343963303639343030396436383664306132633239323432383431613064303664613335393363222c2270726576696f7573426c6f636b223a2261643766666534626535396635666663663832613732356166643365663166653733313931353139643739393332616133626237333630633264623330373135222c2273697a65223a342c22746f74616c4f7574707574223a7b225f5f74797065223a22626967696e74222c2276616c7565223a2230227d2c227478436f756e74223a302c22767266223a227672665f766b31347070777368796e656a657a32786b376668753474377870663833756d6878396a656a7733767777707677757a6d723561716c736e6864376664227d
1361	\\x7b22626f6479223a5b7b22617578696c6961727944617461223a7b22626c6f62223a7b225f5f74797065223a224d6170222c2276616c7565223a5b5b7b225f5f74797065223a22626967696e74222c2276616c7565223a22373231227d2c7b225f5f74797065223a224d6170222c2276616c7565223a5b5b223632313733623930623536376164346263663235346164306637366562333734643734396430623235666438323738366166366138333961222c7b225f5f74797065223a224d6170222c2276616c7565223a5b5b227669727475616c4068616e646c222c7b225f5f74797065223a224d6170222c2276616c7565223a5b5b226175676d656e746174696f6e73222c5b5d5d2c5b22636f7265222c7b225f5f74797065223a224d6170222c2276616c7565223a5b5b2268616e646c65456e636f64696e67222c227574662d38225d2c5b226f67222c7b225f5f74797065223a22626967696e74222c2276616c7565223a2230227d5d2c5b22707265666978222c2224225d2c5b227465726d736f66757365222c2268747470733a2f2f63617264616e6f666f756e646174696f6e2e6f72672f656e2f7465726d732d616e642d636f6e646974696f6e732f225d2c5b2276657273696f6e222c7b225f5f74797065223a22626967696e74222c2276616c7565223a2230227d5d5d7d5d2c5b226465736372697074696f6e222c225468652048616e646c65205374616e64617264225d2c5b22696d616765222c22697066733a2f2f736f6d652d68617368225d2c5b226e616d65222c22247669727475616c4068616e646c225d2c5b2277656273697465222c2268747470733a2f2f63617264616e6f2e6f72672f225d5d7d5d5d7d5d5d7d5d5d7d7d2c22626f6479223a7b22617578696c696172794461746148617368223a2231323461306263656630393965636233363831303065336632326339383664363435313066623435373637376666313237396537336166626233663633353766222c22636572746966696361746573223a7b225f5f74797065223a22756e646566696e6564227d2c22636f6c6c61746572616c73223a7b225f5f74797065223a22756e646566696e6564227d2c22666565223a7b225f5f74797065223a22626967696e74222c2276616c7565223a22313931313937227d2c22696e70757473223a5b7b22696e646578223a302c2274784964223a2230303261616466613566383236636435633664343537386435363336653931626363663337626432633134633765633964323331343734613965336635376537227d5d2c226d696e74223a7b225f5f74797065223a224d6170222c2276616c7565223a5b5b22363231373362393062353637616434626366323534616430663736656233373464373439643062323566643832373836616636613833396130303030303030303736363937323734373536313663343036383631366536343663222c7b225f5f74797065223a22626967696e74222c2276616c7565223a2231227d5d5d7d2c226f757470757473223a5b7b2261646472657373223a22616464725f746573743171707730646a676a307835396e67726a767174686e37656e68767275786e736176737735746836336c61336d6a656c7370396a6e32346e6366736172616863726734746b6e74396775703775663775616b3275397972326532346471717a70717764222c22646174756d223a7b225f5f74797065223a22756e646566696e6564227d2c22646174756d48617368223a7b225f5f74797065223a22756e646566696e6564227d2c227363726970745265666572656e6365223a7b225f5f74797065223a22756e646566696e6564227d2c2276616c7565223a7b22617373657473223a7b225f5f74797065223a224d6170222c2276616c7565223a5b5b22363231373362393062353637616434626366323534616430663736656233373464373439643062323566643832373836616636613833396130303030303030303736363937323734373536313663343036383631366536343663222c7b225f5f74797065223a22626967696e74222c2276616c7565223a2231227d5d5d7d2c22636f696e73223a7b225f5f74797065223a22626967696e74222c2276616c7565223a2234383038383033227d7d7d5d2c22726571756972656445787472615369676e617475726573223a7b225f5f74797065223a22756e646566696e6564227d2c2276616c6964697479496e74657276616c223a7b22696e76616c6964486572656166746572223a31343935337d7d2c226964223a2266383661343237393862663461363832343435346663353339653337643064393030346538616235643730346631373662396538663939643566323232646238222c22696e707574536f75726365223a22696e70757473222c227769746e657373223a7b22626f6f747374726170223a5b5d2c227369676e617475726573223a7b225f5f74797065223a224d6170222c2276616c7565223a5b5b2233363863663661313161633765323939313735363861333636616636326135393663623963646538313734626665376636653838333933656364623164636336222c223261623830313132353465323836363064343166303966616235653238353165633635613931373630343132353933633232316237653638316333343435653535343031356361386334383664626537333461653733333464316262623737393533313039343732623965353566313736323166626134316465666266653032225d5d7d7d7d5d2c2266656573223a7b225f5f74797065223a22626967696e74222c2276616c7565223a22313931313937227d2c22686561646572223a7b22626c6f636b4e6f223a313336312c2268617368223a2264633331336461643661633862303137316431393830666130666436613266633231386535333731336537316265663663646532663237373766653437383932222c22736c6f74223a31333533347d2c22697373756572566b223a2236306365316432336235323163623533393634343266373030373638383339356635663064343363333964376530656639616163333930343165666162373133222c2270726576696f7573426c6f636b223a2266303837633934663464373134366262623135663663643937616536646662353761346434343835363032373463383435646364653532383438663563373937222c2273697a65223a3731322c22746f74616c4f7574707574223a7b225f5f74797065223a22626967696e74222c2276616c7565223a2234383038383033227d2c227478436f756e74223a312c22767266223a227672665f766b316379727632307136327430376570716e6a77783675323839386e6d773337393534386168716a366d7038766c35326d36356b39737533756a7a36227d
1362	\\x7b22626f6479223a5b5d2c2266656573223a7b225f5f74797065223a22626967696e74222c2276616c7565223a2230227d2c22686561646572223a7b22626c6f636b4e6f223a313336322c2268617368223a2239666538613736616636656137316666616361653934633930623064336464643534363939636438633332316631333332356536656333393534663939336435222c22736c6f74223a31333533387d2c22697373756572566b223a2264626136643364386665333161636132346230383334646563623362663730306166393662386131633363376465326639363437313537643838336135336533222c2270726576696f7573426c6f636b223a2264633331336461643661633862303137316431393830666130666436613266633231386535333731336537316265663663646532663237373766653437383932222c2273697a65223a342c22746f74616c4f7574707574223a7b225f5f74797065223a22626967696e74222c2276616c7565223a2230227d2c227478436f756e74223a302c22767266223a227672665f766b316c736b386b7a65386c63716d33356c37707373376e72333034306778673437307a7a3565706a393668307735676e76376d6e3271356c70737066227d
1363	\\x7b22626f6479223a5b5d2c2266656573223a7b225f5f74797065223a22626967696e74222c2276616c7565223a2230227d2c22686561646572223a7b22626c6f636b4e6f223a313336332c2268617368223a2266633336616365636239376431303764633135643261333538613866336539376237336132633738633733306439386636613339613164383863643361386135222c22736c6f74223a31333536397d2c22697373756572566b223a2262653139393963356333656166363832336631313063303133343963303639343030396436383664306132633239323432383431613064303664613335393363222c2270726576696f7573426c6f636b223a2239666538613736616636656137316666616361653934633930623064336464643534363939636438633332316631333332356536656333393534663939336435222c2273697a65223a342c22746f74616c4f7574707574223a7b225f5f74797065223a22626967696e74222c2276616c7565223a2230227d2c227478436f756e74223a302c22767266223a227672665f766b31347070777368796e656a657a32786b376668753474377870663833756d6878396a656a7733767777707677757a6d723561716c736e6864376664227d
1364	\\x7b22626f6479223a5b5d2c2266656573223a7b225f5f74797065223a22626967696e74222c2276616c7565223a2230227d2c22686561646572223a7b22626c6f636b4e6f223a313336342c2268617368223a2230396661666463336263386533383564303361303666363937363238326533366663393762313037653935383637306631336132343339643833656137663032222c22736c6f74223a31333537327d2c22697373756572566b223a2231373830633065316563643239396663656164333431663664303639393132313963626430303166646363653463636334656566623638336231383539343338222c2270726576696f7573426c6f636b223a2266633336616365636239376431303764633135643261333538613866336539376237336132633738633733306439386636613339613164383863643361386135222c2273697a65223a342c22746f74616c4f7574707574223a7b225f5f74797065223a22626967696e74222c2276616c7565223a2230227d2c227478436f756e74223a302c22767266223a227672665f766b3176797a74326779676c7632636773787567337165633274673234336d726e6c666d64366839766d3237657266367976767865647132666a796879227d
1365	\\x7b22626f6479223a5b5d2c2266656573223a7b225f5f74797065223a22626967696e74222c2276616c7565223a2230227d2c22686561646572223a7b22626c6f636b4e6f223a313336352c2268617368223a2234326634343237353933346531366134306633633062363436333639646662316263616264343133373065376665666435626239326436376337663631376565222c22736c6f74223a31333537347d2c22697373756572566b223a2231373830633065316563643239396663656164333431663664303639393132313963626430303166646363653463636334656566623638336231383539343338222c2270726576696f7573426c6f636b223a2230396661666463336263386533383564303361303666363937363238326533366663393762313037653935383637306631336132343339643833656137663032222c2273697a65223a342c22746f74616c4f7574707574223a7b225f5f74797065223a22626967696e74222c2276616c7565223a2230227d2c227478436f756e74223a302c22767266223a227672665f766b3176797a74326779676c7632636773787567337165633274673234336d726e6c666d64366839766d3237657266367976767865647132666a796879227d
1366	\\x7b22626f6479223a5b5d2c2266656573223a7b225f5f74797065223a22626967696e74222c2276616c7565223a2230227d2c22686561646572223a7b22626c6f636b4e6f223a313336362c2268617368223a2234383136383139336437336565646638366466613538326133353561613236613163343332366534626432346130633933373639666463343234353062383432222c22736c6f74223a31333537377d2c22697373756572566b223a2238343830323836363934396431663831366130653062666266346232663535346136363536303362636165633530373731396235393865373230626638636134222c2270726576696f7573426c6f636b223a2234326634343237353933346531366134306633633062363436333639646662316263616264343133373065376665666435626239326436376337663631376565222c2273697a65223a342c22746f74616c4f7574707574223a7b225f5f74797065223a22626967696e74222c2276616c7565223a2230227d2c227478436f756e74223a302c22767266223a227672665f766b31773771356367633279303537766a6d743632366632367578653478633777743468766b6b767171686567756a33376d786b7a6c736d6b676c7272227d
1367	\\x7b22626f6479223a5b5d2c2266656573223a7b225f5f74797065223a22626967696e74222c2276616c7565223a2230227d2c22686561646572223a7b22626c6f636b4e6f223a313336372c2268617368223a2262303065336537363733326161306331346365663335323763363335623763386533616338613535636434366638653061306135396438303265656134353963222c22736c6f74223a31333539357d2c22697373756572566b223a2232353331306661653062366231653236343361383136306633326532303635666365363730323966323761376465366662626131646630663863383065663333222c2270726576696f7573426c6f636b223a2234383136383139336437336565646638366466613538326133353561613236613163343332366534626432346130633933373639666463343234353062383432222c2273697a65223a342c22746f74616c4f7574707574223a7b225f5f74797065223a22626967696e74222c2276616c7565223a2230227d2c227478436f756e74223a302c22767266223a227672665f766b313333656361366e6d786a3632657539706c66783363757a676b7077353739353432343433716d393266667637636a687636337673377771777371227d
1368	\\x7b22626f6479223a5b5d2c2266656573223a7b225f5f74797065223a22626967696e74222c2276616c7565223a2230227d2c22686561646572223a7b22626c6f636b4e6f223a313336382c2268617368223a2266366532333862393262373935303865323662323838323664656131313734613534383636666338373463306566656365646634343565623266613261633163222c22736c6f74223a31333630397d2c22697373756572566b223a2238343830323836363934396431663831366130653062666266346232663535346136363536303362636165633530373731396235393865373230626638636134222c2270726576696f7573426c6f636b223a2262303065336537363733326161306331346365663335323763363335623763386533616338613535636434366638653061306135396438303265656134353963222c2273697a65223a342c22746f74616c4f7574707574223a7b225f5f74797065223a22626967696e74222c2276616c7565223a2230227d2c227478436f756e74223a302c22767266223a227672665f766b31773771356367633279303537766a6d743632366632367578653478633777743468766b6b767171686567756a33376d786b7a6c736d6b676c7272227d
1369	\\x7b22626f6479223a5b5d2c2266656573223a7b225f5f74797065223a22626967696e74222c2276616c7565223a2230227d2c22686561646572223a7b22626c6f636b4e6f223a313336392c2268617368223a2234383533656261663834663633336533363730643461303863336664336233323966373861623366396261643933333133633831626331353531363632633235222c22736c6f74223a31333631357d2c22697373756572566b223a2231373564396166333266313431316133303737356366636462383037313262346534353738633761396131346264363666373630373565303533653363663366222c2270726576696f7573426c6f636b223a2266366532333862393262373935303865323662323838323664656131313734613534383636666338373463306566656365646634343565623266613261633163222c2273697a65223a342c22746f74616c4f7574707574223a7b225f5f74797065223a22626967696e74222c2276616c7565223a2230227d2c227478436f756e74223a302c22767266223a227672665f766b31307361786b763432327763777375746876766d663574676a39686b7a36743234766475336e7832367a6c38676364306d7839727133766a686876227d
1370	\\x7b22626f6479223a5b5d2c2266656573223a7b225f5f74797065223a22626967696e74222c2276616c7565223a2230227d2c22686561646572223a7b22626c6f636b4e6f223a313337302c2268617368223a2239666531643832656164613333373437353938643736646630393162383834633462303738326465646165313132653930343532646531383066343436333533222c22736c6f74223a31333631387d2c22697373756572566b223a2262653139393963356333656166363832336631313063303133343963303639343030396436383664306132633239323432383431613064303664613335393363222c2270726576696f7573426c6f636b223a2234383533656261663834663633336533363730643461303863336664336233323966373861623366396261643933333133633831626331353531363632633235222c2273697a65223a342c22746f74616c4f7574707574223a7b225f5f74797065223a22626967696e74222c2276616c7565223a2230227d2c227478436f756e74223a302c22767266223a227672665f766b31347070777368796e656a657a32786b376668753474377870663833756d6878396a656a7733767777707677757a6d723561716c736e6864376664227d
1290	\\x7b22626f6479223a5b5d2c2266656573223a7b225f5f74797065223a22626967696e74222c2276616c7565223a2230227d2c22686561646572223a7b22626c6f636b4e6f223a313239302c2268617368223a2238353036643732306564333731616662353663326337356662366664306235633139396334343761633038356338316539313139666266613030323461643061222c22736c6f74223a31323736387d2c22697373756572566b223a2234643636656339613166333936393637323332396534646165343234356638336261613035373530316462643637613033633765613733336665363232363337222c2270726576696f7573426c6f636b223a2266343866623839623061626566613061363934666562366263323736373037666437323566653864366533613330643837666363343339353764396261653665222c2273697a65223a342c22746f74616c4f7574707574223a7b225f5f74797065223a22626967696e74222c2276616c7565223a2230227d2c227478436f756e74223a302c22767266223a227672665f766b31757378683236763270726d30637039356363396b656b3337766832677037726b67766867743878657261307a64666634376b72716834646c6134227d
1291	\\x7b22626f6479223a5b5d2c2266656573223a7b225f5f74797065223a22626967696e74222c2276616c7565223a2230227d2c22686561646572223a7b22626c6f636b4e6f223a313239312c2268617368223a2231323938623638616330373865396661316536643939613364373631353236363663623230373031326139333938313963623732313863626633366266353765222c22736c6f74223a31323737377d2c22697373756572566b223a2231373564396166333266313431316133303737356366636462383037313262346534353738633761396131346264363666373630373565303533653363663366222c2270726576696f7573426c6f636b223a2238353036643732306564333731616662353663326337356662366664306235633139396334343761633038356338316539313139666266613030323461643061222c2273697a65223a342c22746f74616c4f7574707574223a7b225f5f74797065223a22626967696e74222c2276616c7565223a2230227d2c227478436f756e74223a302c22767266223a227672665f766b31307361786b763432327763777375746876766d663574676a39686b7a36743234766475336e7832367a6c38676364306d7839727133766a686876227d
1292	\\x7b22626f6479223a5b5d2c2266656573223a7b225f5f74797065223a22626967696e74222c2276616c7565223a2230227d2c22686561646572223a7b22626c6f636b4e6f223a313239322c2268617368223a2234623232353730303636346561633039343436613666393964373233653865353365343334353563363535623361376165623361666538313337356232356132222c22736c6f74223a31323738377d2c22697373756572566b223a2234643636656339613166333936393637323332396534646165343234356638336261613035373530316462643637613033633765613733336665363232363337222c2270726576696f7573426c6f636b223a2231323938623638616330373865396661316536643939613364373631353236363663623230373031326139333938313963623732313863626633366266353765222c2273697a65223a342c22746f74616c4f7574707574223a7b225f5f74797065223a22626967696e74222c2276616c7565223a2230227d2c227478436f756e74223a302c22767266223a227672665f766b31757378683236763270726d30637039356363396b656b3337766832677037726b67766867743878657261307a64666634376b72716834646c6134227d
1293	\\x7b22626f6479223a5b5d2c2266656573223a7b225f5f74797065223a22626967696e74222c2276616c7565223a2230227d2c22686561646572223a7b22626c6f636b4e6f223a313239332c2268617368223a2238373638653965356638623038346238633732316538636566316136613263363337656236366461336363336332343531376138343865623036353530336131222c22736c6f74223a31323739307d2c22697373756572566b223a2234643636656339613166333936393637323332396534646165343234356638336261613035373530316462643637613033633765613733336665363232363337222c2270726576696f7573426c6f636b223a2234623232353730303636346561633039343436613666393964373233653865353365343334353563363535623361376165623361666538313337356232356132222c2273697a65223a342c22746f74616c4f7574707574223a7b225f5f74797065223a22626967696e74222c2276616c7565223a2230227d2c227478436f756e74223a302c22767266223a227672665f766b31757378683236763270726d30637039356363396b656b3337766832677037726b67766867743878657261307a64666634376b72716834646c6134227d
1294	\\x7b22626f6479223a5b5d2c2266656573223a7b225f5f74797065223a22626967696e74222c2276616c7565223a2230227d2c22686561646572223a7b22626c6f636b4e6f223a313239342c2268617368223a2238663765383361613966653334613761663039343636313332306666623236326562626265313933613863636263383765653835383038356535303765373362222c22736c6f74223a31323739337d2c22697373756572566b223a2264626136643364386665333161636132346230383334646563623362663730306166393662386131633363376465326639363437313537643838336135336533222c2270726576696f7573426c6f636b223a2238373638653965356638623038346238633732316538636566316136613263363337656236366461336363336332343531376138343865623036353530336131222c2273697a65223a342c22746f74616c4f7574707574223a7b225f5f74797065223a22626967696e74222c2276616c7565223a2230227d2c227478436f756e74223a302c22767266223a227672665f766b316c736b386b7a65386c63716d33356c37707373376e72333034306778673437307a7a3565706a393668307735676e76376d6e3271356c70737066227d
1295	\\x7b22626f6479223a5b5d2c2266656573223a7b225f5f74797065223a22626967696e74222c2276616c7565223a2230227d2c22686561646572223a7b22626c6f636b4e6f223a313239352c2268617368223a2261653038653434643639386338646165666337386130646232376562353261383363653266393733356265386338353138376435646636356637336238376363222c22736c6f74223a31323832317d2c22697373756572566b223a2262653139393963356333656166363832336631313063303133343963303639343030396436383664306132633239323432383431613064303664613335393363222c2270726576696f7573426c6f636b223a2238663765383361613966653334613761663039343636313332306666623236326562626265313933613863636263383765653835383038356535303765373362222c2273697a65223a342c22746f74616c4f7574707574223a7b225f5f74797065223a22626967696e74222c2276616c7565223a2230227d2c227478436f756e74223a302c22767266223a227672665f766b31347070777368796e656a657a32786b376668753474377870663833756d6878396a656a7733767777707677757a6d723561716c736e6864376664227d
1296	\\x7b22626f6479223a5b5d2c2266656573223a7b225f5f74797065223a22626967696e74222c2276616c7565223a2230227d2c22686561646572223a7b22626c6f636b4e6f223a313239362c2268617368223a2233656365306432356236353835323466356664636239616234623739326433316237623866376264346235306431323736316636633362613936366332633432222c22736c6f74223a31323832347d2c22697373756572566b223a2236306365316432336235323163623533393634343266373030373638383339356635663064343363333964376530656639616163333930343165666162373133222c2270726576696f7573426c6f636b223a2261653038653434643639386338646165666337386130646232376562353261383363653266393733356265386338353138376435646636356637336238376363222c2273697a65223a342c22746f74616c4f7574707574223a7b225f5f74797065223a22626967696e74222c2276616c7565223a2230227d2c227478436f756e74223a302c22767266223a227672665f766b316379727632307136327430376570716e6a77783675323839386e6d773337393534386168716a366d7038766c35326d36356b39737533756a7a36227d
1297	\\x7b22626f6479223a5b5d2c2266656573223a7b225f5f74797065223a22626967696e74222c2276616c7565223a2230227d2c22686561646572223a7b22626c6f636b4e6f223a313239372c2268617368223a2238363466313131323633643331373439376334633833323731336332613761616166383766326566303039626366326362303930333838626330386436626435222c22736c6f74223a31323832377d2c22697373756572566b223a2231373564396166333266313431316133303737356366636462383037313262346534353738633761396131346264363666373630373565303533653363663366222c2270726576696f7573426c6f636b223a2233656365306432356236353835323466356664636239616234623739326433316237623866376264346235306431323736316636633362613936366332633432222c2273697a65223a342c22746f74616c4f7574707574223a7b225f5f74797065223a22626967696e74222c2276616c7565223a2230227d2c227478436f756e74223a302c22767266223a227672665f766b31307361786b763432327763777375746876766d663574676a39686b7a36743234766475336e7832367a6c38676364306d7839727133766a686876227d
1298	\\x7b22626f6479223a5b5d2c2266656573223a7b225f5f74797065223a22626967696e74222c2276616c7565223a2230227d2c22686561646572223a7b22626c6f636b4e6f223a313239382c2268617368223a2266346533626637323038643031393337386662653862373664363937346231393233353535393264316166346461653036363437643834313764343033383234222c22736c6f74223a31323833317d2c22697373756572566b223a2262653139393963356333656166363832336631313063303133343963303639343030396436383664306132633239323432383431613064303664613335393363222c2270726576696f7573426c6f636b223a2238363466313131323633643331373439376334633833323731336332613761616166383766326566303039626366326362303930333838626330386436626435222c2273697a65223a342c22746f74616c4f7574707574223a7b225f5f74797065223a22626967696e74222c2276616c7565223a2230227d2c227478436f756e74223a302c22767266223a227672665f766b31347070777368796e656a657a32786b376668753474377870663833756d6878396a656a7733767777707677757a6d723561716c736e6864376664227d
1299	\\x7b22626f6479223a5b5d2c2266656573223a7b225f5f74797065223a22626967696e74222c2276616c7565223a2230227d2c22686561646572223a7b22626c6f636b4e6f223a313239392c2268617368223a2234613166333331643537386263303935663439663738346237636335316534333830346364373463393339626361313033343230643965323137363065663366222c22736c6f74223a31323833357d2c22697373756572566b223a2231373564396166333266313431316133303737356366636462383037313262346534353738633761396131346264363666373630373565303533653363663366222c2270726576696f7573426c6f636b223a2266346533626637323038643031393337386662653862373664363937346231393233353535393264316166346461653036363437643834313764343033383234222c2273697a65223a342c22746f74616c4f7574707574223a7b225f5f74797065223a22626967696e74222c2276616c7565223a2230227d2c227478436f756e74223a302c22767266223a227672665f766b31307361786b763432327763777375746876766d663574676a39686b7a36743234766475336e7832367a6c38676364306d7839727133766a686876227d
1300	\\x7b22626f6479223a5b5d2c2266656573223a7b225f5f74797065223a22626967696e74222c2276616c7565223a2230227d2c22686561646572223a7b22626c6f636b4e6f223a313330302c2268617368223a2262626234636337333739353061656130383762643166383434336462346336666261633963396464643833626533323639333363363632643337663961646461222c22736c6f74223a31323834307d2c22697373756572566b223a2231373830633065316563643239396663656164333431663664303639393132313963626430303166646363653463636334656566623638336231383539343338222c2270726576696f7573426c6f636b223a2234613166333331643537386263303935663439663738346237636335316534333830346364373463393339626361313033343230643965323137363065663366222c2273697a65223a342c22746f74616c4f7574707574223a7b225f5f74797065223a22626967696e74222c2276616c7565223a2230227d2c227478436f756e74223a302c22767266223a227672665f766b3176797a74326779676c7632636773787567337165633274673234336d726e6c666d64366839766d3237657266367976767865647132666a796879227d
1301	\\x7b22626f6479223a5b5d2c2266656573223a7b225f5f74797065223a22626967696e74222c2276616c7565223a2230227d2c22686561646572223a7b22626c6f636b4e6f223a313330312c2268617368223a2238643264643764376437353263366163623163663438323035633331303931303432616430353765333231396235303036353366363964666464623735323466222c22736c6f74223a31323834397d2c22697373756572566b223a2231373564396166333266313431316133303737356366636462383037313262346534353738633761396131346264363666373630373565303533653363663366222c2270726576696f7573426c6f636b223a2262626234636337333739353061656130383762643166383434336462346336666261633963396464643833626533323639333363363632643337663961646461222c2273697a65223a342c22746f74616c4f7574707574223a7b225f5f74797065223a22626967696e74222c2276616c7565223a2230227d2c227478436f756e74223a302c22767266223a227672665f766b31307361786b763432327763777375746876766d663574676a39686b7a36743234766475336e7832367a6c38676364306d7839727133766a686876227d
1302	\\x7b22626f6479223a5b5d2c2266656573223a7b225f5f74797065223a22626967696e74222c2276616c7565223a2230227d2c22686561646572223a7b22626c6f636b4e6f223a313330322c2268617368223a2231376266623235303036333266383630386132386564386133326665653039653731303061356366306665613830653264383062376136363639373834373336222c22736c6f74223a31323836377d2c22697373756572566b223a2237393130666530393461363338393634336339363661656136363461636539626134363132336639353166633063303436376430393839373431393936616537222c2270726576696f7573426c6f636b223a2238643264643764376437353263366163623163663438323035633331303931303432616430353765333231396235303036353366363964666464623735323466222c2273697a65223a342c22746f74616c4f7574707574223a7b225f5f74797065223a22626967696e74222c2276616c7565223a2230227d2c227478436f756e74223a302c22767266223a227672665f766b3178397a72347a683733706b346d7a75366b343333727079616367756164377677776d35343638687a716b353064756e65356b397366306c776335227d
1303	\\x7b22626f6479223a5b5d2c2266656573223a7b225f5f74797065223a22626967696e74222c2276616c7565223a2230227d2c22686561646572223a7b22626c6f636b4e6f223a313330332c2268617368223a2232336633663739353233383637636532633338633630626165653061396636343162363365646339613631393039353031363438376633666634303236363266222c22736c6f74223a31323836397d2c22697373756572566b223a2231373830633065316563643239396663656164333431663664303639393132313963626430303166646363653463636334656566623638336231383539343338222c2270726576696f7573426c6f636b223a2231376266623235303036333266383630386132386564386133326665653039653731303061356366306665613830653264383062376136363639373834373336222c2273697a65223a342c22746f74616c4f7574707574223a7b225f5f74797065223a22626967696e74222c2276616c7565223a2230227d2c227478436f756e74223a302c22767266223a227672665f766b3176797a74326779676c7632636773787567337165633274673234336d726e6c666d64366839766d3237657266367976767865647132666a796879227d
1304	\\x7b22626f6479223a5b5d2c2266656573223a7b225f5f74797065223a22626967696e74222c2276616c7565223a2230227d2c22686561646572223a7b22626c6f636b4e6f223a313330342c2268617368223a2236313063383439336364613563323236313735343737643466663463393536623233313332626639356361396235396638373261636266613364366531313764222c22736c6f74223a31323838357d2c22697373756572566b223a2231373564396166333266313431316133303737356366636462383037313262346534353738633761396131346264363666373630373565303533653363663366222c2270726576696f7573426c6f636b223a2232336633663739353233383637636532633338633630626165653061396636343162363365646339613631393039353031363438376633666634303236363266222c2273697a65223a342c22746f74616c4f7574707574223a7b225f5f74797065223a22626967696e74222c2276616c7565223a2230227d2c227478436f756e74223a302c22767266223a227672665f766b31307361786b763432327763777375746876766d663574676a39686b7a36743234766475336e7832367a6c38676364306d7839727133766a686876227d
1305	\\x7b22626f6479223a5b5d2c2266656573223a7b225f5f74797065223a22626967696e74222c2276616c7565223a2230227d2c22686561646572223a7b22626c6f636b4e6f223a313330352c2268617368223a2236653833656232626432646537373733353363663336326334616332326430633261653032626565626234613334613661653434316665383666386435316234222c22736c6f74223a31323839367d2c22697373756572566b223a2264626136643364386665333161636132346230383334646563623362663730306166393662386131633363376465326639363437313537643838336135336533222c2270726576696f7573426c6f636b223a2236313063383439336364613563323236313735343737643466663463393536623233313332626639356361396235396638373261636266613364366531313764222c2273697a65223a342c22746f74616c4f7574707574223a7b225f5f74797065223a22626967696e74222c2276616c7565223a2230227d2c227478436f756e74223a302c22767266223a227672665f766b316c736b386b7a65386c63716d33356c37707373376e72333034306778673437307a7a3565706a393668307735676e76376d6e3271356c70737066227d
1306	\\x7b22626f6479223a5b5d2c2266656573223a7b225f5f74797065223a22626967696e74222c2276616c7565223a2230227d2c22686561646572223a7b22626c6f636b4e6f223a313330362c2268617368223a2233613934303466613365363761666337643838653635323466303033656464633865613330626462643138393137663764303337663662373839643163363863222c22736c6f74223a31323839387d2c22697373756572566b223a2231373564396166333266313431316133303737356366636462383037313262346534353738633761396131346264363666373630373565303533653363663366222c2270726576696f7573426c6f636b223a2236653833656232626432646537373733353363663336326334616332326430633261653032626565626234613334613661653434316665383666386435316234222c2273697a65223a342c22746f74616c4f7574707574223a7b225f5f74797065223a22626967696e74222c2276616c7565223a2230227d2c227478436f756e74223a302c22767266223a227672665f766b31307361786b763432327763777375746876766d663574676a39686b7a36743234766475336e7832367a6c38676364306d7839727133766a686876227d
1307	\\x7b22626f6479223a5b5d2c2266656573223a7b225f5f74797065223a22626967696e74222c2276616c7565223a2230227d2c22686561646572223a7b22626c6f636b4e6f223a313330372c2268617368223a2231393639373535363265303062643363353833363639303839643036386431373532366436396530643435353733326437346138653435303238313163393861222c22736c6f74223a31323930377d2c22697373756572566b223a2231373564396166333266313431316133303737356366636462383037313262346534353738633761396131346264363666373630373565303533653363663366222c2270726576696f7573426c6f636b223a2233613934303466613365363761666337643838653635323466303033656464633865613330626462643138393137663764303337663662373839643163363863222c2273697a65223a342c22746f74616c4f7574707574223a7b225f5f74797065223a22626967696e74222c2276616c7565223a2230227d2c227478436f756e74223a302c22767266223a227672665f766b31307361786b763432327763777375746876766d663574676a39686b7a36743234766475336e7832367a6c38676364306d7839727133766a686876227d
1308	\\x7b22626f6479223a5b5d2c2266656573223a7b225f5f74797065223a22626967696e74222c2276616c7565223a2230227d2c22686561646572223a7b22626c6f636b4e6f223a313330382c2268617368223a2261623063376262353137386436366666323134396666353565343361386263616330663233333761643333323437333333393464613866623361636435396330222c22736c6f74223a31323931367d2c22697373756572566b223a2232353331306661653062366231653236343361383136306633326532303635666365363730323966323761376465366662626131646630663863383065663333222c2270726576696f7573426c6f636b223a2231393639373535363265303062643363353833363639303839643036386431373532366436396530643435353733326437346138653435303238313163393861222c2273697a65223a342c22746f74616c4f7574707574223a7b225f5f74797065223a22626967696e74222c2276616c7565223a2230227d2c227478436f756e74223a302c22767266223a227672665f766b313333656361366e6d786a3632657539706c66783363757a676b7077353739353432343433716d393266667637636a687636337673377771777371227d
1309	\\x7b22626f6479223a5b5d2c2266656573223a7b225f5f74797065223a22626967696e74222c2276616c7565223a2230227d2c22686561646572223a7b22626c6f636b4e6f223a313330392c2268617368223a2264333738623132343766356436323831316664653063303432393161313531336462373039373637323735383063613966313539333465343936366334326163222c22736c6f74223a31323933327d2c22697373756572566b223a2264626136643364386665333161636132346230383334646563623362663730306166393662386131633363376465326639363437313537643838336135336533222c2270726576696f7573426c6f636b223a2261623063376262353137386436366666323134396666353565343361386263616330663233333761643333323437333333393464613866623361636435396330222c2273697a65223a342c22746f74616c4f7574707574223a7b225f5f74797065223a22626967696e74222c2276616c7565223a2230227d2c227478436f756e74223a302c22767266223a227672665f766b316c736b386b7a65386c63716d33356c37707373376e72333034306778673437307a7a3565706a393668307735676e76376d6e3271356c70737066227d
1310	\\x7b22626f6479223a5b5d2c2266656573223a7b225f5f74797065223a22626967696e74222c2276616c7565223a2230227d2c22686561646572223a7b22626c6f636b4e6f223a313331302c2268617368223a2232303731336561343265663736303961393436303939323162353433333537353630353265373130356664646166373535663432323831376631613833643165222c22736c6f74223a31323935317d2c22697373756572566b223a2238343830323836363934396431663831366130653062666266346232663535346136363536303362636165633530373731396235393865373230626638636134222c2270726576696f7573426c6f636b223a2264333738623132343766356436323831316664653063303432393161313531336462373039373637323735383063613966313539333465343936366334326163222c2273697a65223a342c22746f74616c4f7574707574223a7b225f5f74797065223a22626967696e74222c2276616c7565223a2230227d2c227478436f756e74223a302c22767266223a227672665f766b31773771356367633279303537766a6d743632366632367578653478633777743468766b6b767171686567756a33376d786b7a6c736d6b676c7272227d
1311	\\x7b22626f6479223a5b5d2c2266656573223a7b225f5f74797065223a22626967696e74222c2276616c7565223a2230227d2c22686561646572223a7b22626c6f636b4e6f223a313331312c2268617368223a2233643061633335666135373461333065376163366364336636626330653935363461303764373130363238626162373131663539643964396237333531303261222c22736c6f74223a31323935347d2c22697373756572566b223a2237393130666530393461363338393634336339363661656136363461636539626134363132336639353166633063303436376430393839373431393936616537222c2270726576696f7573426c6f636b223a2232303731336561343265663736303961393436303939323162353433333537353630353265373130356664646166373535663432323831376631613833643165222c2273697a65223a342c22746f74616c4f7574707574223a7b225f5f74797065223a22626967696e74222c2276616c7565223a2230227d2c227478436f756e74223a302c22767266223a227672665f766b3178397a72347a683733706b346d7a75366b343333727079616367756164377677776d35343638687a716b353064756e65356b397366306c776335227d
1312	\\x7b22626f6479223a5b5d2c2266656573223a7b225f5f74797065223a22626967696e74222c2276616c7565223a2230227d2c22686561646572223a7b22626c6f636b4e6f223a313331322c2268617368223a2265376337663437373733626633326435373665343039366366336362363565313764353366633065333336656231313262613236613461333330323231613362222c22736c6f74223a31323936357d2c22697373756572566b223a2232353331306661653062366231653236343361383136306633326532303635666365363730323966323761376465366662626131646630663863383065663333222c2270726576696f7573426c6f636b223a2233643061633335666135373461333065376163366364336636626330653935363461303764373130363238626162373131663539643964396237333531303261222c2273697a65223a342c22746f74616c4f7574707574223a7b225f5f74797065223a22626967696e74222c2276616c7565223a2230227d2c227478436f756e74223a302c22767266223a227672665f766b313333656361366e6d786a3632657539706c66783363757a676b7077353739353432343433716d393266667637636a687636337673377771777371227d
1313	\\x7b22626f6479223a5b5d2c2266656573223a7b225f5f74797065223a22626967696e74222c2276616c7565223a2230227d2c22686561646572223a7b22626c6f636b4e6f223a313331332c2268617368223a2235336534356563626538303965323663343738343235356563333364613234306637356534326131633434343031356139383866623235336536636235366632222c22736c6f74223a31323937367d2c22697373756572566b223a2262653139393963356333656166363832336631313063303133343963303639343030396436383664306132633239323432383431613064303664613335393363222c2270726576696f7573426c6f636b223a2265376337663437373733626633326435373665343039366366336362363565313764353366633065333336656231313262613236613461333330323231613362222c2273697a65223a342c22746f74616c4f7574707574223a7b225f5f74797065223a22626967696e74222c2276616c7565223a2230227d2c227478436f756e74223a302c22767266223a227672665f766b31347070777368796e656a657a32786b376668753474377870663833756d6878396a656a7733767777707677757a6d723561716c736e6864376664227d
1314	\\x7b22626f6479223a5b5d2c2266656573223a7b225f5f74797065223a22626967696e74222c2276616c7565223a2230227d2c22686561646572223a7b22626c6f636b4e6f223a313331342c2268617368223a2264336261386161663135363231366662393565323166393962356565346338383233653039646335326432663064653862376131626465356432663865663935222c22736c6f74223a31323939397d2c22697373756572566b223a2236306365316432336235323163623533393634343266373030373638383339356635663064343363333964376530656639616163333930343165666162373133222c2270726576696f7573426c6f636b223a2235336534356563626538303965323663343738343235356563333364613234306637356534326131633434343031356139383866623235336536636235366632222c2273697a65223a342c22746f74616c4f7574707574223a7b225f5f74797065223a22626967696e74222c2276616c7565223a2230227d2c227478436f756e74223a302c22767266223a227672665f766b316379727632307136327430376570716e6a77783675323839386e6d773337393534386168716a366d7038766c35326d36356b39737533756a7a36227d
\.


--
-- Data for Name: handle; Type: TABLE DATA; Schema: public; Owner: postgres
--

COPY public.handle (handle, cardano_address, policy_id, has_datum, default_for_stake_credential, default_for_payment_credential, asset_id, parent_handle_handle) FROM stdin;
hellohandle	addr_test1qr0c3frkem9cqn5f73dnvqpena27k2fgqew6wct9eaka03agfwkvzr0zyq7nqvcj24zehrshx63zzdxv24x3a4tcnfeq9zwmn7	62173b90b567ad4bcf254ad0f76eb374d749d0b25fd82786af6a839a	f	testhandle	testhandle	62173b90b567ad4bcf254ad0f76eb374d749d0b25fd82786af6a839a68656c6c6f68616e646c65	\N
testhandle	addr_test1qr0c3frkem9cqn5f73dnvqpena27k2fgqew6wct9eaka03agfwkvzr0zyq7nqvcj24zehrshx63zzdxv24x3a4tcnfeq9zwmn7	62173b90b567ad4bcf254ad0f76eb374d749d0b25fd82786af6a839a	f	testhandle	testhandle	62173b90b567ad4bcf254ad0f76eb374d749d0b25fd82786af6a839a7465737468616e646c65	\N
handle2	addr_test1qpw0djgj0x59ngrjvqthn7enhvruxnsavsw5th63la3mjel3tkc974sr23jmlzgq5zda4gtv8k9cy38756r9y3qgmkqqjz6aa7	62173b90b567ad4bcf254ad0f76eb374d749d0b25fd82786af6a839a	t	handl	handl	62173b90b567ad4bcf254ad0f76eb374d749d0b25fd82786af6a839a000de14068616e646c6532	\N
handle1	addr_test1qpw0djgj0x59ngrjvqthn7enhvruxnsavsw5th63la3mjel3tkc974sr23jmlzgq5zda4gtv8k9cy38756r9y3qgmkqqjz6aa7	62173b90b567ad4bcf254ad0f76eb374d749d0b25fd82786af6a839a	t	handl	handl	62173b90b567ad4bcf254ad0f76eb374d749d0b25fd82786af6a839a68616e646c6531	\N
handl	addr_test1qpw0djgj0x59ngrjvqthn7enhvruxnsavsw5th63la3mjel3tkc974sr23jmlzgq5zda4gtv8k9cy38756r9y3qgmkqqjz6aa7	62173b90b567ad4bcf254ad0f76eb374d749d0b25fd82786af6a839a	t	handl	handl	62173b90b567ad4bcf254ad0f76eb374d749d0b25fd82786af6a839a000de14068616e646c	\N
sub@handl	addr_test1qpw0djgj0x59ngrjvqthn7enhvruxnsavsw5th63la3mjel3tkc974sr23jmlzgq5zda4gtv8k9cy38756r9y3qgmkqqjz6aa7	62173b90b567ad4bcf254ad0f76eb374d749d0b25fd82786af6a839a	t	handl	handl	62173b90b567ad4bcf254ad0f76eb374d749d0b25fd82786af6a839a000de1407375624068616e646c	handl
virtual@handl	addr_test1qpw0djgj0x59ngrjvqthn7enhvruxnsavsw5th63la3mjelsp9jn24ncfsarahcrg4tknt9gup7uf7uak2u9yr2e24dqqzpqwd	62173b90b567ad4bcf254ad0f76eb374d749d0b25fd82786af6a839a	f	virtual@handl	handl	62173b90b567ad4bcf254ad0f76eb374d749d0b25fd82786af6a839a000000007669727475616c4068616e646c	handl
\.


--
-- Data for Name: handle_metadata; Type: TABLE DATA; Schema: public; Owner: postgres
--

COPY public.handle_metadata (id, handle, og, profile_pic_image, background_image, output_id, block_slot) FROM stdin;
1	testhandle	f	\N	\N	\N	1470
2	hellohandle	f	\N	\N	\N	1470
3	doublehandle	f	\N	\N	\N	1470
4	handle2	f	ipfs://QmWgjXCxVUSWPy1WmUV3joPP1sZMvZ71so6qy6C2ZukRBD	ipfs://QmY6XiqBr9JNnuguTRsx3ocvkQemNJ5iCRMie85wqz94Jo	5	13404
5	handle1	f	\N	\N	\N	13404
\.


--
-- Data for Name: nft_metadata; Type: TABLE DATA; Schema: public; Owner: postgres
--

COPY public.nft_metadata (id, name, description, image, media_type, files, type, other_properties, user_token_asset_id, parent_asset_id, created_at_slot) FROM stdin;
1	testhandle	The Handle Standard	ipfs://some-hash	image/jpeg	[{"src": "ipfs://Qmb78QQ4RXxKQrteRn4X3WaMXXfmi2BU2dLjfWxuJoF2N5", "name": "some name", "mediaType": "video/mp4"}, {"src": "ipfs://Qmb78QQ4RXxKQrteRn4X3WaMXXfmi2BU2dLjfWxuJoF2Ny", "name": "some name", "mediaType": "audio/mpeg"}]	CIP-0025	{"value": [["augmentations", []], ["core", {"value": [["handleEncoding", "utf-8"], ["og", {"value": "0", "__type": "bigint"}], ["prefix", "$"], ["termsofuse", "https://cardanofoundation.org/en/terms-and-conditions/"], ["version", {"value": "0", "__type": "bigint"}]], "__type": "Map"}], ["website", "https://cardano.org/"]], "__type": "Map"}	62173b90b567ad4bcf254ad0f76eb374d749d0b25fd82786af6a839a7465737468616e646c65	62173b90b567ad4bcf254ad0f76eb374d749d0b25fd82786af6a839a7465737468616e646c65	1470
2	hellohandle	The Handle Standard	ipfs://some-hash	\N	\N	CIP-0025	{"value": [["augmentations", []], ["core", {"value": [["handleEncoding", "utf-8"], ["og", {"value": "0", "__type": "bigint"}], ["prefix", "$"], ["termsofuse", "https://cardanofoundation.org/en/terms-and-conditions/"], ["version", {"value": "0", "__type": "bigint"}]], "__type": "Map"}], ["website", "https://cardano.org/"]], "__type": "Map"}	62173b90b567ad4bcf254ad0f76eb374d749d0b25fd82786af6a839a68656c6c6f68616e646c65	62173b90b567ad4bcf254ad0f76eb374d749d0b25fd82786af6a839a68656c6c6f68616e646c65	1470
3	doublehandle	The Handle Standard	ipfs://some-hash	\N	\N	CIP-0025	{"value": [["augmentations", []], ["core", {"value": [["handleEncoding", "utf-8"], ["og", {"value": "0", "__type": "bigint"}], ["prefix", "$"], ["termsofuse", "https://cardanofoundation.org/en/terms-and-conditions/"], ["version", {"value": "0", "__type": "bigint"}]], "__type": "Map"}], ["website", "https://cardano.org/"]], "__type": "Map"}	62173b90b567ad4bcf254ad0f76eb374d749d0b25fd82786af6a839a646f75626c6568616e646c65	62173b90b567ad4bcf254ad0f76eb374d749d0b25fd82786af6a839a646f75626c6568616e646c65	1470
4	$pharmers2	\N	ipfs://zdj7WmoZ6Vy5d3K6uqBSRZPRzSebVxbL2n1WAQNAX3oLaWeYt	image/jpeg	\N	CIP-0068	{"value": [["og", {"value": "0", "__type": "bigint"}], ["og_number", {"value": "0", "__type": "bigint"}], ["rarity", "basic"], ["length", {"value": "9", "__type": "bigint"}], ["characters", "letters,numbers"], ["numeric_modifiers", ""], ["version", {"value": "1", "__type": "bigint"}]], "__type": "Map"}	62173b90b567ad4bcf254ad0f76eb374d749d0b25fd82786af6a839a000de14068616e646c6532	62173b90b567ad4bcf254ad0f76eb374d749d0b25fd82786af6a839a000643b068616e646c6532	13404
5	$handle1	The Handle Standard	ipfs://some-hash	\N	\N	CIP-0025	{"value": [["augmentations", []], ["core", {"value": [["handleEncoding", "utf-8"], ["og", {"value": "0", "__type": "bigint"}], ["prefix", "$"], ["termsofuse", "https://cardanofoundation.org/en/terms-and-conditions/"], ["version", {"value": "0", "__type": "bigint"}]], "__type": "Map"}], ["website", "https://cardano.org/"]], "__type": "Map"}	62173b90b567ad4bcf254ad0f76eb374d749d0b25fd82786af6a839a68616e646c6531	62173b90b567ad4bcf254ad0f76eb374d749d0b25fd82786af6a839a68616e646c6531	13404
\.


--
-- Data for Name: output; Type: TABLE DATA; Schema: public; Owner: postgres
--

COPY public.output (id, address, tx_id, output_index, coins, consumed_at_slot, datum_hash, datum, script_reference, block_slot) FROM stdin;
3	addr_test1qr0c3frkem9cqn5f73dnvqpena27k2fgqew6wct9eaka03agfwkvzr0zyq7nqvcj24zehrshx63zzdxv24x3a4tcnfeq9zwmn7	5f1282a56a2cfa42fd10ca9364ab9a9a4b768f2e6141446c87eb1a8949d00ac9	1	6818351	\N	\N	\N	\N	13260
2	addr_test1qr0c3frkem9cqn5f73dnvqpena27k2fgqew6wct9eaka03agfwkvzr0zyq7nqvcj24zehrshx63zzdxv24x3a4tcnfeq9zwmn7	e6699029fd04d7d7e3f14013c7e062b0712424e123e088864e11c1a326347498	0	10000000	13260	\N	d8799fa644636f7265a5426f67004670726566697841244776657273696f6e004a7465726d736f66757365583668747470733a2f2f63617264616e6f666f756e646174696f6e2e6f72672f656e2f7465726d732d616e642d636f6e646974696f6e732f4e68616e646c65456e636f64696e67457574662d38446e616d654d283130302968616e646c65363845696d61676550697066733a2f2f736f6d652d6861736847776562736974655468747470733a2f2f63617264616e6f2e6f72672f4b6465736372697074696f6e535468652048616e646c65205374616e646172644d6175676d656e746174696f6e738001a0ff	\N	1482
4	addr_test1qr0c3frkem9cqn5f73dnvqpena27k2fgqew6wct9eaka03agfwkvzr0zyq7nqvcj24zehrshx63zzdxv24x3a4tcnfeq9zwmn7	ba16e323340344083b25c4ade8b1fb82cd15771d4d8e1ff7d0e402cb96ccf363	1	6827019	\N	\N	\N	\N	13312
1	addr_test1qr0c3frkem9cqn5f73dnvqpena27k2fgqew6wct9eaka03agfwkvzr0zyq7nqvcj24zehrshx63zzdxv24x3a4tcnfeq9zwmn7	911dba86477fe2679558d6cdfc4e42986fff191bd62054f9fd0967c31f3db2fe	0	10000000	13312	\N	\N	\N	1470
5	addr_test1qpw0djgj0x59ngrjvqthn7enhvruxnsavsw5th63la3mjel3tkc974sr23jmlzgq5zda4gtv8k9cy38756r9y3qgmkqqjz6aa7	b853812e87132117f4e3ea049db7f184aeb3570c8a403bf82b0fec7219462ab9	0	10000000	\N	\N	d8799faa446e616d654a24706861726d6572733245696d6167655838697066733a2f2f7a646a37576d6f5a3656793564334b3675714253525a50527a5365625678624c326e315741514e4158336f4c6157655974496d65646961547970654a696d6167652f6a706567426f6700496f675f6e756d6265720046726172697479456261736963466c656e677468094a636861726163746572734f6c6574746572732c6e756d62657273516e756d657269635f6d6f64696669657273404776657273696f6e0101b34862675f696d6167655835697066733a2f2f516d59365869714272394a4e6e75677554527378336f63766b51656d4e4a356943524d6965383577717a39344a6f497066705f696d6167655835697066733a2f2f516d57676a58437856555357507931576d5556336a6f505031735a4d765a3731736f3671793643325a756b52424446706f7274616c404864657369676e65725838697066733a2f2f7a623272686b3278453154755757787448547a6f356774446945784136547276534b69596e6176704552334c66446b6f4b47736f6369616c73404676656e646f72404764656661756c74004e7374616e646172645f696d6167655838697066733a2f2f7a62327268696b435674535a7a4b756935336b76574c387974564374637a67457239424c6a466258423454585578684879536c6173745f7570646174655f61646472657373583901e80fd3030bfb17f25bfee50d2e71c9ece68292915698f955ea6645ea2b7be012268a95ebaefe5305164405df22ce4119a4a3549bbf1cda3d4c76616c6964617465645f6279581c4da965a049dfd15ed1ee19fba6e2974a0b79fc416dd1796a1f97f5e14a696d6167655f686173685820bcd58c0dceea97b717bcbe0edc40b2e65fc2329a4db9ce3716b47b90eb5167de537374616e646172645f696d6167655f686173685820b3d06b8604acc91729e4d10ff5f42da4137cbb6b943291f703eb97761673c9804b7376675f76657273696f6e46312e31352e304c6167726565645f7465726d7340546d6967726174655f7369675f726571756972656400446e7366770045747269616c00497066705f61737365745823e74862a09d17a9cb03174a6bd5fa305b8684475c4c36021591c606e0445030363831364862675f6173736574582c9bdf437b6831d46d92d0db80f19f1b702145e9fdcc43c6264f7a04dc001bc2805468652046726565204f6e65ff	\N	13404
6	addr_test1qpw0djgj0x59ngrjvqthn7enhvruxnsavsw5th63la3mjel3tkc974sr23jmlzgq5zda4gtv8k9cy38756r9y3qgmkqqjz6aa7	e82a91883cc4b307b665477090b67e043fa1eb4bb851d26aafd7ce4a86d4be49	0	10000000	\N	\N	d8799faa446e616d654524686e646c45696d6167655838697066733a2f2f7a623272685a6a4c4a545838615a6d4a7a42424862366b7535446d6e6650674d47375a6d73627162317366736356365970496d65646961547970654a696d6167652f6a706567426f6700496f675f6e756d626572004672617269747946636f6d6d6f6e466c656e677468044a63686172616374657273476c657474657273516e756d657269635f6d6f64696669657273404776657273696f6e0101af4e7374616e646172645f696d6167655838697066733a2f2f7a623272685a6a4c4a545838615a6d4a7a42424862366b7535446d6e6650674d47375a6d7362716231736673635636597046706f7274616c404864657369676e65724047736f6369616c73404676656e646f72404764656661756c7400536c6173745f7570646174655f61646472657373583900f541f0822d4794e6d1ddc3c0d5e932585bfcce2d869b1c2ee05b1dc7c37bace64b57b50a044bbafa593811a6f49c9d8d8c0b187932e2df404c76616c6964617465645f6279581c4da965a049dfd15ed1ee19fba6e2974a0b79fc416dd1796a1f97f5e14a696d6167655f68617368584032646465376163633062376532333931626633326133646537643566313763356365663231633336626432333564636663643738376463663439656661363339537374616e646172645f696d6167655f686173685840326464653761636330623765323339316266333261336465376435663137633563656632316333366264323335646366636437383764636634396566613633394b7376675f76657273696f6e45322e302e314c6167726565645f7465726d7340546d6967726174655f7369675f72657175697265640045747269616c00446e73667700ff	\N	13452
7	addr_test1qpw0djgj0x59ngrjvqthn7enhvruxnsavsw5th63la3mjel3tkc974sr23jmlzgq5zda4gtv8k9cy38756r9y3qgmkqqjz6aa7	13ecb9207e88262d227a8c48dd1cc65b53bd1d3472060846090a8881090443c2	0	10000000	\N	\N	d8799faa446e616d65492473756240686e646c45696d6167655838697066733a2f2f7a6232726862426e7a6e4e48716748624a58786d71596a47714663377947314a444e6741664d3534726472455032776366496d65646961547970654a696d6167652f6a706567426f6700496f675f6e756d6265720046726172697479456261736963466c656e677468084a63686172616374657273476c657474657273516e756d657269635f6d6f64696669657273404776657273696f6e0101af4e7374616e646172645f696d6167655838697066733a2f2f7a6232726862426e7a6e4e48716748624a58786d71596a47714663377947314a444e6741664d353472647245503277636646706f7274616c404864657369676e65724047736f6369616c73404676656e646f72404764656661756c7400536c6173745f7570646174655f61646472657373583900f541f0822d4794e6d1ddc3c0d5e932585bfcce2d869b1c2ee05b1dc7c37bace64b57b50a044bbafa593811a6f49c9d8d8c0b187932e2df404c76616c6964617465645f6279581c4da965a049dfd15ed1ee19fba6e2974a0b79fc416dd1796a1f97f5e14a696d6167655f68617368584034333831373362613630333931353466646232643137383763363765633636333863393462643331633835336630643964356166343365626462313864623934537374616e646172645f696d6167655f686173685840343338313733626136303339313534666462326431373837633637656336363338633934626433316338353366306439643561663433656264623138646239344b7376675f76657273696f6e45322e302e314c6167726565645f7465726d7340546d6967726174655f7369675f72657175697265640045747269616c00446e73667700ff	\N	13477
8	addr_test1qpw0djgj0x59ngrjvqthn7enhvruxnsavsw5th63la3mjelsp9jn24ncfsarahcrg4tknt9gup7uf7uak2u9yr2e24dqqzpqwd	f86a42798bf4a6824454fc539e37d0d9004e8ab5d704f176b9e8f99d5f222db8	0	4808803	\N	\N	\N	\N	13534
\.


--
-- Data for Name: stake_key_registration; Type: TABLE DATA; Schema: public; Owner: postgres
--

COPY public.stake_key_registration (id, stake_key_hash, block_slot) FROM stdin;
740000000000	e4e52846687edee7bfe402db22440bcfd8145d9da09a4ab0055b616b	74
740000010000	9da0b39a0342cfa481028d61ec9b83f7ac5e465b5e5a65bbba58c92b	74
740000020000	5adb751cd3788c6a9aac2a66fc867324e433fdaf3be50d62d9623055	74
740000030000	c72315d3b6871b957b9e322f04055be6b65e8a47103de44a189baa80	74
740000040000	cb96d4162f31ade9ad24b9406cf1bcc5d482e30a996719e52e9e1a49	74
740000050000	94e7b8a6c38a607965e593fd8095984878441bf2fa282388d299a267	74
740000060000	c50cd1d484245d710ed443ffb47f5e8d68c5a2002ee50d3d53bc98ee	74
750000000000	70dfbd1cd0151c7a9887b841ceeb6913975fd31b479a902565991191	75
750000010000	4fab6c1366a3d5cbc5f69ad0a384a8a2b37a504fb65de8663966a9a7	75
790000000000	63c5fa519cce259110de46c353402a8f13b48173aae72f7c7864ab45	79
790000010000	351e6b213f832a5277345473908db0caa08fb0004c03c71e985bd683	79
1500000000000	c935891423260fd4e3c0bde0cdc6c865cb4d77f0f42eaa4e1e6c1b7f	150
2360000000000	833c62ca85351d47ae6a3fb343302f3363fb8bf9b43551852cfe6c97	236
3110000000000	ceaea99752b870cd6357ccecc12e7c3e653d0ac699d4699ef379aa73	311
4410000000000	9187b4783ba8feaa8065e7c8264d0e7e66f33c3cda4f020ce473cdd0	441
5350000000000	bd041f2c1e72e7e470c72d9555df0f9630e3a4b21f64f9b871739208	535
6050000000000	1df9c9609197151d9821167d4cc7b6474938fe745084606ca97f89ce	605
6620000000000	0b2fbf0c11358e54996c0dae986ee782c3dbec0881e35120ecc8f45d	662
7630000000000	61748993c5dfbbaf9fc5f80f4292c0cb019108ffb03b82ffe622a9e2	763
9110000000000	d518f96bb9fda97d5479ac7719adb4ee7b3d0671cf7bd755da611d2b	911
10260000000000	48b71aee13ef4c8dc4890a7bcedd8b3067a48449f96c601ec471a301	1026
11630000000000	c3292dae6ce2fc6c4546442c1418636572e90c5dd36b8f2c4cd133a9	1163
42150000000000	f15db05f56035465bf8900a09bdaa16c3d8b8244fea686524408dd80	4215
42780000000000	f15db05f56035465bf8900a09bdaa16c3d8b8244fea686524408dd80	4278
43260000000000	f15db05f56035465bf8900a09bdaa16c3d8b8244fea686524408dd80	4326
43960000000000	f15db05f56035465bf8900a09bdaa16c3d8b8244fea686524408dd80	4396
44430000000000	f15db05f56035465bf8900a09bdaa16c3d8b8244fea686524408dd80	4443
44970000000000	f15db05f56035465bf8900a09bdaa16c3d8b8244fea686524408dd80	4497
49140000000000	72263fa8b9f007946b8c7a36cee70b60b6c7ee0f690d550a0cf2fe01	4914
49140000000002	8de2a3276f91632bcce46c53224517c7d7a59d5d1b4f9b1316cb3f5f	4914
49140000000004	4f4ce0a7c4276472146ba263f154dfec8e1f7a8dd8ed51fcb7dac7d4	4914
49140000000006	0ff319232aa31519000eb59ccee17784fa81e5c09124eb8c9db8a7a4	4914
49140000000008	ce5459a1b4aaa9389186f829a4d8937b07c85aa9978b2cb03d847bc5	4914
52980000000000	f15db05f56035465bf8900a09bdaa16c3d8b8244fea686524408dd80	5298
54290000000000	da336dc6885ad6718c652d764ab2e97a45fc895f5c13c7bfa474ea98	5429
56250000000000	f15db05f56035465bf8900a09bdaa16c3d8b8244fea686524408dd80	5625
90380000000000	f009653556784c3a3edf03455769aca8e07dc4fb9db2b8520d59555a	9038
131720000000000	e0b30dc21735b34227c3c3d7a433865f2835916d5242155f10a08882	13172
133120000000000	a84bacc10de2203d30331255459b8e1736a22134cc554d1ed5789a72	13312
\.


--
-- Data for Name: tokens; Type: TABLE DATA; Schema: public; Owner: postgres
--

COPY public.tokens (id, quantity, asset_id, output_id) FROM stdin;
1	2	62173b90b567ad4bcf254ad0f76eb374d749d0b25fd82786af6a839a646f75626c6568616e646c65	1
2	1	62173b90b567ad4bcf254ad0f76eb374d749d0b25fd82786af6a839a68656c6c6f68616e646c65	1
3	1	62173b90b567ad4bcf254ad0f76eb374d749d0b25fd82786af6a839a7465737468616e646c65	1
4	1	62173b90b567ad4bcf254ad0f76eb374d749d0b25fd82786af6a839a283232322968616e646c653638	2
5	1	62173b90b567ad4bcf254ad0f76eb374d749d0b25fd82786af6a839a283232322968616e646c653638	3
6	2	62173b90b567ad4bcf254ad0f76eb374d749d0b25fd82786af6a839a646f75626c6568616e646c65	4
7	1	62173b90b567ad4bcf254ad0f76eb374d749d0b25fd82786af6a839a68656c6c6f68616e646c65	4
8	1	62173b90b567ad4bcf254ad0f76eb374d749d0b25fd82786af6a839a7465737468616e646c65	4
9	1	62173b90b567ad4bcf254ad0f76eb374d749d0b25fd82786af6a839a000643b068616e646c6532	5
10	1	62173b90b567ad4bcf254ad0f76eb374d749d0b25fd82786af6a839a000de14068616e646c6532	5
11	1	62173b90b567ad4bcf254ad0f76eb374d749d0b25fd82786af6a839a68616e646c6531	5
12	1	62173b90b567ad4bcf254ad0f76eb374d749d0b25fd82786af6a839a000de14068616e646c	6
13	1	62173b90b567ad4bcf254ad0f76eb374d749d0b25fd82786af6a839a000de1407375624068616e646c	7
14	1	62173b90b567ad4bcf254ad0f76eb374d749d0b25fd82786af6a839a000000007669727475616c4068616e646c	8
\.


--
-- Name: handle_metadata_id_seq; Type: SEQUENCE SET; Schema: public; Owner: postgres
--

SELECT pg_catalog.setval('public.handle_metadata_id_seq', 5, true);


--
-- Name: nft_metadata_id_seq; Type: SEQUENCE SET; Schema: public; Owner: postgres
--

SELECT pg_catalog.setval('public.nft_metadata_id_seq', 5, true);


--
-- Name: output_id_seq; Type: SEQUENCE SET; Schema: public; Owner: postgres
--

SELECT pg_catalog.setval('public.output_id_seq', 8, true);


--
-- Name: tokens_id_seq; Type: SEQUENCE SET; Schema: public; Owner: postgres
--

SELECT pg_catalog.setval('public.tokens_id_seq', 14, true);


--
-- Name: address PK_address_address; Type: CONSTRAINT; Schema: public; Owner: postgres
--

ALTER TABLE ONLY public.address
    ADD CONSTRAINT "PK_address_address" PRIMARY KEY (address);


--
-- Name: asset PK_asset_id; Type: CONSTRAINT; Schema: public; Owner: postgres
--

ALTER TABLE ONLY public.asset
    ADD CONSTRAINT "PK_asset_id" PRIMARY KEY (id);


--
-- Name: block_data PK_block_data_block_height; Type: CONSTRAINT; Schema: public; Owner: postgres
--

ALTER TABLE ONLY public.block_data
    ADD CONSTRAINT "PK_block_data_block_height" PRIMARY KEY (block_height);


--
-- Name: block PK_block_slot; Type: CONSTRAINT; Schema: public; Owner: postgres
--

ALTER TABLE ONLY public.block
    ADD CONSTRAINT "PK_block_slot" PRIMARY KEY (slot);


--
-- Name: handle PK_handle_handle; Type: CONSTRAINT; Schema: public; Owner: postgres
--

ALTER TABLE ONLY public.handle
    ADD CONSTRAINT "PK_handle_handle" PRIMARY KEY (handle);


--
-- Name: handle_metadata PK_handle_metadata_id; Type: CONSTRAINT; Schema: public; Owner: postgres
--

ALTER TABLE ONLY public.handle_metadata
    ADD CONSTRAINT "PK_handle_metadata_id" PRIMARY KEY (id);


--
-- Name: nft_metadata PK_nft_metadata_id; Type: CONSTRAINT; Schema: public; Owner: postgres
--

ALTER TABLE ONLY public.nft_metadata
    ADD CONSTRAINT "PK_nft_metadata_id" PRIMARY KEY (id);


--
-- Name: output PK_output_id; Type: CONSTRAINT; Schema: public; Owner: postgres
--

ALTER TABLE ONLY public.output
    ADD CONSTRAINT "PK_output_id" PRIMARY KEY (id);


--
-- Name: stake_key_registration PK_stake_key_registration_id; Type: CONSTRAINT; Schema: public; Owner: postgres
--

ALTER TABLE ONLY public.stake_key_registration
    ADD CONSTRAINT "PK_stake_key_registration_id" PRIMARY KEY (id);


--
-- Name: tokens PK_tokens_id; Type: CONSTRAINT; Schema: public; Owner: postgres
--

ALTER TABLE ONLY public.tokens
    ADD CONSTRAINT "PK_tokens_id" PRIMARY KEY (id);


--
-- Name: asset REL_asset_nft_metadata_id; Type: CONSTRAINT; Schema: public; Owner: postgres
--

ALTER TABLE ONLY public.asset
    ADD CONSTRAINT "REL_asset_nft_metadata_id" UNIQUE (nft_metadata_id);


--
-- Name: handle REL_handle_asset_id; Type: CONSTRAINT; Schema: public; Owner: postgres
--

ALTER TABLE ONLY public.handle
    ADD CONSTRAINT "REL_handle_asset_id" UNIQUE (asset_id);


--
-- Name: IDX_address_payment_credential_hash; Type: INDEX; Schema: public; Owner: postgres
--

CREATE INDEX "IDX_address_payment_credential_hash" ON public.address USING btree (payment_credential_hash);


--
-- Name: IDX_address_stake_credential_hash; Type: INDEX; Schema: public; Owner: postgres
--

CREATE INDEX "IDX_address_stake_credential_hash" ON public.address USING btree (stake_credential_hash);


--
-- Name: IDX_block_hash; Type: INDEX; Schema: public; Owner: postgres
--

CREATE UNIQUE INDEX "IDX_block_hash" ON public.block USING btree (hash);


--
-- Name: IDX_block_height; Type: INDEX; Schema: public; Owner: postgres
--

CREATE UNIQUE INDEX "IDX_block_height" ON public.block USING btree (height);


--
-- Name: IDX_handle_metadata_handle; Type: INDEX; Schema: public; Owner: postgres
--

CREATE INDEX "IDX_handle_metadata_handle" ON public.handle_metadata USING btree (handle);


--
-- Name: IDX_output_address; Type: INDEX; Schema: public; Owner: postgres
--

CREATE INDEX "IDX_output_address" ON public.output USING btree (address);


--
-- Name: IDX_output_output_index; Type: INDEX; Schema: public; Owner: postgres
--

CREATE INDEX "IDX_output_output_index" ON public.output USING btree (output_index);


--
-- Name: IDX_output_tx_id; Type: INDEX; Schema: public; Owner: postgres
--

CREATE INDEX "IDX_output_tx_id" ON public.output USING btree (tx_id);


--
-- Name: IDX_stake_key_registration_stake_key_hash; Type: INDEX; Schema: public; Owner: postgres
--

CREATE INDEX "IDX_stake_key_registration_stake_key_hash" ON public.stake_key_registration USING btree (stake_key_hash);


--
-- Name: address FK_address_registration_id; Type: FK CONSTRAINT; Schema: public; Owner: postgres
--

ALTER TABLE ONLY public.address
    ADD CONSTRAINT "FK_address_registration_id" FOREIGN KEY (registration_id) REFERENCES public.stake_key_registration(id) ON DELETE CASCADE;


--
-- Name: asset FK_asset_first_mint_block_slot; Type: FK CONSTRAINT; Schema: public; Owner: postgres
--

ALTER TABLE ONLY public.asset
    ADD CONSTRAINT "FK_asset_first_mint_block_slot" FOREIGN KEY (first_mint_block_slot) REFERENCES public.block(slot) ON DELETE CASCADE;


--
-- Name: asset FK_asset_nft_metadata_id; Type: FK CONSTRAINT; Schema: public; Owner: postgres
--

ALTER TABLE ONLY public.asset
    ADD CONSTRAINT "FK_asset_nft_metadata_id" FOREIGN KEY (nft_metadata_id) REFERENCES public.nft_metadata(id) ON DELETE SET NULL;


--
-- Name: block_data FK_block_data_block_height; Type: FK CONSTRAINT; Schema: public; Owner: postgres
--

ALTER TABLE ONLY public.block_data
    ADD CONSTRAINT "FK_block_data_block_height" FOREIGN KEY (block_height) REFERENCES public.block(height) ON DELETE CASCADE;


--
-- Name: handle FK_handle_asset_id; Type: FK CONSTRAINT; Schema: public; Owner: postgres
--

ALTER TABLE ONLY public.handle
    ADD CONSTRAINT "FK_handle_asset_id" FOREIGN KEY (asset_id) REFERENCES public.asset(id) ON DELETE CASCADE;


--
-- Name: handle_metadata FK_handle_metadata_block_slot; Type: FK CONSTRAINT; Schema: public; Owner: postgres
--

ALTER TABLE ONLY public.handle_metadata
    ADD CONSTRAINT "FK_handle_metadata_block_slot" FOREIGN KEY (block_slot) REFERENCES public.block(slot) ON DELETE CASCADE;


--
-- Name: handle_metadata FK_handle_metadata_output_id; Type: FK CONSTRAINT; Schema: public; Owner: postgres
--

ALTER TABLE ONLY public.handle_metadata
    ADD CONSTRAINT "FK_handle_metadata_output_id" FOREIGN KEY (output_id) REFERENCES public.output(id);


--
-- Name: handle FK_handle_parent_handle_handle; Type: FK CONSTRAINT; Schema: public; Owner: postgres
--

ALTER TABLE ONLY public.handle
    ADD CONSTRAINT "FK_handle_parent_handle_handle" FOREIGN KEY (parent_handle_handle) REFERENCES public.handle(handle) ON DELETE CASCADE;


--
-- Name: nft_metadata FK_nft_metadata_created_at_slot; Type: FK CONSTRAINT; Schema: public; Owner: postgres
--

ALTER TABLE ONLY public.nft_metadata
    ADD CONSTRAINT "FK_nft_metadata_created_at_slot" FOREIGN KEY (created_at_slot) REFERENCES public.block(slot) ON DELETE CASCADE;


--
-- Name: nft_metadata FK_nft_metadata_parent_asset_id; Type: FK CONSTRAINT; Schema: public; Owner: postgres
--

ALTER TABLE ONLY public.nft_metadata
    ADD CONSTRAINT "FK_nft_metadata_parent_asset_id" FOREIGN KEY (parent_asset_id) REFERENCES public.asset(id) ON DELETE CASCADE;


--
-- Name: nft_metadata FK_nft_metadata_user_token_asset_id; Type: FK CONSTRAINT; Schema: public; Owner: postgres
--

ALTER TABLE ONLY public.nft_metadata
    ADD CONSTRAINT "FK_nft_metadata_user_token_asset_id" FOREIGN KEY (user_token_asset_id) REFERENCES public.asset(id) ON DELETE SET NULL;


--
-- Name: output FK_output_block_slot; Type: FK CONSTRAINT; Schema: public; Owner: postgres
--

ALTER TABLE ONLY public.output
    ADD CONSTRAINT "FK_output_block_slot" FOREIGN KEY (block_slot) REFERENCES public.block(slot) ON DELETE CASCADE;


--
-- Name: stake_key_registration FK_stake_key_registration_block_slot; Type: FK CONSTRAINT; Schema: public; Owner: postgres
--

ALTER TABLE ONLY public.stake_key_registration
    ADD CONSTRAINT "FK_stake_key_registration_block_slot" FOREIGN KEY (block_slot) REFERENCES public.block(slot) ON DELETE CASCADE;


--
-- Name: tokens FK_tokens_asset_id; Type: FK CONSTRAINT; Schema: public; Owner: postgres
--

ALTER TABLE ONLY public.tokens
    ADD CONSTRAINT "FK_tokens_asset_id" FOREIGN KEY (asset_id) REFERENCES public.asset(id) ON DELETE CASCADE;


--
-- Name: tokens FK_tokens_output_id; Type: FK CONSTRAINT; Schema: public; Owner: postgres
--

ALTER TABLE ONLY public.tokens
    ADD CONSTRAINT "FK_tokens_output_id" FOREIGN KEY (output_id) REFERENCES public.output(id) ON DELETE CASCADE;


--
-- PostgreSQL database dump complete
--

