--
-- PostgreSQL database dump
--

-- Dumped from database version 12.16
-- Dumped by pg_dump version 12.16

SET statement_timeout = 0;
SET lock_timeout = 0;
SET idle_in_transaction_session_timeout = 0;
SET client_encoding = 'UTF8';
SET standard_conforming_strings = on;
SELECT pg_catalog.set_config('search_path', '', false);
SET check_function_bodies = false;
SET xmloption = content;
SET client_min_messages = warning;
SET row_security = off;

--
-- Name: handle; Type: DATABASE; Schema: -; Owner: postgres
--

CREATE DATABASE handle WITH TEMPLATE = template0 ENCODING = 'UTF8' LC_COLLATE = 'en_US.utf8' LC_CTYPE = 'en_US.utf8';


ALTER DATABASE handle OWNER TO postgres;

\connect handle

SET statement_timeout = 0;
SET lock_timeout = 0;
SET idle_in_transaction_session_timeout = 0;
SET client_encoding = 'UTF8';
SET standard_conforming_strings = on;
SELECT pg_catalog.set_config('search_path', '', false);
SET check_function_bodies = false;
SET xmloption = content;
SET client_min_messages = warning;
SET row_security = off;

--
-- Name: address_type_enum; Type: TYPE; Schema: public; Owner: postgres
--

CREATE TYPE public.address_type_enum AS ENUM (
    '0',
    '1',
    '2',
    '3',
    '4',
    '5',
    '6',
    '7',
    '8',
    '14',
    '15'
);


ALTER TYPE public.address_type_enum OWNER TO postgres;

--
-- Name: nft_metadata_type_enum; Type: TYPE; Schema: public; Owner: postgres
--

CREATE TYPE public.nft_metadata_type_enum AS ENUM (
    'CIP-0025',
    'CIP-0068'
);


ALTER TYPE public.nft_metadata_type_enum OWNER TO postgres;

SET default_tablespace = '';

SET default_table_access_method = heap;

--
-- Name: address; Type: TABLE; Schema: public; Owner: postgres
--

CREATE TABLE public.address (
    address character varying NOT NULL,
    type public.address_type_enum NOT NULL,
    payment_credential_hash character(56),
    stake_credential_hash character(56),
    registration_id bigint
);


ALTER TABLE public.address OWNER TO postgres;

--
-- Name: asset; Type: TABLE; Schema: public; Owner: postgres
--

CREATE TABLE public.asset (
    id character varying NOT NULL,
    supply numeric NOT NULL,
    first_mint_block_slot integer NOT NULL,
    nft_metadata_id integer
);


ALTER TABLE public.asset OWNER TO postgres;

--
-- Name: block; Type: TABLE; Schema: public; Owner: postgres
--

CREATE TABLE public.block (
    height integer NOT NULL,
    hash character(64) NOT NULL,
    slot integer NOT NULL
);


ALTER TABLE public.block OWNER TO postgres;

--
-- Name: block_data; Type: TABLE; Schema: public; Owner: postgres
--

CREATE TABLE public.block_data (
    block_height integer NOT NULL,
    data bytea NOT NULL
);


ALTER TABLE public.block_data OWNER TO postgres;

--
-- Name: handle; Type: TABLE; Schema: public; Owner: postgres
--

CREATE TABLE public.handle (
    handle character varying NOT NULL,
    cardano_address character varying,
    policy_id character varying NOT NULL,
    has_datum boolean NOT NULL,
    default_for_stake_credential character varying,
    default_for_payment_credential character varying,
    asset_id character varying
);


ALTER TABLE public.handle OWNER TO postgres;

--
-- Name: handle_metadata; Type: TABLE; Schema: public; Owner: postgres
--

CREATE TABLE public.handle_metadata (
    id integer NOT NULL,
    handle character varying NOT NULL,
    og boolean,
    profile_pic_image character varying,
    background_image character varying,
    output_id integer,
    block_slot integer NOT NULL
);


ALTER TABLE public.handle_metadata OWNER TO postgres;

--
-- Name: handle_metadata_id_seq; Type: SEQUENCE; Schema: public; Owner: postgres
--

CREATE SEQUENCE public.handle_metadata_id_seq
    AS integer
    START WITH 1
    INCREMENT BY 1
    NO MINVALUE
    NO MAXVALUE
    CACHE 1;


ALTER TABLE public.handle_metadata_id_seq OWNER TO postgres;

--
-- Name: handle_metadata_id_seq; Type: SEQUENCE OWNED BY; Schema: public; Owner: postgres
--

ALTER SEQUENCE public.handle_metadata_id_seq OWNED BY public.handle_metadata.id;


--
-- Name: nft_metadata; Type: TABLE; Schema: public; Owner: postgres
--

CREATE TABLE public.nft_metadata (
    id integer NOT NULL,
    name character varying NOT NULL,
    description character varying,
    image character varying NOT NULL,
    media_type character varying,
    files jsonb,
    type public.nft_metadata_type_enum NOT NULL,
    other_properties jsonb,
    user_token_asset_id character varying,
    parent_asset_id character varying NOT NULL,
    created_at_slot integer NOT NULL
);


ALTER TABLE public.nft_metadata OWNER TO postgres;

--
-- Name: nft_metadata_id_seq; Type: SEQUENCE; Schema: public; Owner: postgres
--

CREATE SEQUENCE public.nft_metadata_id_seq
    AS integer
    START WITH 1
    INCREMENT BY 1
    NO MINVALUE
    NO MAXVALUE
    CACHE 1;


ALTER TABLE public.nft_metadata_id_seq OWNER TO postgres;

--
-- Name: nft_metadata_id_seq; Type: SEQUENCE OWNED BY; Schema: public; Owner: postgres
--

ALTER SEQUENCE public.nft_metadata_id_seq OWNED BY public.nft_metadata.id;


--
-- Name: output; Type: TABLE; Schema: public; Owner: postgres
--

CREATE TABLE public.output (
    id integer NOT NULL,
    address character varying NOT NULL,
    tx_id character varying NOT NULL,
    output_index smallint NOT NULL,
    coins bigint NOT NULL,
    consumed_at_slot integer,
    datum_hash character(64),
    datum character varying,
    script_reference jsonb,
    block_slot integer NOT NULL
);


ALTER TABLE public.output OWNER TO postgres;

--
-- Name: output_id_seq; Type: SEQUENCE; Schema: public; Owner: postgres
--

CREATE SEQUENCE public.output_id_seq
    AS integer
    START WITH 1
    INCREMENT BY 1
    NO MINVALUE
    NO MAXVALUE
    CACHE 1;


ALTER TABLE public.output_id_seq OWNER TO postgres;

--
-- Name: output_id_seq; Type: SEQUENCE OWNED BY; Schema: public; Owner: postgres
--

ALTER SEQUENCE public.output_id_seq OWNED BY public.output.id;


--
-- Name: stake_key_registration; Type: TABLE; Schema: public; Owner: postgres
--

CREATE TABLE public.stake_key_registration (
    id bigint NOT NULL,
    stake_key_hash character(56) NOT NULL,
    block_slot integer NOT NULL
);


ALTER TABLE public.stake_key_registration OWNER TO postgres;

--
-- Name: tokens; Type: TABLE; Schema: public; Owner: postgres
--

CREATE TABLE public.tokens (
    id integer NOT NULL,
    quantity numeric(20,0) NOT NULL,
    asset_id character varying NOT NULL,
    output_id integer NOT NULL
);


ALTER TABLE public.tokens OWNER TO postgres;

--
-- Name: tokens_id_seq; Type: SEQUENCE; Schema: public; Owner: postgres
--

CREATE SEQUENCE public.tokens_id_seq
    AS integer
    START WITH 1
    INCREMENT BY 1
    NO MINVALUE
    NO MAXVALUE
    CACHE 1;


ALTER TABLE public.tokens_id_seq OWNER TO postgres;

--
-- Name: tokens_id_seq; Type: SEQUENCE OWNED BY; Schema: public; Owner: postgres
--

ALTER SEQUENCE public.tokens_id_seq OWNED BY public.tokens.id;


--
-- Name: handle_metadata id; Type: DEFAULT; Schema: public; Owner: postgres
--

ALTER TABLE ONLY public.handle_metadata ALTER COLUMN id SET DEFAULT nextval('public.handle_metadata_id_seq'::regclass);


--
-- Name: nft_metadata id; Type: DEFAULT; Schema: public; Owner: postgres
--

ALTER TABLE ONLY public.nft_metadata ALTER COLUMN id SET DEFAULT nextval('public.nft_metadata_id_seq'::regclass);


--
-- Name: output id; Type: DEFAULT; Schema: public; Owner: postgres
--

ALTER TABLE ONLY public.output ALTER COLUMN id SET DEFAULT nextval('public.output_id_seq'::regclass);


--
-- Name: tokens id; Type: DEFAULT; Schema: public; Owner: postgres
--

ALTER TABLE ONLY public.tokens ALTER COLUMN id SET DEFAULT nextval('public.tokens_id_seq'::regclass);


--
-- Data for Name: address; Type: TABLE DATA; Schema: public; Owner: postgres
--

COPY public.address (address, type, payment_credential_hash, stake_credential_hash, registration_id) FROM stdin;
addr_test1qr0c3frkem9cqn5f73dnvqpena27k2fgqew6wct9eaka03agfwkvzr0zyq7nqvcj24zehrshx63zzdxv24x3a4tcnfeq9zwmn7	0	df88a476cecb804e89f45b3600399f55eb2928065da76165cf6dd7c7	a84bacc10de2203d30331255459b8e1736a22134cc554d1ed5789a72	\N
addr_test1qpw0djgj0x59ngrjvqthn7enhvruxnsavsw5th63la3mjel3tkc974sr23jmlzgq5zda4gtv8k9cy38756r9y3qgmkqqjz6aa7	0	5cf6c91279a859a072601779fb33bb07c34e1d641d45df51ff63b967	f15db05f56035465bf8900a09bdaa16c3d8b8244fea686524408dd80	\N
addr_test1qqk9y8lt37jk5k4672nefy2ga9l3vxg3xdqgsvpgkq78httaz6v5pj3usegtaz2srkf3kvyjjgpdr064shhw23w638jqs72jll	0	2c521feb8fa56a5abaf2a7949148e97f1619113340883028b03c7bad	7d169940ca3c8650be89501d931b30929202d1bf5585eee545da89e4	\N
\.


--
-- Data for Name: asset; Type: TABLE DATA; Schema: public; Owner: postgres
--

COPY public.asset (id, supply, first_mint_block_slot, nft_metadata_id) FROM stdin;
62173b90b567ad4bcf254ad0f76eb374d749d0b25fd82786af6a839a5465737448616e646c65	1	1409	1
62173b90b567ad4bcf254ad0f76eb374d749d0b25fd82786af6a839a48656c6c6f48616e646c65	1	1409	2
62173b90b567ad4bcf254ad0f76eb374d749d0b25fd82786af6a839a446f75626c6548616e646c65	2	1409	3
62173b90b567ad4bcf254ad0f76eb374d749d0b25fd82786af6a839a283232322968616e646c653638	1	1419	\N
62173b90b567ad4bcf254ad0f76eb374d749d0b25fd82786af6a839a000643b068616e646c6532	1	4151	\N
62173b90b567ad4bcf254ad0f76eb374d749d0b25fd82786af6a839a000de14068616e646c6532	1	4151	10
62173b90b567ad4bcf254ad0f76eb374d749d0b25fd82786af6a839a68616e646c6531	1	4151	11
\.


--
-- Data for Name: block; Type: TABLE DATA; Schema: public; Owner: postgres
--

COPY public.block (height, hash, slot) FROM stdin;
0	15a025b7fe349ea3e1c6bf446c316d51576c54742850ae3822e0a0b78ae28c3d	10
1	fd39060b980747e79ed1b1b8466b4e83844f625eb3b3d00dfa948b88ceec5a0f	11
2	2c5037c4738178aa4d4d9b9f7c8cc8f4229f41c106a88b4dd728817fd8f51855	21
3	b47707a9fe472a5590fefe0fce26c691423e7afb36b03e1185f08017d0974978	22
4	699a3695569a7411822d7c864a192cb357887d0f06f84bc2c26edcca6c396916	23
5	e4f4c6090fe0b6f6d0cdba2950d21ed76fdb0bc2789ae81cef63de1d8a9e991d	32
6	2e19c5984e39f5101195cf7acf4a6e3299a22919eed1697b7e325af3939fbcc9	35
7	fb09f5ccdabbb9fef03e4593f1a0a2e8c1c04d49585e29f7178716574be45e19	76
8	d5d88f7e4b3289c462997ae3dfe31e4527122bfd71f2d54e90387371e67c5135	78
9	5ac61abff5bc4cf3136e0bdc72657d0a9a11885c279a3b207dc7829a8b16a576	82
10	02f994223e21bc76cbd6e8e8b0430f734251d6ead75883243a0a34e468bf1a0b	96
11	a18b3b79491596a1c4f6399858519f3f9e0f02837ffbc410b651ad4792bced4d	97
12	36988005a06c0630e31143f4f741d941a7556ceba4400fddfeeb0eb3856ffa8c	98
13	bc98ccaad510135849f72cd225413561f567a18728bca48a07b5442dafa4b22f	108
14	a950b632897373ef4f25764f6637def2515d33b73adf6f0abb00017431a36aa0	110
15	8d3b4cabaa9f2630769b57a6ce8af4b5d495fe03731993809e08a8fb9b93434d	111
16	bd4926c787d152b31ad67f2232163302367335664de8ea92fd34b8b9fe53b4e0	125
17	f38d2197914b451fa5931a910dc691127693db84730cf2c9e045146c31d38efd	126
18	fc7d24ca5ceeb13c05175c85c8200f2a504cfadb5608377f52e95e02ac87608a	131
19	2fa3431a0c8a4bca934eb98295431719075ab4c82122700c93602a285b9e9495	140
20	5eb7f6fa1e3b67c51a241a87fbf562d1d52652be33e2b8850b8fce4ec3f3cb86	182
21	bb7580a37c56a9442b736d73b60279a16ff15aeb8f9ea3645823eb4e200b4a90	195
22	27dc957bb7cb6c990156fb20fdc1937fd37af4b36c688386367a1d7ba66c5eb9	200
23	b5445de4cf6689b28d037ae0284441ecbf458e7d90bd6d4ead80bbbc17bc7408	216
24	1c541bf796676f07685d56d27355e4409359d4b09fd61100f787a96fc7b95155	234
25	6b9297fa8bfdac9a63d555fae8f612c88094d97ee9f1986d9cfb264fc91029de	235
26	45af627d5cc430e03cce764291c39ee3b7ac6c925194e992e277a93ee9c0eab5	240
27	276bbc9cc6b2828f67bfd5ac78b69ada8ee809b1b45cf159d25df7a5c806d708	256
28	a4329f5969441f8047a3b4e49a2c0660a1a263cc0980e7baa673f9faf8bfd306	290
29	e3510a95a3c03cc9e2865403d81e995cd16199f0e0088956bf55364a67e9a0a7	318
30	981915636d729641b3109da56a0a34c9bb384eb08abed296251aabce9bff493f	320
31	feced3fb3e62cc38cf8748dcb157ad961768770c3f05fc5ed8be31baba9a3068	331
32	af045fea7f9dc66b363d6078006b9f6378bc4ce486032aa4debafbb399b17e71	336
33	01797757c1bc8265df12ab57eac20371adeeb2ca01329af6dc7a4acf894ab3b3	340
34	3afa45083c4498ef5119022b6f4b7f5d8486f1a22d1c2c30dcb442b3695b23da	347
35	3b84cc38bc511435c620b516f2cd9167b9c9b56b563e5cf127f65fe4a9ce9a63	353
36	de8ffadea655573a0308355aa13714f02f2a0c7baddf57a17e85acbc63e48aaf	373
37	6b77ff8c50601b6d26dd4592a79afd12e9bc1451de210be8a4c0e4cc7b840591	378
38	537798be17c38d969ac86fd2479f7ab2dac30f80805c69e88798b4d82891f34e	384
39	ab2404639f43e31a253eee0358562c7969540ef1bde1b0e8bdb4afcc9ddeb183	405
40	df6826859a7274ebc74ee573e0798dbcc42466fe36b0f71a9c0452bfd8cf6de1	426
41	4189228407815c28896526d2de3a6a208c02717e3aa154fe7444f5790865c77e	430
42	de368acb3b697e7fc42ce764b50f12a41941dbb019d80b288cde6e144becc705	435
43	59e93632e58e9492183d6b56111cf1252d47260839b8ff0e1e488f9c49ee4a30	449
44	e54c35a365d7b7132048d966ad282c7d357c28b8851ca854c7a5288ffafdf532	467
45	0e9aa6c60d929820e6c6cd962cb996e33695e18fa15782b188b288a6c686709a	470
46	09aef754af5f970f3acb2ca1b6d76f50d97dc454930acbeba10b47a1d2c0ee85	473
47	e184ec7a9c069ada40bbb5e37cbe8996d5b0e90eccd3da77c2b9667c00171b75	484
48	25888f199c8b483c1b38f01770ff16339a3e6185b5ee904648931e909fed0d4e	493
49	ce5843b81c744f4a111502babba792b07f4d91337c92106573a9178c69f974a4	497
50	87289fad3e870026a13d236504846dbaccb61a56211aeeea0fc70671b4a6f803	500
51	01838ec5f36cd5b05d65ff90e88b838d2c0e24cb58bdab20dfd336b927ed322b	503
52	4190471210fa9fe401df35bf23be17986a1b686f13c05aab66922de3869850d0	557
53	e652d5f2f58e77e1f4a32f02171a3c5e2db4fdbf03f1d236fddd5a46546bdac3	574
54	0c35ccb307e5e076c59ca2ed59d6da5be39c2954057c50aa2738a920ba65e24c	575
55	bbfcf7f70324a834351c1b15d61bf38c509fb408fb6a5684b230862b6da0aab0	598
56	589d6970bfe218f77504571aa156123796f822ce066272cbc6885da67ccfe539	616
57	08d74816f5ae0b5ad3ccae06b5735e1d37c02ac5f134b8cac31a6b11645df0ab	636
58	6850695696802b34ef07bdf98900b0e57ba4e819d892f23b2a16fa2f056c3abe	641
59	f613b687b0ce123c437996c495fcecd3f70847cc1d77f876cf0da5b8d1340cb2	652
60	c08dd2d8dec30ce576903aa1939a98128473fbd1d9e363b0e983dbfa864a4e5a	655
61	ee7d0ff89e755f66f54fa386f0a4ef5d935a881215d4eacad1e46b93427d2e52	678
62	bfd49582e4c9196443c12ebfe496f9511acfaf6cd7edf60caa0acebb81dcfcd1	683
63	5e4f23c8a3641185b3f38bcebce029eeb01c0769b16872ba5cc3de17c1d10f13	710
64	97f6cdf8678e70d4f5e997fa73b0c700bc8b79240985ab2b28dfe82ef0a48c83	720
65	b38161cd155b14078961036b800abb829ac67573b01e6e09e13171ae854ae868	722
66	6b50738a25dc8e16e46bee5bcffb66f613b426eeb03b6e9628a72ed5647119d0	745
67	9c82727c7038292d29f6125526e28dfdd05200249be4913a6f08af44af15fbf6	760
68	4589fd88b1c7d3f65a78473317cf13e50346bece65fadf6041aedbd20e984a61	774
69	1846d5866cad871f2b016bc627c861f777ec3f9b9749f5072114683e542b05e6	779
70	7c684a6d7b8b8f3d747cce016ea40b7d7649027f9f1ac9b97072c69086a42923	784
71	9ee5233f0e58ababae30c5228da5c9369bd7f26ce40f8cb62a618c820bff952f	798
72	f81d35413708bb1c273b801d33a72617146f0d77db686ca006c883178ab5affe	801
73	fc42b5fa44f15e25abe95de7e33b5ef77014173f3d60128c36d8ae50c8b99621	818
74	299a1680d97790ab0c42970b1a92d84ef92c4007ffde97871b8d19d28f7151cf	820
75	44d6a8f51cfd6c970eb28c41ac8eb6dbb5915012ee41bbe0d0a210c0ac58b47a	822
76	5c5d814235e39786701fc16207875ea2cea1fa87dfeae0ae4a15d3c60a79044e	835
77	a97ea69ee887ffc252b88c942d55db4baedde80180ec80ae015f8d947298c83f	839
78	0c7e5ff213c692b240bbbc8628aa19cc54de574636d46875b6057c585eb59e31	865
79	205b9e7dc5335b95bfc3aac5670f9bd02a8156ad22455c3af79ebc612903e3e7	871
80	17012d2da5264120b358ca88bc7719e54dad160f0abb5290890ca3a8452013db	873
81	03bc35c3dc94878a6597af20c17d3f0bd2169f303eb7cdb92c1dd28420349c1b	878
82	f64a6a7d09c8cc838129211e5d38c934f17220fddf4695ac6e47c85f42ded587	897
83	7461a92ddc748d4962826c5d03b78234689d75860a7f15481aeddc14179d39df	899
84	0132658beae6b6d3e3837f4733df1ce6d1608c42ba6e2cb8744ae31aa9c52c88	912
85	00462dc579926f7d28711d1d2c8973bf2f3e1a1b514daee91a3bd6ff8e98b20e	917
86	333c76678864fe0521f8927acd7622c785c24c1baf79401bf8ba997c406fb578	941
87	1297c66a2e19151c1481855b71d9bce425fc84396b2602955983e6a9f68bb5fb	945
88	8cd76d4fb271ab31869501d4e0b3a1fbb7a47cdc353e63b76b3a9749c0fd2c0d	947
89	bb5188bebd807b88b81a831ce784f6bba1b142c68082ecebce1f2dfd12b6cae4	964
90	c253daeec0d6479b335a7bf1adc4fd8ce696d5b3cb2b4b0a19b50b3455c4f32e	965
91	091f55b6f05fe2f902be2b602051049cc28b5ecdacbcd57475f6a84f2ed20299	993
92	08369941906fb9e441fcdcada21d457701fafb8dde0cfb66f45b06ac15f66345	994
93	4098a0e36d83e22d4e92c14ea7358675596f93606245cc928f64bf1ef44a740f	1000
94	cecb931a91f6306adb4d0c2051ca10af19a0ae3b6429888e026d6b4ab46b41dd	1007
95	4796f627833e85147fd038237e70c47699f4442324a489d0f4d3a576f09e0262	1020
96	531f91b22b3dcb1d3f78cd0d8492e52a389123fa82ad3ea515b998a3a65c9549	1034
97	d0095ecaf3c3a379d790bcf0b786f1a176a18aa189090c7991e56f638a5e4c78	1044
98	d5b5014dee06958df9f711114ef3c8769c231461cbb400e00bb369835f5790be	1073
99	31c63ea930f1ba76a02a81d1dd5c006469b7340ae5e868464ca3298c8e150dc3	1077
100	36ad7caaf7f36ef8f04655dea7ac1f3ba77a28e3a20ac56ff9fb49957a33318a	1086
101	84ab6392508d8cbf57f62b4a0b9a797cd5dd7dc71f3796e4435887474f38abf3	1100
102	fd5324c48be47d98372c4b8bc631911da71dbddaad58b18107ca3aadc8b5d90e	1106
103	d8fe6b66dcd6c830a45c6c951554c93e06909b7c6e89c5d8d7fade24b925d051	1120
104	54b8aa437da14959f112b84b4df1d7eb582d182b2358f6d9018219da905312d4	1133
105	5f70aca8ba49040e3106816a369440f82936c3feda4aa8d8036a3361d318cfb8	1135
106	1b8092d21b3a1575bf486bc39705bfed5d46c60ceccc0eedd3a7f30ba26c2d98	1168
107	590a42b92573f40ab32a3d89abcfcfc3247570e1522fc39ff17d3d7dc9dc8e09	1171
108	d27854d6c8ade28122adab5271a1fc25fa25d0e8cc490e854197297a9e9214f4	1178
109	08d25f51068255671cc98d86532715449b4d8332f2e27b1a470eb0ae38b1e610	1181
110	64d1a50dd4e690fbda4c6fdb15e19f532a96791f0ee8e56973c5b93305db2a7b	1185
111	be839c05a6ddaabf1178615f01a7edf7ff57069fa0ebe3c6b16e1eefb6483063	1191
112	0773d545bfc85250f5a8a735180a33e4617c8b0f3b2bbe5089ec66f71e000193	1221
113	63f764dd5fbb52acd4cc70ca99f41beefc2de7ec9f38eac0ec8df8fe9ab5838c	1226
114	fab0617e211b0c0abcea309508d45023646ca6ac8f168a9d48e3a804bccf8692	1234
115	70c8985df8e40262dc3d592946f2455ae0f6a1b01c89a5655637b985a062f0db	1236
116	357943dec6e5386fd1ec511980146bf3ed42fe928d7c1b83321f1bd4a6937a69	1238
117	db6634771caaba1c57f602e55b54ea4d099df94cc42f935d8c6a1922095d2e87	1244
118	aabd52b54e60876f73a9a99471807c6d60d72ee7135517e7df80783ba3d1f496	1252
119	f754631629d89f270ef72ae0392a84983826a9f3ede7ddb071ca8ea745301f25	1267
120	0b978264c0de6f17ddb1f91c46594752188f7c243ccc354472438634bd2acc50	1273
121	9db8425fec170dd4a6433de66d46dd1eea64c9022175a467faeccad376dd8d79	1318
122	bca828d27b86e8cc5c37a6ce545d157c0e0cc75173605b32ada02e801822a4cc	1323
123	de9975e70a37833a49a7faa3fb2cb12fa7b6903ba948bdc5920c29d00f8dbc33	1324
124	f7bbc3b9ce84a7c571ef2ffa1984f80471ee3351fa08c2cf5bc91ad2bcd7c51a	1326
125	7b8c3ffef76b1554db08b89b47af588a22d0db73be338906dfcbad40be9ae238	1330
126	0955ae0c1ea695ecb1dfe3aa3ded1e79d2abf408673274ccc0262164c489669f	1331
127	26539cab9403e97839de0cbe13eac1162d0db92926563051d691ffafb05072a2	1332
128	3046fa507dace532ab55cc28a44fc156a1564daffde8f3a062e364e5c9607e15	1346
129	fa9cc48c1253967e589256502f4fc2882b37542dcc7b439b55acb8016660232a	1368
130	6d3c23557c7b52f1bdb013c0a84e909cfc19f9843d11cce40d50f3c3c452d845	1369
131	9f962d07dff58815f6ae274108ce39252c7f8f43007a2724df12beb4b987205c	1374
132	116ee326c65d3c32bf1704e0c2c1fa7aaa4a152093ee62d95a7b01b5d3053b45	1378
133	6171d434f5c057fe68b7516d7d26f27a3ea481ae54c0c6624a04c44281674f9f	1387
134	a3e3d18a7fa20b6b5fe46d82398d381f957cea976945ada17dc66444aab204e1	1394
135	e4dfe2e138f51f0bb2412792c17a3b3ab777baa5a8896f33b853b3d058796abc	1400
136	a41160d003e370df461149d879aeb55ec2ffe01da50935a4da1483dd99cc7b66	1409
137	05019d57dcf475ce803b416d065f24340ecddd07bffc07ed52068ee82c8a369f	1419
138	078fc49f62d20206e77e2bd96a86c0f1423b80fcba37b182ec20146927fb4661	1424
139	86f0903203d5d033253f47b41c3a5f42a2b420b43a5b949c123e99066ff0eb41	1430
140	7ebb05221817f18aae19c5cb866ca3d8dc057b67e3838eac4cc71d8c1360b115	1435
141	fb86c5bed8f23e66518aed971ba962368b6a790e6a238c523da9b8bd7327c6f3	1439
142	d983645583023457ced46647e67e6aec20f5f15ed919d494f1993ab520fe3169	1489
143	9caba7f18d5e2ca2da745d34fe616fa81bc2d5a01606669a63f357516a85ae31	1493
144	a6442d98c0f948c44239cb31862b2d9bc6b01ddc0e15141f647d93800b04f6e3	1497
145	2c696658f49fc35fe1f5c414067fc9781c87572b8e297e4d05ff46317faac399	1507
146	a6b374a4a81b560777011d9aeb02f3fa3f820abc08ce5db1d404d98d554564ae	1508
147	ee766cb258f105683bbd76878178f541ddfa05a699f548255ee2d63b4c10366a	1509
148	d4d3c032676f59f8de1f1f97685101a3696bf94e04140c4369cc996c0bf41aa0	1512
149	7ae14a5bbe9e935654136ad449b1a8a8f915ac073f164e110de7c02e6254502c	1529
150	7646f10afc5486a621e2dddea28b31f8de8e7aa0aecff95be810a5b7e5f687ef	1557
151	b5238e6c760dffa59cffe1beabdef72911e87e4aa926d4c42ee27d9165e6b085	1565
152	73bd6a6f7fdf4442ecd73aef289d2222e0ac5e797bab692faa66aace06569485	1569
153	f522b196b04722a39333e9bd393791818d63c68d11ca4702ac78748810cb2b65	1570
154	9f7e18907d20ba53fa39c132859a333003e402a437edd2e507560a63c6c0af19	1573
155	6f897b27c911a4618ad874eb3bd3cc18dd9c3927bde10dc371ddb730f0bd58d1	1575
156	462c11b5e935e0d0517a100e7f3daf0d3fa8d145871ff68aa027d77a11d74b1b	1576
157	ba5978920ced08df63f43eedf675d57635e403384570d55f8816281b8e444509	1577
158	858fef9638037550c617066339b77a3aa32e7b5101a3fcfe2b2220100d8e2d19	1580
159	af686e22c0bbda1f27d497c61b099fa96679e13f1657b921aec16732654fe1c6	1584
160	26c6c7ce43da5154326561cef75ab89d85db75509c9e8c328dbf100e9a9296da	1595
161	6db75c1ebcbeab077ab32832a482934310691f66c58b027a2577c2cb8aab036f	1597
162	fb628361df461a30ca92351c5162457dfd52022fc97ea71139b7b2bb4a564116	1602
163	60804a8bd0129e96f6ba76c8f7230cf67b1ccf06231bf77a7a60965773cf1dff	1610
164	c76b90950d91d107dac0d4d948926df6cd659495aa642f1a5f3bcd5c2eb132ae	1614
165	07ea720b5e329e5ef8ab1f06d8adf76935906919116c02fadb537f6e1452893d	1621
166	961fadab463de07105bf178d5ba0d32387b6b315c979aba123b3585617bdd19e	1630
167	5033c41c26827ca99cf89c99c4abd3db2c4fbee48290c832888ff1682d719fda	1638
168	9ef149f72f8a2ab5c780f2540e04a965063722ca3c9b881f4b247375433e4004	1642
169	f2bfc1e912013cb53b9023528bdd1f6900b07517fc7736fd6ccc8cf579eaec88	1647
170	d976ec3986512194fb63c75f32b61d91101fcb67abdabfd416372b4a7262fb09	1654
171	d849dca6b8bc9bd44441ba21689ded5aa5a6b5f415d908bd48b54d89c38d4596	1694
172	2970881e68817b2d6fa30f30c0d979f088d150f19bac5f4bd3211adeb9116554	1707
173	bc348a0bcaca4b315533134de43a25e386eb9501ac61726afed7b38731e6661c	1714
174	f404591c1dc3450bb2fcece49d93c93091c488460c0f79ab692f3aaf9a1b9944	1734
175	bb8924fee1f64099523131d74e6d63628458ee1af535b6f6e1c29f68b17ecf10	1749
176	ffd2723e325f502fbbcf00eafac6a56d73a05fb845d74f9315f62bc9cf2c2fce	1750
177	0fbd7f1998fffd32d4b6727b0ffb0a1fbe1ced19ce8c11d6b72a510563dc3748	1771
178	3bb2f65a4d3a526e5d934b9f864dfe29b97e8af295f461c38fc8142f84e1155a	1775
179	c945ac88678230761fd0d39afc2d145b003e0d84aacb8734bfff776766bafa8b	1812
180	5b93c957b45552cfc5ce67e9cc3d3a36bd10e26c64f8f33a26d6ef69bd2426ac	1831
181	b81c20eaa80d175c0869ee62cd240cf9f85743ee890bf98cb513faa3baaba4df	1846
182	e4aa3b5ea65eea85da4def96d303bf9173a86e183e84bfabed1d7c696fe4425d	1849
183	78319c3cebcd7a7775abf71a1319896acd9b559bd035d90fb2f82dd8f7ce862b	1853
184	6e078411d7bd581ff6b0fdbcc9f04f1417f6b73c10bb757ef4ce3e549a8c79cd	1857
185	ae99ec4f3aeef512fa9081a7a6ef2e1c855e0c0f6d3fb0db444e02b263d6aee8	1861
186	9347c62e6efff8833d4f6bf919c67b735d3b721d8ff30d5b0a8c12ddcc077c2b	1867
187	2476a67415ea73d436d2f98f527773e3e680edb49c533b36e59c0f5ea66b8c7e	1876
188	ab2a231ed8b83d611d41544e4fa452e1e0a004956cad383d57e8f27b2cbc74d7	1893
189	ad818d290c2bb8774c6494bf53301351b72888c7621b97b7e1991758a6d02250	1904
190	3824a1fd2b45196d9ec67691c8293c1d472449268d3bc53efe2c0ccbf7402ca5	1916
191	4d5148155e2302555201864ce521f057c81906cc5affc5705953d17a27b242a0	1924
192	075f1575448a655c77d042b9c56988d870b1a2b0dcab6a37b279e5b0f4c41301	1941
193	0edc6734268fb344bba413907ae0c5ddbd0cd139434be3669e596c7286575f25	1947
194	8e4d72b3024c42a43b027ffe79243ce11e54b882f3257abdf829389f8419af06	1954
195	6a382463284a9814c5cefa2843c7dbf52d2756f3fb38a88a1238dd2d8f37c633	1959
196	15f385542f7c842b61473198c7bd5831954d8d2776e68e3cd40ae19dad6e0635	1989
197	5320ee1da55e7e01832ba954fbb585360020f6295b76e3f7d6deb1b3e2809ba0	1996
198	69715a5ec288bbf3fd8f5a77df911acdba3d50fa82557cbdb74b27fcf3c6a712	2003
199	3a273b4297503743a130a8ccbcf3a06ed923fe97febf0f011612d284b0ae4cc8	2010
200	b781f00ef4daacdf93fa1bd3391386b91df2cc4e59e9ab81fa459296d430c3c1	2021
201	09efdfdc3e790a5b5b4c9682c7e0435dc0fa3816db62e7acf94aafbb80286759	2031
202	1c5b0048e3ff1e9dfe3c6952ef7424e000f28774d5edee14c6e187e4f37a70ab	2037
203	522319eef9e89c7fcb6aed96c4c69f616ea9e00325309c3f05a82c69ed8c4518	2061
204	c6d063dc6bb856ca0e91b8e6432204a25fee1578a1480344fe8cc9ece6aac678	2067
205	b5cdfbfcf662303e855a4f4146178b9d38e6fcaa6f2ef99b47a6e3b27616533c	2069
206	23f4ac97c80f2f0a81316abb7fff3a1ecf09aeda594008104c89738566f6a411	2085
207	a941b8c70cfbe9a72aa0f04093a83ec4a099568e11bd9cdb317025e107ea99c7	2088
208	9471a14dd5acc832fd206e915aa35172e0e46cd15334f0ff8b1cc2732e910548	2093
209	5b97321d51ed5f2293e3e9cd5ccd3361ac175189b69140101f1f2eb9462851ed	2100
210	d4004a8769f61e9b99fe1f26bc562ec8f303884b58f09505433a27745baf841b	2105
211	d070065817ff4b2c68302414a8101d19bd0f6ff75cbc3a28f24a114ce80c98e7	2106
212	475a3b86477ab7d71ebd5824af2bbde50544918bb4f57a0b4dd2286031e0efab	2108
213	86592c69ca98b99807fb5209cde26fe6c91c3046fb3f6d9ff090a819b8c94e53	2111
214	2ba6a71a6bd4e778bb23f22c4bd13d49275e5989ec5da1b53ef463831e896bc8	2119
215	b9e6858e8f48e4d136716bd65df9099495175be352af701e0751d643475c4f87	2124
216	8e6cc3c8e68846ac4ca45ce5cc3af8d42fb679b127f521b7de86c39482fbb89d	2126
217	b5890f95991405f63a99bca8e5233fd585a3aeaecffeccda222faf9db4ab0868	2128
218	03fd801144235909c30c0e374acc4e79a1d393784782f426883604d28241ae86	2134
219	18bd709f49c0ccaafec9580f07e6f3f9ca6b3d7f858bccf85c144c12cd4fff90	2143
220	cfa1ef850b0c24c03c787d2121182430e3bb6103a113a3da24dc3cf5ee3e2de3	2164
221	b2e7a9ed8b955c1db1b80040b6eaebc12d0aaf46d684d68b550e004ef4df230b	2170
222	251e48bc672e6fee5b479b6984bb019193e225435a6151ae8ec402a4e4dec4c7	2177
223	e3b758d41f1920287c7043f286e9cca48639b7f49eeac3b69ba158cfefaacef6	2183
224	d54efc55a85dd7ea6b1016d5884a75c2d5275cd11da85bef5a893659c36ea7b3	2194
225	c98bf589a7e09af5c596fa3b603a56b56c00fdd87fe6b231d8bba06a4d5142bb	2206
226	d8f44430ee535386bab1ed103dfd21ad33de1371f61cb314104a78c0ec5dece5	2213
227	a81b948c0ef00ecfe37ca928f0144318a5952bdb10269daad69ae3b9ee2840e3	2215
228	f2bd8e02fda1b8b5ecdb19d015bd0b5fce4e0d6dc73fa90c0156a6d7e89cba40	2220
229	71de401dbba5dfc625b11e002c68096cfaf39fc75ae86f54e21d8c70e938e145	2230
230	251372b4a5e224cc5ea541d8352025d66393efeed3a0cead9fa8c85c18703fbb	2245
231	edf0f5127291f360fdfcc293d221049cf3dfbb9f2004a01208047dc7f56f2754	2263
232	349562a852455f6c9bfba73c2b780c089f2675681a6d67127d4bf76d16823a4c	2271
233	84cf759b68cf81c17e1ee3828f895d28a3fe78d6d7ff1451bb6b4f985b6149e3	2272
234	00d0076de289e35be2757dbe79191e63c4b87d49958352c98373d1f11139443c	2287
235	c903d4cf20561c7fb2ec0d91154cfff6bdd1b346ade36c59be02444d2ff37411	2296
236	65773c6f44728766ab2810c902732490480226bf93ca761063f40280a8cfe55a	2316
237	960d97a2bd19b225c8b32fa0cbf0359c7383a49737a398426b8503229323387d	2317
238	59172208239e52bd9e92db52bc163ea47b1a1189ccc0889572873c19485f9049	2319
239	c4b82850ff4e5fce06a93881745850eaeceaad3c2d13a80694b6b20bf551ac70	2332
240	888a2590ca9336a905c173466ec94280772956747f8c04376817e387d9990cd7	2346
241	3a50fd7fda152aedc4d8a84c4943f4ad09f3854af8d0208e4abc99851038582b	2349
242	9af723eb147f7f56e0c1139a2c37cbd47cef33e01fde5a8aa5aaa3e1e1aedfa8	2350
243	3bc3a8132164a59840a50139e8309d9a1a4a55a32615967e00881995e4eb0e8a	2353
244	c311f55b0c42ebb4ea060c85773393d19863ed5d42001f0de11255227c0bc18a	2356
245	df8171be4cee7ffdf97de51bcaa7a07c6ff36c5eca3626638589e3bf3c83b6e8	2359
246	777da8123770a70c77add8ede123a5d4dd7a24fbcbdc39ba305edbba271b225d	2379
247	3052616addd57b6a48a91d38a42251e877a13465d4da5134bb0ea06aae2eee84	2389
248	a70425a5f4bb9dedfbd4c74a341840d0c9977a4f0eabedfd50f990127d56f79f	2409
249	5e20f728d27e6f8a0105f3339b5e5fb1c8a7605d182cf3af1b8e6d4616c93970	2419
250	7f2745571f9965dff66bf947d686e5c849cb63aa9b49cf9fb01b5c9d6cfe1dab	2444
251	d9ee7f7fdee1ab1d6f0044533c00c9a26a176d6c9f4a4e59a3456685d1ae71cc	2466
252	b71e66746dc09a43474e0297fe4d7c9fe85a78136a9421303dc5b4bd40431512	2480
253	24af76c84cf903c5df1c80bd98c9cf68fe1443484cebd5e9da5eb6e99a0f60d9	2486
254	38c22c57c857752af47af5b016dc5a5135d0953f4ee58a973e94f02d0fdbc5be	2489
255	1ad5b791cad9b9908a0a20c6698ded0448585593050da1bb659b907b6ce815f2	2498
256	25eb009ff81bbde4593b2b67a238e0e1791490d67acf02e44690dff008b8c0b7	2502
257	08b8a8ce55aa5ae6a22e8196637a53d132e5a71898e048d9db66f9488925c560	2514
258	2775213a5bff7d4c970d17ae85b112f7e582eef2e0a8cfc6fa1ff66298210106	2526
259	7503e0545477328b0f62e537b8e5cc5fb8f46ecdb1f35a36c2430fade1e92bd5	2531
260	00b6dd8b7ddd9b53fde48e016474641afdf8af539984dcab879567d3ab6b277f	2533
261	2773d20158ce103dc4fe7d4f058dabc146c43e2162fdd7c40c47e9d76c93b4ac	2574
262	7ee83edcb5c48b379139ed12991682ca952cd1afeea12a437b11e5db5c1f073a	2582
263	d4ae7532342964018ab3846db2e983fb30efe2b2ff331ad8cbaefe72e560bb5d	2593
264	6debe62a8c8b4c9fb28892eace4767d1424d326268324fa6561fbf04bdd7eb78	2596
265	9ebd93d7210c77c84b284a58b3d335788da994a765ae1ac231d2f5098e0f6e61	2604
266	e1c0e52d616aafb16130fef5fc5ad91d34fdb3bd5f3d987af250998b3a5c041f	2618
267	beb87f93c12f09f499de8f2510c2107064d05a0d8d83bbae1db16a8cfd911e2e	2620
268	703f92b94594a03aaa6f771a3d6dfe7cced74aa29186a110577fdec142565198	2624
269	71314e3fb4565ec0191035d62abaf32bd0e0fb92832ca7b3893c7a98c982f8ec	2651
270	77245702342d39be9ddcf0015439f2259545d7d37a89ad6122456405af5cb644	2653
271	450f374a48b2486b8302f128a7326161a896c66eaa51fade86f4ee5ea3425fe7	2654
272	c8bc5b542dccfb81b640cd065666bec8cd2c6cc16e24cd753ef13f078cd4eb18	2671
273	98d435f5a7b01e1bed7cca1fe9b7b67e68d3c9a0d638af5492780fea01f71e9e	2675
274	2cf69185f35a964e8e01b6fcd2356ec0bba43cc7083987d6f457d5a1cf270608	2707
275	a4d162e2da50df0a4a54adc0e58e04eb13836c6db15993b80574fb5496fc7f28	2708
276	48ab708c971916a72968677fed7c2cc1b482e7c0a55e0530271d7bd7d2fc6eae	2711
277	5d375f356e7fed2d0e0f3e4afc80b4de1bb82904e969a2acbb837364cd197a39	2714
278	8a65adcb61e0bfd4b70085de75d71421e72e2388597e4ffa379715e59e958d70	2715
279	6dcbaa75af3600b648f7fadfdfee6f581e0ab1122b64a10f1f2e76da29a75c63	2723
280	36b86533bda3bfc3de4250d5a905767bcf170f86f1e3abe762e9a34823d18872	2731
281	a92b668538d096b55b8ccc9b22697de10f24f60612232ed49b4f07984c808bf9	2733
282	07ab96b1f3e4f67687396e57db3102b69898474ff1ef9b09c507770f22f1466c	2746
283	7d270b480fe77305bfbb71cd9209271abe541b4ff7d8e5f095541cc63b07d567	2760
284	f269f91f2d5f6f9da92fb533557fe417c8691f30eb9a25ac3ca012f451613f18	2779
285	741cf82597ddd23abdb7cfd3d8354afbeed22e98208059cbc577be2f02ab1fd5	2791
286	7889ae26a9decbdca8b8561b464e35005fc59ff77abc46ea5f5ef4069efd41c0	2810
287	e79f2652e93f23a7aafa225a0dad3a894abf940716393b8f116979e70f9b3ec7	2813
288	0229ec1adea480d5fa8624b70d1db92df276b6406b4600277dafb3bdf2a245b8	2826
289	fcd480a19a1898e23b1669931284798cb29c224cbc75f85e1f6f3c05d4fd7f64	2829
290	8dba57b7eff7c6ae41f97879c856a4fa87029593737ade94efbb1019485d004c	2835
291	ea565a6441947f3f8cb54e1ab60144d72c3b8747f2b371572f12bf04b6b9079b	2856
292	37b5464c2f551d529b3375cd4586c8b459fd41444e0990dfe1cd2fd0e45217fb	2860
293	4784308ca9c6b74b113f06e38e20598f64485390b7efe47d04720545cb3ab99b	2873
294	237a98bc8d99bbeb4b4e33b98e14b9850754a3b8a80d40f92d2e6b57e4da6ba3	2875
295	de4fd74f9d3e6f318798207e600adbc69084df8030860dfc7b35b9c408861ee3	2880
296	3aab25e4509828c8641eccac15ec72a6cd7085dd00f61848a32029d7efd91ae7	2881
297	24af67c4b2956f41fe3b24ac2b4b22091b38e56e9b1f5e5a4f1dbaa4b1a12ce3	2886
298	e63b0a680e1e47ac3c0a994707851cdee3f469440c829dcf35acb277eb0d3903	2887
299	79922c7729004671f24f70b9287acd0ed33db05c79cbe72b89d7d50595ddf6ff	2889
300	a9af7b2b8e254d58304aa08f58bd4e453525696b78cd5ea8fec3125d4cf7dbfb	2895
301	5768f0edc2f263fb638ded41e84048a41ca00d61d3b930e6bdd0132d2d83be0c	2899
302	cd3766f285cdff53a60413b38f0f594d05082656340c80bd2b9acd0704c6cc0e	2900
303	d1e89ec9be85d8e07be43d1451d995522d471aca0a9bf8b71c12bf12ebb5fbd4	2901
304	e504c9f27ffe4ec621cc1056c9eea463b05d6c041ddaf3deb1a3498c7754fd7c	2932
305	adfc4971920bf9c4e81342608662fb73ff7b4d59f52fc6378c1096f9e6030222	2937
306	1cb4bcd5aaff10a170bcad425215af242b215c96ce614d0731aa11b768f9aaf3	2953
307	75793b29175242a6658fbd99e0c3794c733e672aa204665725c588cc3f2b747c	2973
308	c1814a928bf4902741a47c058a0aff53a3d6fd35903c3c61d37c4db35f364c95	3011
309	0108845230defd7a5422e646c639221651d6cc98f0a0d2b8643f8b4941c6d43a	3066
310	85dee9d05c195a7d1e16bc68d17851cce750fe23980cab0e94a240b23ab8cfd1	3069
311	33d901e6d2eb96216961b78bc360f5d4de26fa2512bba42e9fe81e60343b94b4	3076
312	0622976a51a07e6161ae5e1b40bde3080de4eeee11ccd0427446769576a46394	3098
313	be142bcacae65eb58a4ee2de26e20cb1e80d8ec4223c7fb46fed6c76c869eaaa	3121
314	adb8c3a57c5910006971d8268e3207a96358af6eb8e283f3426178c011e18676	3138
315	ba1ad2776d444579917d003bfe24ebc01c165c867b2a4bd2cf0ccf0e0308a58c	3147
316	946d80867fd29cd206befc270d948d8af0c98007ccf228d63f3feac1e83d2c36	3152
317	82c6469822d1ed9e43c70aaf4ed329d9e8d13cea2cc8d178172123a92d086294	3178
318	861df85ad2934fc1aff869f933e851d43da30833578964ad716ff9a8838240c3	3179
319	3081de20e7b0b09aff1a06756343b95e012452dbc156ee29f0de39370c9b4d9b	3206
320	1a6dac2a653ad4ce79a04948b4ef14b7f9f82f44f6ced2f6f47367ba955a52ed	3213
321	c0ca544f491661565f14da302824a7c112324023034ab4e7b566dbebc4c31e61	3215
322	dbb53b72c0b451bb7fd8d2e1bbdb7f18a077517eccf3be4adb09d2e4b995b826	3238
323	80964f6ac7ccf9cce1d3d4511d57ca922992217d43ccdba06d19a3a9f554ef7e	3248
324	6162bae33d61cfd115d3f4026d89c49cc674eeef2b2d6a7c58c8527979c3ff8d	3253
325	6c4821c919d4b35236feab4916f64eae964e0e0df45e9392b935e5d88b2e233b	3256
326	26f0116f3c5b9a9b59f1021c9e8f5ee387a74ebd6b6f6daec9842de576925fdb	3264
327	a7d0d597bfd1490e86ffc66ef43eb418ae5b371a00010bc94cf6ac15608e17eb	3266
328	08953e4e97350e881dbea78b06e3d0b79b3a25939300b2527a2c7ff47150174f	3271
329	6d878238a8ad43d8ea2a2d206d9f27e9e0601bdcfa14827afcb60786537d3096	3272
330	31e8b6b10af4f62573712afb7e255fb9d6557e66e8d6ffd400234c910b3c8135	3278
331	0a5afd4ec44f3b67f5d57ba56ddb4a38a720d7ec20b5f5e2af5b2f74385ba90a	3299
332	026bfdfce0d2684bc0a7d0e2cfcb2cc88dd363c95c071bc7df23766e34288295	3310
333	297dea1b92ff24a92a866c38c56194df65bc1c9659c6da868cecd417a1c36637	3313
334	a5336502bb237677f965eeaf4f5a3a7cb01e1a57c9b34dcdbb908bd4b72993b7	3354
335	5901af96759b736c0c38c9ae6dbba47bdb861ab7b625d1c175541f0ff9563513	3356
336	ea35940b18929d41859bbc30be1b539685779f0a06749a12d8c450d29c575eb2	3366
337	d456f62b7094c7a7ca5edca17e410b5c09d7344ead5206e21de119ae63cf5bc4	3397
338	44e3b5648f9afc2def654ce723dfbe0d53e00819d63b9fa0372dc3bd64d6aff0	3409
339	1d3a48e624cb4dd80842cf415f5dcc5d71656642f48b1ab993165dc779f2d39e	3435
340	8fbc49bc444e41e9899608ffee60aac148c110b17f52e6a8ba791e9ccb88da30	3440
341	a045811286c6fb0c61af0a7982811481c8d3901ebe44abe0ef424e6c61e5489c	3451
342	5eba6ae31bb7da4fabc0bab8b34a6930dfd1eb7896eb1de2b1f04d9d7bcd3365	3454
343	b37e7e1e87c8ea4bde99f5d6a2236f4739f087903cbcace11c4bc1b0d1a4253f	3458
344	dd7f05d9b92ccf0970fed9d9845a4722c2ebf84e602e1f3d57579e52bb3bd570	3462
345	cd130c4efcf41c8d22d0b0ca6e9c727b8d315ae67440162c1a003afa9cb83fd3	3482
346	dc993197c239b25f3ca1daec76e33c62480bac895279f3cfa44f9dc720933d20	3484
347	820f60247249a29840ef98a0117d4d151767dc3b036c33945ffdc6370e3b97ec	3490
348	fe6784568f7ae892abcb112217d165eaf4ff1a3c542ca6ab3507dd536bbf345f	3501
349	025237f140d7aacc982e4648392a5d41dd0e28a809e93b45d0295190a178bd54	3517
350	a6caee3c99a561ed0654bb5f7c6001ed47ed46d04fab0010c5b204396b766631	3524
351	a0d0fc7f4afcaf9f0b865eb5724fe0aa7f2d88e5bdee33912d3af5dfdd8068dd	3526
352	01d80398a249b31c8a83aa909d80182822c851c5e49fa2843c0f72860873547e	3547
353	ce1790000b07d44e12f99d284520300ca0516c6c0ec05cd6588a12a14be1b4ac	3548
354	7f357d2c6f263966954ef7319a9693b3d29159ddcdd6bfcf4fedea33eb37fc7b	3558
355	0c360e90ad9563883c4ac3cbecafa11f05503bc7ed3729d8edfdc2e8dc9a1c6d	3560
356	8406c70e7ca77081116c7930ce3f4dda57e91c027fe359045ec654553a1c80b3	3562
357	41a1a51f0282937d8d79fe394416f5aa6baeddcd77f042662f5e3a61075520e7	3571
358	4727ab1e9bdb4a1ddfd00c988eaca43ea6069b2cd29aaa8d555c52717580d581	3575
359	4301f457f264bf422de3cb461df9e89e396243ea975237f27d8155d7eb1441d4	3580
360	0eb5a975572c7d462777604ec3d9d3c7b3774c57d357e57b378f01ad8027fe3a	3586
361	a573e070c380f031a80d48061092bcc937883ec03e43a36e3330dae5b7a8ed25	3589
362	fac0b07a84db5a8a313af68bf345a640d7acc6a04640d8a85152e799c3b958da	3590
363	2ad6ed030e08b84ed333247f5c178531df77315051cd403d6d50533a07d757bb	3594
364	a55a6d8116d4235fc7b75f02e7e6363e59bd9f6f25b6aa5f8d8c2f2ec6b679c9	3596
365	3869c13d4edcf2ac837013e3e6aa0f288dc67a5ed4fed7e42ae4f2ac51ac28ee	3601
366	aaecb922321fd13f6503dd7db4263709a42f983ede8f5521a392b1202e7387bb	3602
367	8123b5c847618f2606ee860ab327ee5ffe2f4aad78282423176397fbf707cb92	3656
368	3a94e57cf88c200628dba252b51b793b8ec75a15eb82c8504ee5f2eff8e18908	3679
369	6574206fdfaf6674e09f0bdd5d994f128c6083f51cab7d3018b3077615ec9260	3683
370	445d0766c9ea292277ca2353ed0117f14d4ee5f47b225a8a55df015b286c0ab0	3697
371	a98896c527fae02590d43fae2a69453a48e7439e51335a1f01f20bd6c9a06cc9	3702
372	f059572daf746a08f19e3513632156feff25a53691d983d4fa07fa1580f413a7	3726
373	871a783b89d29338d19891d3ef20d5ada88ad84d256041d86924febde9cdb27d	3730
374	31aa8d8d5a5cbd1b993a9854e7b13a44e1230f0b7525fc0d692f403e236e6e31	3732
375	ab4307ba8606a9a5a0c465ab3e9a05b977d6149411c4e41d8ea042f2b22cb162	3735
376	df28a6e83a367f0a73961a919498f9862d4b6fc4690828de95388f3256ec9c12	3737
377	6130868d20db376dec9b77f562cdbda0d1668f0cd1073b5ab9f447b6eb40255c	3744
378	555f1742586e186ab6308a8f17c477e7e616296150a61e82499158c5a5bb5232	3745
379	aa2f541be1a1f20a75b770b9a677c32f712ce9db2a1de4c4bc1f10a9e50df49d	3749
380	573735e11ec6770bbc49c352ff277953e73cb24acbda8961556692d7fb2dea67	3759
381	d317bc3bb1cfdccc6c67d85371b4317044b944f05aa7cd4b8947497e85ba3ea4	3776
382	b81a43faa23e529e357424c4d65918f2a606932120a049c52fa4459529d81aee	3801
383	af789f5e38684a2273086bf4b1a55f2a71308711217e8516fc17ba6b8d01e834	3813
384	0aa9017108ed1f4b0f6dc419011e61ddc3b38ec9294cd6ca27e72bcc194a9eaa	3818
385	c84dab759747d531bdcc6e1a8422bb6e11b4e7318a5bc478dac7631f2fe04650	3826
386	a389fe5b2713e78684f8c520e97578cd3e8631be15988f13c52c0e63ed122f1d	3838
387	1fe4d79e71dae71a4174ec432303f6ebe9b021866ffbeb6a8f32cf0b7b95778e	3842
388	81558e3929842239dadb8dca8883e4ef0b74f66788f6da59a4da33c5476ca2d9	3843
389	a4c93e34e652f1af33220540cb7a4f98fbbb75dee2d872366afc78450dd052a9	3845
390	910010a5a141af6786634681dba815c0fc1d9cc116bf1278824f7ff8c8c66189	3854
391	0b4acb95f306357e03a6a3240239d26cb61e8ea2513f069562cfc208c957ffc2	3869
392	952267e6876bb0939aea24439cb76795691ae34496be366ea1e467a47fbf05bb	3882
393	47dd2220ec433ff237656f96cf04a1a0808e42feace093b315269871d69de97e	3887
394	e819ae0c82fe494b4d576304924e7438b4844c2a458b89d4a8f02207f55d63a8	3921
395	2ea189855be13ba26b0ca12f00176351120fe5a4516c92e96cde9da4cefb3468	3928
396	9bf857254a7055747640d665295955a00e2cdfe343f9ef72005687ce711ab894	3951
397	7eb029eb0463beeaa91d0ded49b186e5614d39a10652cc227c4cd3b91d670397	3957
398	bd6583bc27e9b048faa63c747eadf7d0a82a836e2b2878a1fdbf59824354256b	3964
399	aa3a3c49dccfe4aae96ac87f182cd602b014bf3f065f78b081011c233f0e9ca9	3969
400	5047e2218af2e1d00d24a1b240c52a8f0eca03c475a797bf0293201075f8b99d	3970
401	3d637595c74235ddb608a3aaecce27e1d0af4858390975aef2357ad8412da91b	3987
402	50a3c06b0261c2cc0c78cef7b9707fb66ff247e1bec93218ea1d81172edc80ac	3995
403	6000bf749f93d751104a9052ec8940553e8d4559e4d5d07e826b1d267c3bf847	4009
404	51a2af92442236c2969140ebcaae79799749dc139c3f397035a74fbb85756620	4011
405	8b32add9c49917fe861cba1295666ae7b8fe798eb847bd8dfc6818968cf622a2	4013
406	60207f718eb7dfc2a94f7611fdfdb8fb17c4fa4f77b63f68c35513dd1722f8a2	4014
407	f71ce6ac557c2041f032bd9e55ed3c44cea3cda7b90e7ce3ea1290a924c0de61	4026
408	a3aef3dee78fc3a748c0648c980889bf6f4abb1a060e820ca181006d226ab6ad	4039
409	1489dd5dc900d7543a9a4fd63f3a29782642e22a3bc40689e7efff9d2f1e0904	4051
410	a2242da5940e6413f30c71a7901b2b8204d8d790b0503d4da9778a969b5f43e4	4058
411	55b76b0c5d2366cfa4eca6a246fa2e773b461a6ff7d66da7e89ad10a7424025b	4075
412	8be30b7d35a1e84ba9b5f00b45e217c31ebe3d9c30cedd8727dab9e5a9148d6c	4091
413	05e2217eefde0ba3661f2317bd497bf0af6a71077cff998fd83965d9837e5953	4097
414	7082f38b8bada8548ad9b0408d63d8de2e978b00d12fc7998838df93a3417853	4108
415	abb61f43052c73f32144604e70e7c05ac2caee2820ceddfe1a12fd425798a62a	4109
416	5a606203671677b143203a899ddd8862a3f5a0765d8afdb7ead493b79a81f91e	4151
417	3047a3a85a20eaad86008b687fd56f8655de35d6a554525ab2451ba6891d3899	4153
418	8742b6d816536327702ace677e3247bf440e87615714ec946d14a3fa0c2720f4	4188
419	2b37aabc3305038e6539d44069c7be6610217033a9955cd85c6c70f0e369023d	4189
420	360cc402bea90d95ddc2e81619320850bcc09fbf0d4525ff25a2e6c3156d0a5e	4205
421	7a8ddaf14aad048e57fe4e3697748931f4918195d8aa91147b96343129e96545	4211
422	0d14051f86f0cd8076cb529104938ddcb7fdefe3ed469a91b0eae613f2a92dd6	4215
423	2b14d3bd10159dc94dad5609e2b90561bcf012c291fe5608cfb99999d5c7af7e	4222
424	1df231f38d2bfbe54d48605d9e88de6304b4ed9bd7b87df416fcc30b2251e902	4230
425	c19dc4b657821518e336f59f5776b69f1617a8e0c8cc4feb9b59004438df1662	4246
426	00e39f0c3762ffaf75e0651334493ae2403b410ec93cd24820e1c8537da80164	4267
427	bf79c5eb415d0eed29a298e782b634e96b366af88a001e6d5e73fd271801760c	4269
428	adcbd8ffa7b163b3dcc22cc87c87b20fc220cc9fad3fb0b2abce5569e784051a	4275
429	92d3a808e27070336d02b72819450b1cc33524726ebb08a774857d6df928e020	4278
430	37594441a8fd53cd9955a59a80001ee43ea71fb27ccb934d06e71de607396b91	4287
431	69250cdbc8d6e00c286d1651825bfc3b8aef8d8dceb7068d703dfc1965364cec	4296
432	4b15fa842f2a31b16e5dbb6df596fb1c2c7d6d906877ce66ed9b95fff56bd3d9	4315
433	4a311621eba1ba558124f488ed69482e0e5954ebc918dcd21bf332a11cb68e7d	4320
434	05a1453436f5584dc0f9275835de2012b764f40f4dd41c06639351758e836361	4336
435	bd82efa757ea15cae38bd32001b08e11279cddd3cbefc7230c64469a9c715a66	4337
436	47e2741c516fa8d75db949d8216d61291240a3261d84ff9e2cc362040c59fb08	4348
437	3e66ea19f2acb7f880881f765db7753640de081656bd66fad0efd1fd36edcf48	4349
438	044319cd82f51bb45d8298e0e51e1dfe7eee1b29ff5cf2d5759f763bd0db79a8	4350
439	e658fd7fc6ac5f20a7936371d8537fa2c4a501235a0856e1457446b015f8e60e	4380
440	e51584d1e64e6d9c950938344877d338d21dab40255848c5af5638160b406a79	4385
441	dfdf4e6df0345018ee0aec34b3cda40600aaef40a0e8e0ec56b6f7fc7695a7bb	4386
442	8dcf3b5bcf10904e16d8e5e47ff971091469cd2b7ff66e97b47eaf50f9d7026f	4391
443	6aaf18ab5d6ecd25ecef10d2a0888bef7b62302581b919707831c7664e4f8369	4405
444	d9232f759fb4a2edd5c7dc42126c9c4d9e4d3b4f3971f3d7cbe7907fee7d153b	4420
445	ab9cf8cf675c5d035c861fef4e163a448b827b0f6d9f36eace80608adaa8cad6	4422
446	8ac0ae0dc4b1838dd3ca9b9759a0c362c03b2e573a3014aa2f999a03c20be20b	4429
447	e24a93472a79a4b06be0ca1167f46b004ee1917f4ad76679cc61007a789e4638	4430
448	20eb8473ca1796a0c4251dfc5a8143d0a6f9c8f25c53eca47738f5ee3e722476	4435
449	8f52d5eb0f6d62dd5793d00789c66db8c76f2091d0f8531be9aad7fdef837954	4437
450	36d7767cb9ab529aca966a4195fdfabb5f76c3f62385443f5138afe45e75aa14	4438
451	1f7e5cc27f3fcca6c77afcd267e75359592cbfb1eadd9b6805af267c85913911	4442
452	2bf1c86dc0e2b9687e1f240fbf76734ccabe851f836dbe415808a05f2f7cd1bb	4451
453	dedb66c7c43bee3b0b9b1c6b0a9d13e2641328158059ed9580b3606852aef611	4454
454	daf7a7f08efd2092688277c1f0d13caf19eb79338b19bec57806cf0375506ddc	4495
455	2a7dba08e9d727143595915ebfe26096091e67fb464a226ffa6cb55044b325fa	4511
456	a8545bdb5893cee42fa92e2258ef3d012e49730ac0ef48b1db0a6029f6bc2d27	4516
457	4dbcc3f98fb352ab797b7f6444e512669ffab2c1affebdae32f3e02727df5ca0	4520
458	478268ab42db2698dacf8785123324141931928e273f8550b7be05ca2895723b	4523
459	523f01b6abbac9fb21619f917cc2c4341cf85438b35e76f82e986cdca835ed8e	4535
460	089949544060895adf2696b511929b9e6849334f07faf0a32ccbb80005a6098c	4540
461	c0cf8bae4ef007103649216f2f839f9ed8e652c9f7cbcf93239840f8e8e8a9f3	4573
462	f243e28f79157d1309603496988a038184d6ef6f35ff8411e9deb6ac8d880f8d	4575
463	7d3f09dc1d20843de4d7b07013a44072f8a362e044af6393dbe636b34c90c924	4576
464	835e6d5708920de86f4b8055158c500cb1fe2b81eba6ad023439f2c9a9a0b1e2	4584
465	45c4c09d4978a86ca2281feaf4b5dd94269b0f7e8d6b7a8f8831b18b1211a403	4588
466	0d6de23e1e621fe7830483ae2beb6a6e3529f56b6fe9edf6090879a19fd10080	4597
467	ebc74865fbc682e4c7f460450a713416ea5a9f274ce79f344e0f1c364d1c2d0b	4607
468	0a1e4700de9423fa4620b15708a0a2789e4eeb16e9aaaf9d4e02f7d83bc58e28	4608
469	f91b77403ef07e93656c12def7ea0fafaac104d67d1a643797bc916350bdd491	4613
470	8a785cc6efe8e8b3da6dc4cb91208c7ab6a801dffccf300b5f9a98d82c40c2cf	4614
471	43b936dd4f123b9319559bc3f8619d0ef0ceaf0de598329088e210a3d9a74500	4626
472	931fb84d32280f3a40b8a5e93e9c9f5290fe1f83eaee8ed1c691b32a9cba0a74	4633
473	08bb51c222e3cd5054057c40da4832f44a48d4fb49b8271bf1d8c53123a1e17c	4637
474	cadcf194d5f98c83d473bbce4916377efe8a7b3a7141ddc53656b06e1f6e63c1	4649
475	2595ac63ffa08b2863f0bc1c0134b23c7a422308306090294c256487ccc46fdc	4654
476	86a66c455a8f8414d6448107bc3a2448ff40b0df82bbc45961ac89416cf470eb	4657
477	a9e78ca717445c667a69d5529ea905681d1fc6bcc13cf9b6b356ec8a60274ac0	4671
478	64fb55ffc94f8c369fe9b3515afe36701ec83b0c1c0d8f706e91a088ea9459c8	4683
479	32f34167d0ece141d8cf2c0cc917b466739d413264e45377facf0274af72af81	4709
480	2aa5d77a9afd524613c7c13e81fa75693fcef759dccfcad61b83e2fadfa188e9	4710
481	0714022b9e9e5a658c3f77dfc27170fb3ef56718020465ec08d84fe410a6e199	4716
482	bb30ef52ff2dbf069616d52bc1e24f399747abd88ef7984deefcc9fb6095a690	4719
483	de821da6eabebf2e2b146231a2040ae455faec88719794260529de7202bc2c29	4728
484	7d2ce037802d8024e151fe14b7321e4c397d9d50d05700615ea93f09b54de9fb	4731
485	6db3e94bf5acc96365596a181406b9fd2bf7d73149c2cdadd82ebdfe9cc58beb	4733
486	f8fb277132c5ab6c05e6ba15efe3e322961ad3817b9b3dd46c6ca3a63a638c4a	4737
487	85520795dd65ba6618aa9325701b584215681fbfb9cd4ca359344de2a1e7a74a	4749
488	7ff54668b7cf6a41c0106a7c0494433644ea48832f57baf127880dd259e2643f	4769
489	69396b520ee34025edce7d9a6e3212a176a89af94a9ae86f8b7877f8f2cc054d	4781
490	bdf054f5a677e827cc2a2b2f12e0a921d05994a88a35f9d8565994345c963198	4801
491	5704109744d513b995fb6450196d190acfb33efe52a403359dc63a49a95075e2	4806
492	e86baa598f4ac70359da3ae73bc654a6187e0feaa86208a0415c906b40de4e09	4831
493	8ade71a5acbecd9ce21e165b1df149c8766131623b3d1b4336c6f0899b171ddb	4840
494	9d36578c271e6ab8b7725c607a4d5ea2e6125b8e2e91de89ac55fda6681f23a7	4851
495	195d86e4defde0fbb2080536dd401dd16292d0ec747363750d35d081e6273cef	4852
496	e02e6a07e9d349f35cd7a3ddeba2ba54efbc4eb9f894836c99c3a2104e27bdaa	4864
497	72a9f0acb28197d2ac445e736b26f9619ae354947e3984e8296b05d3f474f1fd	4866
498	7a805828fc7dbd8e3ba823182025791f87c03f962064bfa3213f032baed8e10e	4871
499	1897b9bf62393b809119f58e3f84e85c200c0221f69043bbdc7d7bd393adca32	4872
500	9300ab317c8aaaddfc41193bd89c41a2bc2d5f308f20f42a4983bbd06f4ab272	4902
501	1f5c97c8776073437afb4dd9c0dfe7de0048e60a353e34d31d36d1d31550fd02	4916
502	bbd001b3df5bfa33f62478390be0f371b973b983810a6947951b3126b1ff848b	4919
503	b575bb95b2bd4974f9b1525db1dbf5a92c62613683344f3d1c0f9722f93b5551	4938
504	e016925b9144cc8c14fd963c8d62fecdb2e429dd6af094560c756872c84adf94	4948
505	5cc9a9115366764bb5b58fa4a371d7a7579e14f6b751c6c1057ed6e8f6456b25	4955
506	0b68de1ca44c38524892179ff8d1ac27794f7be311c8a5e6316e9033e63698de	4964
507	e7c09c587c3494e07f0cc406276aaa6c5a0604a3c9f432c96f7cfa4d67787c60	4981
508	c3429f00064242f0772f18b09d12200c41c43641566928f599af56bd75ff9342	5006
509	42a9116d8a6feaa72dfec82cf1465aebe783ec58248c6f8cfa3528e52dbdf9bd	5019
510	ccfcdc2a58254408c93fdcf362e27036049ed9270ebfa62b34c25886360fe20c	5030
511	62875aef2ae89b4cca4c26f559cbc7f91add3094abf85e4a652e76aa6209e4fa	5036
512	1db1006cb125fe303b1f6a7fe5abda85067deb90002c8d9368410934cb0cd80e	5046
513	3c927a370c8764a7fad0cda5890d7483489b02df646a6b5dfd5e42b14604cfea	5062
514	1935e9fbf52b40c4b598fe328b9e11bd887c5ce2360ac6053ce7de2b8df9fe29	5071
515	58b4fe37536439ce9e4319845015f842c916032db70a0ca76e6a7ae4c35517ea	5074
516	98e5bdb79aa9b835f9831c6fd3cdd7c7c74dc6dc813aaefd4a236b03e1d6e367	5077
517	f157f2abc9a614c54dc8872bc40741bed77be2fc0176bdedb1b59afa9e285265	5123
518	16efc5151a98cc61084d4cb58b9110bd487dd731858366d1c43c64029ac1e4e0	5153
519	72d405030cc96f80da7b228b3b4a276a76dd6e82607e176d4d64cef9db285cdf	5165
520	3538663df722d65e957bdd3a53338b7605f90b4bacdd9e66798b030236e5d6b2	5188
521	2f35e5c7a6e7b7fbf6ef57272a62657eec2e656e654ac60e85c14fad8f4d5e50	5193
522	d5aafe2e766d0e30ea8e47608ffe413f62e88dc3b50345b22aca845867db08bc	5203
523	62dbcfd01c467a4eb601b17914b99433224a88e1e24d7c4b6cbb278e74571d9a	5204
524	f3c59070ae9330d21d584bb92de47e9e0f1f30b623741303e933d147aaa99eeb	5211
525	92926dcd7f9dd61f833b95244362283e884dbc7674b2ee8aad7ea9fe44fc7e99	5229
526	d4c8b466b8fedb25b0f13614ed7a5ba9cbfe22d2d92593692873b434fb6b78ba	5230
527	d00cc9100980496d3eda58e0f3c6f3babf15e34a60e9e3d0a4a4a715bab2bb4b	5239
528	9b286577b4f854a936027e4dab97948b992682cfbca6c9f6e7bccf3238760532	5247
529	46f77060c3bf979eecaee4f23787e8dd72bf49527c8917820227fd9bee342ad4	5262
530	b1bb5ffd40533b877c02d42e0ef13cbd134cc48fed6e57a8eecf1362368d752e	5264
531	443ec4c17eb31aabe39abc8c3e06ea28bcc1a0e5355581a4397b1831a03eb609	5267
532	edc81dc2c6eead79e76bb5089c4216310526a200be43644f2e076cc824355616	5274
533	c3c3ef16b6c328dac102a11539fb9f4f8612298910c405dcaeb2794661ce1698	5275
534	f267214991f21a53eab927b6dc05bc9817c5fe38d104ff84256c24d6184e451a	5293
535	2a9811893dc587e74cfff401adf541454ca04ed72899f59a06e56d07b1a6e619	5301
536	e7cbd70edd5f73db1c97fc8025e96c3173bdcebbaa85e7f79adeddbb6a55beff	5309
537	b3e919d0cf7244e03cd3096ee65ceef4eaab92b42886ce85a0e23efa60d554e2	5349
538	b08bebc009dfd232207b4be8c3d72f456aa86447bdb4cc4e50f71d50fc524240	5371
539	4db11cf069c0e95f5158ce8be327259013ef82e60f08deccead165006bd3d9cc	5372
540	8faae0889711e02fae452c523cc0d606c180ef5368d99c370718a5672c9eefd1	5376
541	003db16b2b0b9580e48a710111a0f96dee1c5f695ccf92b7dee01d5146feaf51	5380
542	34db0cf1fa19d520f0ed598cf96dd7f4339a1233a2b23ecb66c875ddc41399c7	5407
543	1d6e8c477842d19548642aba3f5388b4e6eb7f64c7e9d95048a2f596fd680e96	5411
544	ea593d0ecc42e7797c72fca461be516427622eb9688e01f44a5d131071d75cd8	5446
545	2f7145afc8262bc7dcabdba107935a2bf6b1c34576db00c0995d2ac7c20edf75	5451
546	db51a9692400669aec9cb7169bcdbd54e0c2e21aac252554e29269e9ad8ce5de	5456
547	1fc35eff7f8e1de9e5decd06b3ddad01bc7167a6019c0b10aa3d08173bd19b60	5463
548	e4e8470c46771d166954240673f7d8907faed6202ef36bb28c76d3cd521ecc22	5464
549	c649058de867291218e226cb9c68ad2feed7721a185efa36845cd91285928e58	5482
550	3172eafe793352efda513f43546c5220ee958d93d9f005abb5eba7c73f104274	5508
551	76b6f8cac04014aa0e1c4684bdc338406daeb4dce0fef39be47e5d2b0028833f	5520
552	74238a8493347962945e4bfd3287fffc4e70e80a1c951f65304bb5af81b86edb	5539
553	4692cdc60eb8c0a592c3e52fd3e5f1cfbfe9fd2f3a4c2f412db3777ec9284a90	5543
554	f273ea672cccd080f1f0cb416ef1d134f0624dd0dcf181757307be3bcde43a7e	5546
555	47cee5a96f05f162c0e4d082ed334760d3fd58830f2190d0d8d047bc4e1d7bb2	5563
556	546298d493d427dbb25891882dddbbc618184ab2b89ae40e7df50d56660c176e	5568
557	cd7a545da25350924994efea544f839f0d60616b0c1ffc2f0f04bc4b1913b2a1	5581
558	589be101562c2881b71af1faada26b7fd6785efc121d32a4eb7639372c21dea1	5589
559	b86a0b05d56f74acd27f0cc02f9ccd99058b6ebc61b6e285ae6da8a5e45ffc5a	5593
560	d9234cf814cf019796c812fbde9a7040b21f1bfc660eb6979056488fce62dce0	5609
561	7835505c67be3d3e2abdd11b79b5cbaa41b999cce36b8d286d775da22b66042a	5623
562	029e245d6d8da6c28b79f88a20556392034b6ed2189704b34506ccde477802ec	5632
563	9c394a6cc1ace5659ad182421ec0612303b2839373e001536d647235881a16b0	5647
564	a9ca144ebb99f4545695bfa83c699ecbf19a5cb902358a98646fa4c6f62d1dd0	5659
565	1725abe70e9c5e954cb4170308f53ce048fb0bc48c776cd46ac5f55640b1397f	5663
566	8390302a91bf6d731fd4f089bd16de7861284bd85a391f55427465ffd874ed5e	5664
567	b6883c0a39a0d87f8276d9c2a8b3ed56e8b8f950a22500201b87e58b71689665	5672
568	b4b978038beb3f839a922092f7d9c17ec263c3b870d1d68e454bfb5f0da7c6e2	5676
569	01570ebe1e048c67c99165147be43b5ac69d5eef0afa3be062ec2538472d2afa	5689
570	ccfe51406b34fa0f7c1c0b3a2b3133209d26cda4400f7df2f9332def299f06c0	5694
571	92a15f0799a728c36857989f892a6cd1019901dbd0a77cfc91f1b81cc1f5d905	5701
572	cf7a742f7f4a99fef57ecf9dca3b8bf58a4a4b820f26acfbfbf24da6157e02dd	5706
573	428acc91d3402e1a5d87006811b1224cc8d7eb19b53a8fe3aecc03a673f5d918	5720
574	b37d47ec70ff578ab9c29a30ba6ab0e2b2656ab07283bb38e955669609a5d4e7	5726
575	e67fc0acc7c71319b7b28dcb36a21121f1cf9ba6cd20dd5341c55057f37c42f4	5751
576	a64ddbe48ec2fb6a2475b2b086eec302da37e55d684749be062ee346bc7bb372	5752
577	0e7bdbd1fe49d4503c96e5c664a8f2c426cd8c79ebb5dc81b695acb6a8dfdfe9	5768
578	d6c9314a796a081ff92413e65d6dfb532f0b12383658d507534977b32327054d	5775
579	91efe210c26ac3bfd2d6680b12a5cc7aaa7ba143e44fe1e98a0fb2eb88bdfd5f	5777
580	e18c7215f8b6175da01b72bc09b19f871063602947480e4f38baa2a736e11537	5780
581	18cfb2867ceea3ce4adc81029ed6ec959fd53a60fa706e26a7d8fcbe83b30bb7	5786
582	96bf5560e66d0ea9b1dd31f3faa2130fce59e2455fc01764809b9d939a338ec5	5791
583	0a41047915ca947155ca13dcbb3accaef537bf45f788616a265eb4d4f0ceb487	5834
584	1ed183205f0df9c707746c448ab7d1acf77192433565630d65c5fde8d56eac77	5846
585	0f9aa9e3068a9260299943f382760d3e3e73ae7e3793e0e2cac5f09f15b1150a	5852
586	e874f64c22403cf1f131636ec6dd65e0d14a030a5394849c6843d993ef0ef009	5853
587	54d14a90ef7f85fd17bb422d73304ea287e2d63235d35c1453439aa1793a58a2	5860
588	11ed6ec1571939ce7d92ffb115e9e8619afa51ad5df995c583f14c1605780ff1	5874
589	aa90e40bf93ce3e7f6328811c506d9c9d286616110de6ae9515cdba088894038	5880
590	4f02d4e60faac266583b0ef5294ce287a9a8dc3d0dd587d03a1b21029c7eb102	5886
591	5d2f2c4a0a4cffbebfa93a3f49e64ca6590f1a6900f64c5971634131baf658df	5901
592	e13da117ef50400c7157179ce7a3455ec574a9e80afe2ef4b9dbfbc1b8c47408	5903
593	b78d474ed187f89a478f95a4ece83165bc8913bf8f61c6803762c57058cd82de	5912
594	5353c27ee6ea43580bb3d5154f4bf73c4240f39cd1eecefe2b12fe100de2e430	5916
595	0c95cd46d04804b811b74bde92f9f09e2d096a5f62d9969d402a3735616e1e4c	5927
596	d0d3013e60f75932752061ffa838b5a26076762ad5c8840c0a94bc307f84c17f	5934
597	82a9a62db9073e84fc17a90f7268c92a1e7a87a28d294ec0e19b919d977a0928	5944
598	9c2828f8d67bb320a390d5f5345a4bf407db691e374f6390d1b6aa54eadb01cb	5957
599	ccc3e134c422ed8927cbd84326b50b0fb4cb5d2153157e29efff7afe8392f9f2	5970
600	837f7ec359f3e5a72692c8f5a6d08334f94609f054ba0ef372aa20f59e54526b	5971
601	9e2f2e471e9c089a62a5b18820061dcccbdc93b295c88df6812f8d881170ab38	5975
602	2ce7ded7c7d303f1ff200ca345c9b8827e15ee84f730213aa3cc8a4b6d2bea47	5977
603	3bb825307e86ec362995ef0002f3596b7cd80abc656e2d425413c95a98327f7f	5993
604	bd62e020044bc7e4a75995f8374bcd03ec2ca9a1dca1118676d3aa22054f6518	6001
605	6ce5142d6a444e18e662b33026ca072dff89fd3d89c6b29dbb1c4c3796f7b2bf	6004
606	6bed63d905f439b1c5fc4fefe40525ad5a96c72b8d2d555b24e48cf3976965bb	6007
607	fe133c28e7c3b16c18927795b6601316066178a5da71b9cd9e18474ddd013b8c	6012
608	508015b4bdda95031bf72a3b1f2d5190d6dd4c1e415f5b1e532c6872f597cad5	6015
609	771f3aac72a189909fe34edde215aaf65a8ebce8424cf86a23da4176b209687f	6025
610	c4655ffbcfc64f9a495ab0a314408fbaf42b8bd3f9964e602d9353e9ac791a73	6026
611	e548319918fb919bf918249b5c4a0a6f52a0b2948513d85d12452618eda7b9fd	6047
612	597b7c2b6a11dab383ef44a25d7b833278a1a53955dbb84995d99683248339de	6069
613	cc8bc0793f36ef2370c250ce21388d9ab3cb174ffd4c949fb10f1b1c1cd8ceb3	6080
614	2d0812deeeb3735050a0a924a1451d1a7dd80d52a84c8faba1e4a8cb87244a60	6082
615	82472da083cc7254e0487ce58095f39b8cf6722144396b25dfafc11ce67950f4	6086
616	533d9776bf215886074fe2705ab859246bfa8d60cbeead86f7b8bf7220af9392	6088
617	51701598de3cf2ebb2348d539f0dcb0ec44cce62c577292067fd4c0d66a9b8b4	6097
618	64ca08728f0e0fd97accdf0fcae460c00714b3060458504f5be193bb16a6ab24	6118
619	67132baa10da54abdba6c82f05eee92a2e31d05843f6b752958a818f72723c37	6131
620	3ac12c7bf9538927c79c9318fed1a5bd32ccabb688eac640db65dd3c6f0efd4d	6134
621	e03e08eefd109fdd048d5c9708c0e2feffbb7d60b5d898a4f1b27bc29bb83673	6137
622	ac79e48040b2a6c11fa096f00c34d9ed47e4e01fabaeb351f30ee2eaff55cf02	6148
623	7e002505e19337dfcfe6e6320673d9f58a9e1a47ddd1e9d03d3a2e17baac3f73	6174
624	d2bb3a07925fdf8c266f151738d7f89df6f548f37fcd31980c45a68ebbb180ca	6181
625	fb2f275798b79e4fe1519e740ddc6f2d8a3d592a6043acbc7808f58b07d372fa	6193
626	a4ccec1ef3b976e7910442b7bc2a4b31ed07cec23af0d3583a6e9a4aff9a7672	6198
627	698e73df5b35e9ec00939dbdfc58fba73e68d64925fe31a1322b8b9b51612ed2	6222
628	492f3e0a01e974de9fa1672cb7c85b49d4e1c5c88b9c3f8f9f62db764c6a5d57	6237
629	a41ae656b92897e1e62d7b89a01ef6a70b7e737a9faef4243f6bcced2e543158	6245
630	4e2bf778a45f114639f908f7a31a62c751d37f3960ce190064cbe85ae233047f	6250
631	789467cae2ad8da093a4b5e84c2959f7b01a229f9a78d434272ddb129bb8cee9	6259
632	4852b8ff6c1041d7312f1186301f37cee313aaa89189c6fed2f315f433adb831	6272
633	200c95eec48db2d6bbf506f4b90823785d446afcb4741e0c644cee38a7d47ff4	6294
634	9baea6d0e26180c4e6b3e27bd68ca958f49eb3ae393cdad2214c21571ac77198	6299
635	8fa0fd0603beed1e35de6670c45787d8c6bd9dec6732102df14ae01bf4965ff8	6303
636	8e1e7c457cda2a75898ab302884ee692ff6699dd78cee8568cb77849d1b3c5c3	6324
637	8e8605849c1c587fb112744085354e5ca17ddb6d49f75bc84d0431259f47f0db	6340
638	69cdc3a84ca6fa61310fb6259b1466bf5a9291e35ecfd5227acab0ddb658fb68	6343
639	ed275b1cf2ba9bb2e7199b56caae772f3d91ee80a45d4e501aad85e08d4c0649	6350
640	687f05150c5f3082b86e3fb40a85d160b8ff74c2b29c9b425a38a82c9271083a	6356
641	5e221b096be1891c5e5af424cbe98a9402404e56c26922bd57773fb83370f838	6364
642	c03520d90c6bee05c869104ed33d2632380b0ce63dd6d2bd3e36783562d95f3d	6369
643	c9bd334c0821801fdb89dc4cb0132197eb6b71847abcc4025b68c45fc45212e8	6373
644	36ea9038d16573cdd13f1e9b230ddf04e5d985974734091bbe4f800aecefddcd	6376
645	2d239845566bf70e54ad3a231744d03ab15e3e20437a7218bc845460ee204970	6385
646	17df4e2accc10218d98cb457c55d677799782f275d355971b15c2b5b08700727	6388
647	d11e038a36a4fceec42a9295200af1597d1a529fbf61c080fe07bbe6d9966a6b	6391
648	f5faacc758dcd9b7aa3cc7ab9f921c93437e9cf7a8334187927ae995cc2291bb	6409
649	8ee7a996b9d47937d24582ad1dbab2af908f03627ec2e1605acc1738f2567c88	6414
650	9cf2ef3a7600446afc106c82ac0c251646ce9e502b4fc57cd1fe7a660a5f626a	6435
651	5c3b8bda95c420210be5f0e1a51bffc8def49126f0ed8f1e68ce74c2056739ba	6444
652	219ee35e97fa715034781031f787c45891ba49b251beb9256d3ac880506949eb	6455
653	38680b2ea809ed198bafe8b642e88e8934044f0e1e3c7d8f803c0b51881469cc	6470
654	a3b769fa669f0fdac1da033b065fd3df46846014373bf9c46b291b143d5719a2	6471
655	7bd361444685a7f856c92141cca2cb3ccc1ee4d483c232b7f6514750e60fe282	6472
656	0545eeafd23c60507729cc9e3950946866e07c8d87f948a0dfcace9b033e42b7	6477
657	8fa9d3eefe071ad5f01f1f8d8b85188e0c2130daaf35cdb92b3be9e5eef68673	6478
658	75e82f6f23ae91b095d2d307a9d027db85c534128e09a3e23fc3d4157b2a3286	6485
659	9f94401bd0fafccdeb92cea870eab3ea53c04ca375184c600fa419624599c3c5	6489
660	1fc4fde5023cc2e66b0b31f6947d3c366b7a58903c4ac0e6c6023ed15d71b39f	6508
661	13c95cbe0a7d0637b26cb4d13d2f925b2dbb2da6ba71d99ee82e85d8a6510a04	6513
662	3da11b0c40871a984920df11fc15dc739c95cdce279175c29e874e9f11ec512c	6515
663	6a1098e51bbdc45ce291761f45725b00c57c57fe8f7faec03e64a3f404a5aee0	6532
664	d2df308ce8f7e34a9840da33830e46f886b82a076fa01356db38e737167ce00a	6575
665	6b7d42aa358a4288c960afc1c973dd722f1e1790b4d5a5da01753a177d01be56	6581
666	f7b92be594c0e0d783908e6d393b73c80883cac723213d3036b1af49fc875565	6586
667	41a85c43a91e2c866b3672ec1c635ce2422ddfb5ae0ceefdb2f3e5899378a098	6589
668	29494ab2d0d413890fa158358f74b7bcab84137f19f6ab1782632cac6bdd60a4	6616
669	92e387efe94c1f8ea1e42e119fba200a9ada69de0afb0be2b219e79c4b1ae396	6618
670	bebbee09765568a8dcb998a43dc17f5ead35a87aa1e7159fc9127292ac802f40	6637
671	c6d9278b98594704f41f8b81df2b8b2b53c1b68ab63ebbe3121b64d9f9ed794f	6640
672	fb3df189768892ca5b2063655ec6a385155431c6e5c68e9ccea622cbc07fa017	6643
673	86e10263f77d774a2779919a4d30c70e8e640f55f11c42c5c7b0a68266c872ee	6669
674	36258ec79e0b42db8fa353b699c93dd0468d8a84873d5cc710d731bda26ff86c	6680
675	5225dcaefb2dbd910eee20b3abb6538cd6b085aec6ba088b624d18b8b6b056d7	6695
676	7530f3834e625691bfb01ebdd8d25b8f2cc577adeaf9e9261c2a5bc9fe096568	6697
677	a64b4babecb17eb90ab2ce940e60206174f5a6aaaf2d34ac3cfe524cb3116e12	6703
678	ab9ef754567827bf2ed8c4ad37af316c73b740bc9f451a4473eb1e9f198e8f8b	6707
679	b131f1d2631fb2bf647d06bc336047e42c72e113f3eeb3daee636d1d363096dc	6710
680	95c14d9771950bb59403da541df5f82add8d1fc5c77d51cfcce7d3f37bb5d6c3	6718
681	248c00f6fc41dfc3ae52d2f698881cd51e6890623f7683c7199ddee26fe02da2	6723
682	186c64e0cb52de1e1ba6beeb562d6cf7accc1e0522f177962e2d6eb714dbcf22	6730
683	ef09646233c4c2a3c1fff87bc6befc5afad8d512ce196f740a89e6bdbb7ac79e	6743
684	1eddc4440756fff29e936105c28d1bbcc9ebb631dd35ebb2232b7e4b07992e14	6757
685	d70379f0b06f55fecb5688f21004360aa4e4d8cbc4f6d5a88b815ec07c2c8e6d	6763
686	c0f836019c5b7f205f8674b9934a97ed04c07a2759f807003b7d12102d8f10c8	6766
687	b279412a036d47699d79d22a2d9f2aeb618eca32f567d1d941cd35863e8899ce	6787
688	e59c89df2cd5d3b9e37f70d103b4f7eecb82ea44b1423c50a8e2a44765f99565	6788
689	a3dbb188c3e3935f820a62510f3613da5f6c105c197c872fc1ba35fb99a1047a	6815
690	10aa57fbed8cd64c3af5148bb068524aefa7e936a8e8cf8e4dd8510d46e07793	6817
691	9da8ba0d6772d0b0393d9dd3885cbc008b125b206864c4b3cb8ea46b0e46264f	6819
692	e96f287811758bf72e6200d509abe80a02e0ce428b1c1cb59fe562e5f939ecc2	6833
693	dab675917af2eeacc6f4a7ea076ceff2109d7008551076e157397a86bebe6551	6839
694	f3697b3a868b13d2730c5ad326846288a077f997a02470857e588820bab594d1	6840
695	0522cbd25dfaaa5757147db438a64fda3005db315f19443537dc998757d7c095	6858
696	a0b0b98e77e28542de7d9688efc26493e9a4ac137acc011ad3b4a95aa9a472eb	6862
697	2b6f4bda89fa9e43ce1589696fea488c92e3de8d261342e6bf9d7992476c0ca2	6867
698	baf6cace215b5fd640a5a9c0bc6fba5fdc69746642655fa572f86f4fd3b17c52	6876
699	7efe40b14e8a2e0f10dde02f6771bf0bad74e9fcceed3e3567a0c89d22c9aaa6	6885
700	c7cb718d44b361790ae6fd9eb4e547ba60e166fb3d1f15f556963b8b4e1eaa54	6887
701	10312ef9837e37d7b37bf98b8dd02bb4a026652803df480f27ccc09414a1a7fc	6895
702	cc3b20b3339383df9988065f5538c4f90c21ba02128a981dcb9a5199a378cc15	6896
703	0ff06d40308ed0380e25b782cd667bc32c6c231e378d01b0f1db7863f262119e	6898
704	853082eb2371a27b66116b2bcc9335bea9834401f675414828c78915c5daf15b	6906
705	5a8a46753ba87260bd7fc7757525abaacb753ec2fc9d42f04166068e3e37475f	6915
706	4fabe303cc6c73e01afba60f269283d54725c2f3dea7aa0c39abaa435025bc70	6929
707	21106b25b0323877def3cce09177c451593940f9553367ed100304cb7a5beb54	6939
708	befe28a354d029c8f862cc8f18e29b14392bde8523ab699b0bf258f0dfe58fe6	6947
709	cf4f789661724da6ce70b9eb4004814cf5ccdc6e55ad3416735656f0264be8c2	6948
710	b4738775084ff7f580a7ae976b113d937f8e6a717145e8a1adcdfca15addd9e4	6955
711	517009c2ef915ea4982fdc9e41fa1956a87065a81bcc1713f889f74c0f7a7a2b	6962
712	1e0aa78aac6a31a9406a0849d8b46f5afd26b65685c287b5254863c7929992b3	6966
713	ed8d345a7812b2ff17443beec1e84083314a68c0e740e8294f33ab4a26874967	6969
714	2edce97674cb0f4c09558776f6f59754056ff9dc515a6d2bd7a464ccea87394c	6986
715	c0d392efcf7075f24dddbf42cbf49ab6080749352f3e17e18ed94c94c57800d2	6992
716	0508cb2599599bab4e09ced0d9bd7353201e669e1ecd138835c36af34721bde7	6999
717	90e7af3b1d0105baab04e9ea228e4375370b1328a8b62082c71d9b561ace4ec9	7034
718	8e6273efb8bc102d3fc0c762c8018b779dd1017252d7db2b2fa46cf8aa4f42a3	7035
719	a5917e1ac42d339ba15df06c712a718e8fedadd3e8829bd9c9edf4d343889d8b	7050
720	ae21bdaeb6a7460639bfa76ebeb405ff5d7020b738b49ecde14085a635808c1c	7056
721	bfdbd34e7c8c98093ba9143ca09808f569c7bcb723380ff3a6e51557c8070dd3	7059
722	0a7d0dcba5711b8da9e716cbfe7dffb737a7a5bc5ccd6cf397f7c85161fafbbc	7068
723	25a5acd36f40770fff75b7976b44942de6562dd3d762fad600f3dbfaa716b5e9	7077
724	4b21c275f8c33d8eb67b2e97157fcfde21ee367ba38eeed74cf8ba3cae84848b	7086
725	d5ccb6d1fabac2abbd19c51cc1a43755f540e52f8bb3686eae88784721ca7930	7091
726	28943b1ba05f6c70f54e6bd25f1a8288bb1005aa873e961e46838f1d4889b889	7096
727	73977c34007669baacf66323138d7425b9ddd8ab584993e83ce1d45df683f3ff	7115
728	b865f380d68be757e53c39770834aee25c6bdb2c805c87d31bbd709f845201f7	7127
729	8ff9a32c5a76fa868e1f2f25d316a6c53f7b009ca0123caa7841d13d74948c35	7135
730	09824814ebf18ebd25194a041a0693b82d755ccb01d76b1ef2631a46451dc0bf	7143
731	fea16ca8d614d75437ba3e4130d2844275ce1e42dd4a16673431de3aa5197436	7157
732	8142bb26da94f398b3a89e63ca910e28436d8a7a41d38c1b55506d3a17909296	7160
733	8dfac2ed27c6a9b5bc0facc82f878a62608068dc9dc6cb76dcc0f096c49229d2	7180
734	b06f7937d3afffdde478478506b11aa848b68c51ab820fbcfc3ded40a8c8ca4f	7184
735	8fa3ae8e656b7395f946d8fb0ed85d6f142407271e0d72b9a3ee13fe5ec58c2e	7194
736	54fb2ab9da69910bd8d6bb9dc6eef318d772c85ecebbe303d485053f8eb9df0c	7234
737	8b8088262de8973d8ec3d55c9d67865ba922ab743f50a061eaaa5a40b95f28d1	7238
738	725335c7e54e318048f960112ed4e2bb7d44e7d9ca2455a5efc7d3fdf2feb020	7254
739	cdcfbde746e23a12b401e469471a635b0d3129d13f57ed5a052e6f5fb3db7de1	7265
740	9084f0a604c16d2be3448caadfb8351be3560aa070bc645284ca9ba3e7d6a46d	7319
741	854a316f71a88cd6d406b6d46e12007b43ac3339f600ee65f89fc4562592ea8e	7320
742	405ab65c4b2a547d83e0d30365f62fd65ad8096ec4aa79588bb33e87bf8e77ce	7324
743	312edca26695f14bc0cecff43d738e43f6fa01d23771c97bd35b25cedf94cb86	7328
744	697f802800e1c2707c665f180bc9088784058e8abd79ff1cab39c480f97cb37d	7337
745	d1d1f485fc5c5dc2aa6ca84f2bf7d05a5e3dead61e0bcc586b3bdffe3e38b9d0	7338
746	34147ae8bf6e6909259b8e22ba5f77425954622859367019ade94bd88103926d	7342
747	183db1412aaa9c9c20aedbf11305bd943070938982a54d569ba3654e7d9900ee	7359
748	764c5f6124f37b047d3787cd48656d3774c861ea5366c8e110df51ce1b8242c2	7379
749	f93c22620005df4fb133e385b0909e0ee7524c86a266cdabe2dcf135cb9de0b4	7383
750	ee4d5947d5ee07045a89004f740025c5934f35fd58645c81ba7cefd45fba2ed8	7403
751	8bb3ad95b9dd2da5430177af73ef1f73fbdcbc7140e2ea32a8b8bb0d822e9ac0	7411
752	65e25060fbe63d9f37108ede75f9d66b078a142e3aac475c7ade6959bce65565	7425
753	e845f714f51d8630192a8f91f985c45feace7310b5729fa92658e96b5f4d8656	7443
754	1b3a06ab28085a23f3fcc56af908470816f4ff8aeb2221b6ff27fcb526296eb9	7445
755	18d081dbabc9de9219e51eb188963f7adb5ecbde785d1a0e5393aedd0ca6b249	7454
756	088f2dc5b6841c73f644400f77b4c07d3eb4d4504090d76330c5a236f089624e	7462
757	a0cccc464f55d55646af0a4739101cdace1146668aa9b14db03d5e3bf89f7746	7482
758	df78dba9c0e47f0641443d995eacddf81040b39462a8f75b4659867cdf5cccfa	7483
759	45cbbfce97d5f6e434c50274f1686058cbfdc2a244dee929887be2eeaa254d18	7495
760	010aa233eca33fe4d79542f91e8cc37f9813a7e27e5074762a2ad61800f950a3	7522
761	e3a6ff5b00872af6cef96b3091d05c9a4ef548ad64369eb68ca8b6ae7cd850de	7531
762	2be55e39c8c453a278372528f38a40a1a822a386be999765e590bf586dd22e6a	7532
763	16c2c50cf22e01e0d87ca20b634d566d689105c0079c64c97ed927337657325c	7534
764	139d0eeec68f31790adc5e52477978634855d0a3cfbe1b1d15e0147fb4ee40b3	7541
765	85f6c7df06f402ab3e4764e8ece6b4dfb706b665ae090188d05499048d00f112	7542
766	581e71a13da6ee2fcd1d1d7401f84eeca3173749fd8ad8573e4278725560e77e	7552
767	35e17833703dbdc42d603b25ef624356e719bfc56841f846c3f220966b53a421	7561
768	c77de05b5717ac59af979c7865c7c7f395b916b254abe64ab08275a45d77383e	7579
769	abe096567cdbb86fd0a5cf106ab58785fd4113155881051756e839b17f2bd23a	7587
770	5ab7b399e6922f91109c66d5342f0c7c1d82a863e5559b3cf2b8c773390be0a2	7596
771	2846ee642a795e497f38c89b06d918d2b74cf4c9f7b492413aa4484aa015782d	7609
772	819407aa9d51b15666e25f3f917ff43de59ff41287c86819e1731e71fee9744d	7617
773	9be4f017bbd92133af4aa2980c04957dcdbe9d05238532593d95b4353d278d5c	7625
774	893e63ac62faea4388cb1d202cced885c8f22960035e024f5294af8162c1cc0c	7629
775	735c3155d3debe20b8783c1fcce34fdc4fe186e6b402e2eda9c38806b0b82cd1	7639
776	2c8541e4283204e4e095a659ef26ebff7f7a52bbfdfbe0d088542e3d52c1560b	7644
777	5d250e18babcf43b62bf4707f9dcf59014023b22f05183947700269db5009ae4	7648
778	c1a340060816e0ec2a8836037b772f5b2f57a1a67cc72383f64768530c2a66f6	7649
779	f11a7b0285de233ea83657aeb198e370e6feb96a904c207c2ed9307060497482	7653
780	00d4944b018cda6ca6d916b0af2f9a7450bea613a2b43a1cc0570cdcc9dc03c8	7655
781	1a1b840b9919ee2e5fb14bc84ffde7606097316d997c8c717479a924aa9007ca	7658
782	3f3e9d7e1dea2e39a27fcd4993f883fa6447f68da961fde8eb122151e5458126	7666
783	7dadd51d9730472b1c7a19deeec9873c9e8e056436bb5fd46a9f752e02c49257	7667
784	2d70d24611012f14e8c5cbddac4ccf80bd5858906e594e101b2984140d035017	7670
785	f7876b95f984631c347cfe8ee63b26f61783713710b446580515f20ca0caa210	7674
786	b0fb0e491305454434b5edb2d8fdafc5289d48302be905be34581bbe3e804b76	7678
787	9bbc938c32aa9e759d58128147b4298628c5774568a4b144b3b97403cdd566cf	7687
788	8ca4833626287de35ef4ad9ae6f9611767ebf108a195299d88faac215829f601	7699
789	ef49a113f966fda51c807a20bc9bd86a195298c52a093c0e5537c328df44aea7	7710
790	a66d91088ac60c8971ebe9dc96bec71bee8efe75d46637eaaa8076ad7a176209	7719
791	c9d468bd95999ecde03cfd512f44d9d84a5626e0e7cfd84642100b87a2250b52	7728
792	62502f91b8c00295cdddcf55e3bed651da1a2e88cbddb315f5cd4c4c4de043de	7736
793	3f7678ec1a420bd49f696d55e62de625e1f148280e23d6a1b25df5050654a391	7753
794	57cfd041a681315f2776510e4593b11f101d2aa279b9558c1158aa2dfb868871	7755
795	e9db0fa11e4f851cf1da33ac41ce7c18b64c97107d61576a6251de24754cafd0	7759
796	9cf1bfde27722eb007725181bc986075df7210e541559469fc8405a48a155b94	7760
797	cf369020b0e444038863f3459f31d31e77a9e5da8a4253a856fb4152666682ea	7782
798	660a5f29531cb4261642e68d242067b217cb26900548381d643af7bea3e2af06	7785
799	da59a5927aa49ea3ec7b3ddb35538756739274a70de5b8da1982175ecdc7d8f2	7791
800	2975fe9a6659c0de4c287c26ad46cebcc7600897fb40fe4bd6cb4f2d0c0127c3	7805
801	35a1796fc30b6b06816c3fb11b318b5ed925c6856dc6e30fbf56c4b81dbddbfa	7812
802	2e85e55d9547b84656922fa6c35894df70a5744b804ba660eeb55019d76951b5	7827
803	976a248885e7f84d82e1d6a0005f88ae7e0bb608b1fc8cbf457a92a23f89276d	7831
804	91034d2a95d822580e54feca57bda47c382081b5d92265160ecfcb873e0f58f4	7836
805	311fd904c7cd81d88316658175fb86e35457d3f11637a9152f63f828ad16a8f1	7838
806	d7cc376c9a5207f62615912023500a860ad55f2371015924dae2d3dc3716a35b	7860
807	e073cc372c270a6498357896d515bc0d25867ead29ebae12de8dbdf348303d18	7866
808	034a9ddeea4e7eb439a3f5042d35036f695325a5e8e0e8ffdd8c27a942c5ad2c	7887
809	f3b7642220cee6bbf1de7b7d82f0291217e494847b1e17891558079fcca0b569	7895
810	7ab4b4d6cb0924b3a78dbc5f2acd512ca7e4a01e2457e7c8d12c16d8c034603d	7896
811	6148713f7da6c1c5d6b08146617db93a3e8486086d029f5875f942553478d272	7910
812	53074cabf1e76453f4cb055da717c2f98937520c0cd66d3ba885686f69cfc11f	7915
813	692f5776922ea157e392c88d54e75ec40fc2fce541d8389aa0de144c734af42d	7921
814	0a8a2e7a4e5f7c72b0816302331bed8af47d176a43dd1b6234cbeae27a9aa9dd	7935
815	59dcb13e16b72660ec6054cb5b58c92aebc39384085b429107d283b136204882	7937
816	cd4ea254ba3df746ca3ddf65847a72eaecaad30c692d2eae4903fb14f6eaf294	7959
817	1a6a55ca3e9934f1a3bac98cbed766d08cc19550bdcc3bacbb9a78ac68d644f1	7970
818	7dd6be602255575dc534075da66e55a70756ed91fa989ce46318377e2b87d69b	7984
819	ae070a69f6b7cd93a2b229a2e1e7a96aacdea7288fd9d9c18376d0c1e8e88d6d	7985
820	cf0ed2ff57f4f131a235f876c5914cb5b047daef1cb82117ece3275f4eb3c544	7998
821	219d464d4242acf29eaaf3c836ca31d46af19465b0550c56af6deda6ace8a7e5	7999
822	b0d4389587c62bf15b4bdc5011949d9c4adfb755b185d74b97a0a543a38201e7	8020
823	c4ec1d5ad8eb69071a7a4c84368e137a3bc080164269d46006606b822b89c065	8021
824	09d65682a5183c7fdf4a5621cc844d9d13332e7e6a42c68dd1823fd80ab78392	8025
825	f91cf227a21f80aec08efb94c079ab9717e71c9a5dbb8d8bf21dbdd1dc0d8e0c	8032
826	0a93b5f4f5b39cd6885ff9bff614339c26a9b11459f6418279eba813502644de	8034
827	4b51e8267cb90e4e27d64161510178bc0571066a5c33ba9a48e6e3f1a2336641	8035
828	6c6dfd72766c04d827c2e10a9e8000ca6315d0db2432bad5f298e0586f0657c8	8039
829	5ab3f5ddf4c3715770f2dd3c7ac6947d6d9b135ed31f9c12465b538d16352595	8051
830	915d4cfdfeb444d637743f9a13777d305922c32cb05504570154a60533f268f6	8066
831	bdec9b36ea85e27ccc50ba94909b92fe27aea46b11091ab8c2fe3ac33b581a56	8071
832	c6649bc9f42a4e37f72e001d35cc4174d4053cc68c12cf885e82a21ac95357fb	8074
833	49367f04b4412aba1ff80e7e28fb25ab6f302e5b2e3552ff3f21d3efe79761e0	8094
834	34f607d4694b69895ede37447a4b990c42d9fd8e9f91656ff58f5798f7885060	8106
835	e609fc2ffb2f1f037d8247477a415059333fb1619759a7d29b5824d6f4f4e636	8116
836	aeb92a9c722f07290df45f3967e06c87b8eba7da95578b72d6e23c5094fe007e	8119
837	d0d2ccf286684c9f1af583a00245ad21cb851eb13dad9a6250ad80ed8b342aa8	8132
838	432fbd7c6320897c2f731f9f38858c8cdfb3318a83f696c0f4f8de4b92576369	8133
839	02c213533ffd450d49e1fca20909895d7635fb01eb55723cbed16e57ff915d63	8144
840	95c4486bb602a55182d7632bdeb81367d477ad6dde1e3e8f267b9e9cabd9f0ee	8152
841	a123289bb5868ffc69ed954151d25e157763f8f037924fe0d68851081ed371f0	8161
842	7030a04274ff114d1e37101d5ea84c43b39c8fcaecbbf5cda89d408690f5bd40	8191
843	36505780221255500c92311b811785951c5ace0daa51c6646455388a0a1de507	8194
844	6e520f5956a33bc40aef3385450c80cb80de517cda9309e3d147305bac2c4ff8	8204
845	57c1d9e79d78da1bdc02ac5074c437eb6c989b45c520c1125a8e9159dde73bfc	8208
846	990e3a6060a196dd548a411ddbdb4e4a30d2f0476a394225cdb135415f581888	8211
847	be4325784b5825f5b6aed94e0882d2cf75ed8eb71e7a75d291256a2ea330e23c	8219
848	44cb5af6093a994ea7a54e6a5856a5ed1a8e99a224fd0e8a6920a5a3c9f2048c	8229
849	c0661d3245c0fe1f9ebebf722f4603780a24ee614c0845d849d8ac2070debf4a	8231
850	6826f0b113a028c97667ff05f23e311e4016812378c026acd8241c3b02f0273c	8234
851	f8a62b2d357a87e0cbdf7e80a7cf30a2af6ed0f8e80999aedaa47275471e246e	8235
852	9d629cdaa8c089ec3c587cfc9055e180119f516ab1bb63f2f5d156fcf4c303a1	8247
853	064299fcbd37b2b00ee1cae803f65f616fb3f930c3506375d8395e811c36021b	8250
854	a3fd96fe3e661137eff81dce5f1f4917cf434f903b0d7e890bebeb24736eb4eb	8258
855	6e51da76c602780459554e8bcf9f51a6e82f5307d2d53ab193ee5a4f436cdd83	8269
856	a41798f7d3eeb2c500948e0659ecbb8bca3efed984de503be06165fdbd876617	8271
857	c440efbc54f6ba30eae93412dacb4b409a34dda6b7aba9dad43502d4da9a6468	8273
858	90a02842b4f2842f0f69b3c81fd384b818d5fd94dbd631b819c0bede4efab4c4	8277
859	f676354f8fe9944f34db37a18ddad4febf412173ecf1eb02d4cde454214477cb	8280
860	6b8ac003c22c7978e9ec28039619c6e293bae4e18e065dceabd964f8509aed7e	8298
861	f22c449338e6412a775676d134d252898b89c4a0f4bed9e10477818434341f63	8305
862	7296f997cbffc969cc52e7a7fe4230862caf3ad09b69ef1d243ac5ce26a7499c	8307
863	3a947711ccb9fa79116bff223a5af33606b0d6ece354a5951451886195c2ee8e	8312
864	4e08c19866fc9a06e7ec1df821b6fae3a56452fbee91a62f94b2e62f02afea7e	8338
865	8e2abc82f470d85b754f490fc05f2ff32400df20c97c7b6924f861317d158626	8342
866	c54ea06c8f7ad0b62424c4ed8a68bded061dab0f69c31bc94fa69f09e6cfc43f	8347
867	8e9efafaca0670f0cf72b7ea1cc065c90a3117d6561ae162fd71199f34168faf	8348
868	f3c43daa06b3eebc1d87528f55bbb4e27c85589677518e098a84a30e6fb24921	8349
869	eba1b00044b6d44917c5a314c9deb4fcb923f7b1b5434338376bc94c8a79812f	8354
870	ca42f40730907eab5dd6846769426d83baa3f96596c74041c8be01b806ad5459	8373
871	6e0a04502b7138e8e817843647b8c9424856a120ab20b714dde0962d398178bb	8392
872	9a3ebb4339c41e8eb2f8f4b0ac5a60483734baa0956ae9a10251a8cc220dccd6	8399
873	97251ee7501a6d645362e6933398424ca47f303a8b4136333d09cd28aa218a09	8415
874	067bcb8d5d09aef44bc402a857ab410698bc2665aa033e8528e0594431e23097	8420
875	b164efffc8c9c1ad803108245a3b60070a6c2630148a6217e7eb70c128e92892	8422
876	82d94930c979178be46ad6678f94a8d3530cd9a040960f242c3fac3ec365c864	8446
877	e4e1d9a8750362e62d0e4b4373ee613e961962d48d5a7bdbed6a402bb41ecf53	8447
878	afaba73916ccefc1587488b275e770358d2105684064ebf693d4f697e31b7c28	8464
879	80e73c5fb21a15205466b8d69c39a01ce965983caf035b6394dd649a5296d450	8478
880	8966d491e3f91fbcd30d850d7cea34c41ac97bc03e8f191c9c9121a8da502eb7	8496
881	f30b424918d687f871b42be711ca229ca28f2d4229949097af4094dae5c4d12d	8499
882	a470bd3eb8d3996099d4077986fe80337676fa95b1736d30a742ebf012da0d18	8511
883	78144a40fcedbf8b91e0690b0a264763ddae6b6fc398150118ee813c4b81a680	8528
884	aaa31a76aaa62f11cbda4469fb57bdb88d6bc618d686b68d5bfde11fb3349e36	8545
885	4c9aa2725a78ab4900b9cae0b6cf3b0ced2e3375c4ca0dbec5cbf6452f89852d	8548
886	3a50049282fa82415c49f2abc86a64400d86792925c1c82ba2f781214c94da1d	8555
887	dcea5ab0d7c977dc494adcfd67f51c7ae537019c7c592ff3dd8988c1bd3ee3b7	8560
888	0eac492d7f6abefe786cd8023079ae9321e6d995a1a15571708ef67dc600cbe3	8577
889	5e830aa4f9a6f844962abe59489d8b2b2ca8b93647fd47013bc002cb26607a92	8586
890	ae1dec9f6a3ac0086034b2969323b20cd597f7bdd06b5939d1dfaf96e644c54e	8587
891	3fdfd4dba40ecebe5fa99457d1551a8931d631da9652cb8db52caec579ce1a17	8588
892	2af2ce0a0bdaea0a1ec1dce61f881d4e2e10dcbcdda75e60eea72811dd44eff1	8595
893	3bcdbba32be917acec0eaa21321a7fbce91888dbd1fa4bef67f6e3a1ac1ef910	8604
894	38d74b250a0e7d43219d6b419b86edaaf304b4d147b2dcd0a0da0777b8f8deab	8611
895	7d1c3568ad736ab6f30ae8fda3adde275b986b710712de628663f8a120794514	8615
896	db7968f15b44c581d9947a5ed7a1d451918135b950aff5effdd2ca05962d427f	8632
897	c8c7fab853801c99c1664b48d3e0985109855a3caec7e7841973d9474e9df208	8633
898	46d92f392a7c40652e9407013f029a18e94ce69893394aafa8f189874e8c4455	8639
899	9cdc9e04035af5e9a322ed8269837b585e2c6cad45fd0532723a9a3ffa7fff8f	8648
900	18b0f67ef831a6eb596a8269032997de3ba5283d7a51627a762d5a18c56d315d	8655
901	07d8acb776d386b49d6bb36f39139c4302f6cb72e786edb2fe3de221e1187706	8658
902	b4c0065663cad6d90896b76677122e9c7eb8663aaba42dc03fdf2fe37dee60e0	8659
903	e114503379aa4be5fe4466690a88705c7e5cbfcd728f34adef020367dc33d6ce	8660
904	c7e37d807f6d23f01168e58a35bcdcde0963fe8db210952f29c2244641471536	8663
905	1cd3542c00c1feca62085aa92ea548677c77210cfe54555cc31c5d4a48394502	8667
906	2a93c80e2afaa03a49f50c252f834dc68f917f595ebcdaf39536a8174faf8f31	8676
907	7d4e6fef6e6a1032fd5a9108c1ba6f24ac6181df9591b72836e5dc82313ede4b	8686
908	bab2d62e36e5af1c9a9e4f5318ca06a6df293b050a01cb6299066dd3631f6dc2	8697
909	55390aa90d32d96f626d2d9dfb94be167d1cfda6a9585812cb3cae4a6f7078ba	8712
910	c4657041e9b8c6262e9757a7e195d02d2a53430f2b804ae17b8aead22d7a5153	8736
911	9ca27db1e9233b8da41ffa2e9308265c8b28edb6b4c79bc26e2de3cf50dc7f4d	8737
912	5649d3c4a76f184de74995e3acbf3d6608dad4dbe031c80cf12ce30cedf5ff2b	8768
913	4485654ff617c38e841a0dd189e22b662af208c057e5758d9fc0afca3f6f8c8b	8775
914	76b1c60486ba8d9a6c04a1b84b97aa2e384366355998bb4f21c48ff44615d7d4	8785
915	2e80c2f479527075bdb7cf9113a715bcd9ab1b5d34b09ac748366fda3bd08eb6	8798
916	03a70277a3b44e2ff051bad9fb55b867664c25da316fbad2a069d3e742ea7a6f	8799
917	df1588005a12a70921fe36b5829712a9cdcba3dbd88b02a9ab116fd10144ac9b	8805
918	603e0799728823b9c9c6ee17a3703ea240a4eab902e51b201b54125f9d7e7b4c	8809
919	d6ab423e0897e479561e07748c58a5d3141dbb7a79131ea44aefae8e867afbf8	8816
920	d5f1910eb5d9a7f336cc54bf8fd35b68e1ff9078e954f337296df46b54554056	8822
921	d9270f103acab8ebbbdd0b3e0bb0ce837babd6e49528fa735b629398e2bf1eb9	8826
922	ce2322fe3858db9a3a9143979edd4dba7308ee8ed06552bd89391df2835a5c3d	8856
923	286543143469dbd267d971d9ca0f4e271bf89d9a348708b1a5062f3e04763330	8871
924	deed3bd50dcc0001a01a1edb4fdc4308a22e1ae35816e4859297998bd2b5fc54	8873
925	7fb3f8880dfd4337a49e3650f3037ecb1258a51e72fa74fb714a9a2754e4c27b	8877
926	2a98d5ba04da2843059900194af55d3cf8207887763999f2f36d2cae1024c43c	8880
927	478b0ccae78695b57fdb79a069a4e35e89f4bf55ed5c46546fddce0989c2f5c5	8884
928	444a594ebb9eb6bcab4b7f4c97ce3421e8e9c1573ef6cb0e94a25fa7a43e172c	8898
929	ca7e8732947b1abfc5ee97d78558b3a98a69976729f731536103d9b3e3e812e0	8914
930	4113baaba2483368ebef21bae4608a4c0c2aea47216937fecea7cb532cafb22f	8916
931	29b449a3edaa4f9f51cbcf909622d906f970910462bfa04c5aa1bb5b2951ef1a	8917
932	06379a540cbb4537d626066a66a2bb2377f92b3e8d756ac3b4747e7b37164b85	8923
933	03dd77dcbfc852f68ecc0e70f30c046ce4ab7242d8d76abf396b26c802f5b8c6	8931
934	905c11a7e912575e65fbb4edd2582e4b6f1acda7b11fc52564e0ce73bceebe63	8944
935	e947ea7f10c409f9e3bdd8e8f28868ff75b71225d69cff3fd70f08b26d4e6b08	8970
936	0de7512f6ee7ef467fdf506eff328d0644b619010308ac8ad4e98df2e5f045a5	8976
937	010caf5e2fedc62d595c582d317e0892aa72dc24862912fb288509369257717c	8978
938	7ddce875abc4796cdafbfc5295dcdd39b39eb837b0126d1d3c7cc2a33b136ba4	8981
939	8d156d09428d1c7c4d159360a220309545a61c78dfa90e612045f119e7bfdead	8985
940	395bbb569714bde4035156e54e50f527e5cb38fbf754d9ca4a425cb9a90bb903	8986
941	4ff7c61e061ee842849af45756e706fcc71b18b04de659b99204fa04127c9a7c	8989
942	e24d52da95ac9dd8c5c214b7a199b38a68789238a795666274fe44235a958a4c	8990
943	e1caec456cc531cb6096f68ed243cf0357091b88de73d6cd00d3be998c384a42	9011
944	e36ee9c0a5c7cc8ecd5e995832863a31016da36e37b8101df6c4956e797c98c1	9013
945	09fd7d488e769434afdb3ffe99c5f85520f93e0020970073c577d941dbe98e76	9031
946	187ea1e30e4da9edbfcb8ebc8968537fefa840e8064e7c5c2e829b0d6f95a55d	9033
947	025510ee6c083cdaffac0cb286b032a87b822ed3773839c8d8afb2663e44727f	9039
948	ed7bee72c0a476453397509ed1ed68c8771f121f5f15aa295dd4d321a9c0a677	9049
949	0634637f127fed4d25c627afd7d12f49518e52b3a4892777f9e46ac7d9f81055	9061
950	c41a83950cbdb410781dc2ef861fe8ba0c16045bd8464f0d08963fe1364cb8e1	9077
951	b7daf8790f496368f5d0187ca91c235f6ea6f760364484350b83668294a14565	9081
952	fe2aafe018d3791ea2c25ade2cafe8282afd6b8233928bf32116ecebfbd9c2e9	9090
953	befaed2b66e41e842e2431febcde31a4c28ee7fe6418274abc2e661462a22b74	9092
954	2e3abc409f8b9ac973e0a495fa3d929847e83900e3e5368777358e3b6eabbe75	9094
955	bd480fb2a0b2bc751c6839c9b74165aca59a828e5277e6f5de3a5f56a4b48783	9100
956	ed42969901d9eb8d369914c1a787b3a1c8b9ae0ca9a566cbc719ad70f9b32e3c	9106
957	ffdf83f7706ff3b23b886af624e25bbc39002e80db5949543f31997a3dc93560	9110
958	8b112216f08e5a30158f5ea48028b8bd9c37094e60eac004ca0b88064d81e9f8	9111
959	ecfd0b14b8e8f68192432a09ae07a1fddb2426a442c39c0a3303d7f487fa2d7c	9114
960	0a07666810fec0cdce43e2fc320c898712c7e65ed52f0ed82031b1483ca3b8a3	9116
961	0838ba97046f310a8929c8ff00022122f62507135633c79894d45cdba04cc611	9133
962	169c1cc1b50b6f64a75ab281b758eab420cc907f1e04d083d3d2b7d496421d3a	9150
963	257e43b502628836d9f58d0ca953d0fc7c57b5ac010a7af73e7008a1ea3bc9fc	9174
964	06ad6ed15e9434732d7ed0adf17896982afce0f1cd025fa92040983a8d94bd98	9194
965	72b9a0dd6951ae24473d63e52fed0ffa49db85c817cef372310e061049b5b76f	9196
966	93cc923ac124180aaa772da37ce8cb6cc3cc0e38fcfa599f56679b17f7103b01	9200
967	8f4bb5e3ad01e028546ab2a1465be56a92d0c8acc277e632cae4dfcd10508eec	9202
968	30cf4d3a15145528c91ea809c40c5dbb596f800ecbb694a0d9d52d34c8483939	9208
969	b44861cb84deb425d02c717cb1ec7aa5f963d3a04821beeec25a1cd2bd606c1f	9221
970	a03934b2803e27ba3b96d4aa71b63420f4ba8ed674b68dcacd8d467b23737f11	9230
971	2a2c74cde94f990a554b2b0dcfb5b6c1b71db6a53853f3f8ef23d26f53f1f042	9246
972	052e2634d668499d94b8d847fa63e418e2ec9b9021c07233a8a9c9b2e1708fc5	9252
973	2f13e00f5251b3a0222c5b51db966a6fc507a804a82229c2ca41b6b655377da8	9254
974	10b0d803a2631b2db52eb074a54c52b8bf8c31dc88413969e6e4242cff4b5bab	9261
975	0f695579f5a853f90b49325e668b19c41004a0e54c1ce7f6a5723299b7ffe0e1	9263
976	fbdb5f6c6419f2fb43049679178105a281c38250b668717806b4cd49b02e24c4	9267
977	af580b7f4f8f2ccd38652ab484f2ea009b9fdfeab32360516f19e30b8a7ed912	9278
978	3e2f4937b41237c51570af8a40b90900bd5e2c2e7e29cd4392f3831959c8961c	9279
979	17664ab76c12ca273760c5ae1f7a8df3003e2b6c998658c7c75c975df917ccd5	9282
980	7663780f5dcdbf18122b61ee2d318578bebbd0025fde5ae8f2657b9f47a7e253	9291
981	e821ed1fe0a844e33401b44a574761c8e5b5abee0a924442e281756253b17625	9298
982	5145ceba44f18294e4182c8e3e5407fe260a550b621089349239a02042176af6	9308
983	723142652e0964589db5ce14d6348c42868803537f6dbab8df2f023df1390955	9311
984	ab796e450358721f4f82c1e4cd981b58412de3d0577c471c3eea0cec2be0fbfb	9316
985	e88f110b5af3480c55697583f4b0ac76c0de65e57d32abe0a04c4a2f47ad3a81	9321
986	8a85c3247587c7e3930085e642fa0e5e2d91d573e65ce418cbbecd91a81d3efa	9325
987	f97b7976d04fd2093a89ee90516f72c75249be5138ac9ea4709e34919ca44e74	9335
988	d1924c35f4f14125bfadc74a0d01cd837057cb65ef97b8d11ea2dfc1e5b4c130	9337
989	6e1b40d7649a5b96d424cb77c9197caa326ca5e6884b02469ed8b1dfab208e7b	9353
990	c95f322718d021f53f739dc0e0292488cf4c3355298e8dc878e0c587f41fedcc	9359
991	3563e5a2b689edaf78215f53574232bb2021cf751378d1767996768cd2e7bf54	9370
992	1bd99d46ac77212961007381aa5d4ed62ad7924d09930f7cfab93d652761b137	9385
993	4e4d208c355294d67ed5520a5e959001a8d6060ca4896c1c2764c4c05be1ac08	9389
994	f5c4c4138bcc43c031f6f0040cf96eda0288b0e01ec3e4b9f2596638e521a74e	9408
995	212397d58c9c4b6197ce2f69463bf8242d3e423b6ad180d439a7084f71b3d719	9422
996	3cc77a3c9ab14dc21fc44e6fe2bd5da4c0c7773b2cda31c166a2b4bd3a0e887a	9428
997	37a0b3f090c38774fef67edd3175951c99eab394dfb1ec28132a07955bebaf90	9433
998	83f4141f5b66e3749b63e63fc509455b36007e20efb2c8070a52d32978d01500	9461
999	57beb09643accabd385d1af93c433825f6ed39e73244ae60ff7597f555a94332	9495
1000	d0d46c1fe04368178436554d20ebfbb033165e732a0d99f3a0dfae02cce31172	9534
1001	2156a25cd16c4849c93590b87c97c8df325b2208a09a07c77d33e6bebdad9fa6	9548
1002	375d47cb62f6d9131b691c703278059b296d4a8b199c3a4bec042db8c7f3fa26	9557
1003	1cda476671b2fd3422d42e92a10ce33d87292a63e12fef621adebc1cffcddc32	9570
1004	da4409d90c5eae60b4486acdc5219872d1ea632a26c6327c6dca58123c4dca88	9575
1005	167ef257395e577ea773dbc535d15d6b78e0e5a4111cf48faf3139e2e49fe71f	9576
1006	b7703d5801d70e1b2e612b0b181f16415097c122878937d756893cf31726497b	9580
1007	7ca704387ecdf350451979be0ec4a148874719207c249dac1187c0cc175e9719	9596
1008	29d23c55a344bd162a8290fd0d8b2d1828861f3675518994915b63b94652ce29	9603
1009	a870301f18053bc44f2f0cb35191bac871f08caba68f2de2a9a5a33c7cf45e90	9623
1010	d32ece08ce1f2d98715ec320f8a7299c0e7867ca5b7cc71e01485c762adcc7b1	9626
1011	25d447f2b6cfb33cc26026ec14a1a4c5c1124af771d4cb1409f77b56262ce3ab	9630
1012	e18592c74fc6ce1e15e9e20c721af244901120237ef181962485bba4020acc7f	9639
1013	62739d9ea52fc2a7b66ef99ccf4fa90fc0bcbb1e884e83068ccac56932e273b7	9647
1014	4c558e5def4ba4e8f993e0fad2bd9a5d99d5a04ff6c025a0941068f8e56fa017	9649
1015	953375de7e4927f917e8c4f2bb78a2fafd1f1bd8360e1e264902bf01656c3fff	9653
1016	eaf5c90f27cd5f9b23207d919224f0c183c076d14aed2032ac0d97f3440720cd	9666
1017	67656f98696ebe3443e6a766db1432b2810a8651cd427ae18a56b72da213e8e0	9675
1018	013877418cb7a185eb679b8b9d6748f52199029d5786904e13acb5ddfbe76c2b	9683
1019	2c70faa9ac0b2be4bb136ca47d719fc5506464e0b10f9a8efa0e694e9e4c1f34	9684
1020	5ac2ea172e67270193fb575bd04ce8bbab03bf9fb53184ff310462632f6e83b1	9710
1021	16173bedcf3a96cfd25cc2d4a129f071217ccbc44e4acd952b8158828a5eff25	9724
1022	6d60feae386d6af8a7f07ec36c57ff0cdeef06e7e9e2ba362dfd6e7f65f412bf	9755
1023	1b0a0b05f891767cb778fb5ab8c62e0b7395f3ae7865f0b6ecc49ee84596608a	9761
1024	1af03f851b065b9bd8a9e33e1874d26c656da9393acc24aeccfa65af6f52d289	9762
1025	1d6129e9da6cea2fb228d75fc43aad2b252156d5e390d11ecdebcc28bcdd2d0e	9764
1026	3be21ade3cf65783c10175d2d0ce0f72ff235b61b889ec9421f4b17356ed17cc	9797
1027	e8eb6e5b47f22cdd818bbfaa1da717e86bd503f24dc27c88b21567315fdb5289	9799
1028	1a4589364bad2993324d2992dddc90e3fad073adc6ac3d79550bc3f9872222c2	9807
1029	da0416d12ec6316e0a35caab9631b67b4ecd189a109755b7975669cb0876e2c0	9819
1030	2e4d1dae9e45e974cb4ddcb57825759f1aa206b9b815977cf19ccef58295dd55	9832
1031	40fb2c5d47bc29d9004720ce32c4d5073e7c2df050ecfee263d63d5264384e4a	9844
1032	5fffc6514874ca614ed517a2b588e740b7dad7a7547870bd5a43ce97df10514b	9845
1033	b65f2fb6f6db43c4b867f0872029423a32df10bcae59353408b444a3f51cfd34	9856
1034	940b180ec475cdf240a9de05255cc25db43b8a01382926cef73ca9a75220318d	9876
1035	7730dd71bbf0e744dad30fb3c4cfeab54a7090743a1dce1627a549dcbeaaca20	9881
1036	8f101e194479584131b45375445dce9e8cfef43a3c3f55ba696365164fb0b380	9901
1037	ec9066d5502633a112c99bea1fee0facdc286d39e243be2966b5ae838055e4c0	9919
1038	c697759d3799a0351862df86a9799bd905b1da9c7d4abfe0b88267f82c6acad4	9928
1039	244e58ab358e6876d68ec97fafd55d62d960cf3a3714b04c78489dbf6e98207e	9932
1040	06dada96c759689658e59c1c2e032781ed971cbea2cc3358dfb69bfd0527131f	9934
1041	23b85df7d1d9bc569ed8b4505f4c61cf134dd15037506bda50dd5e637b21490d	9935
1042	18155fba8a0696dd928cd03a0e8746a169df71f9c1cddacbd447171cabcff381	9950
1043	5e90f9debad0f092ab6cf5c89dbdfd90979d06cbfe76b01dbfc55097cc242cdd	9953
1044	8e4feedb6745aae351ecf65c94c3d5ea75b98da5d3d2bc2bde0b7c5e33b95c0e	9971
1045	d71d8956c2be5c47d957c13900062263e698dc9b88073a1ab5987f99e3d5eee1	9973
1046	0d426b7a6913c4b058ae464208e1d80eb0e1ed588e8e5a2a0d681182f1a8e428	9987
1047	6bc78d35af3b395187fc5024d050248627f98bf36ba5b4ba1ae793be86587c44	10000
1048	4ffc0a4c02f9badbd47c9917d373b30f0b42236d9e81e0b560090697cabaa7a1	10010
1049	aa3cccdf6ea9deea16c71b04aca366e7ce177b668487ea48da47b112bc805feb	10028
1050	cdc1343d7f7ef47e36150307723f5613d2925dbf54d3a49fa9d5ec198f0e89f3	10034
1051	a5d84b4a1a86d9a1f12d285531c0d76f1b4bfac1ef3053ed431610ecbf7c01f6	10054
1052	e5039c62859e7239b31b897830e77e411468791f3d1c3014848c6275d41433f7	10059
1053	55722f852d6ea511edf4f647c9e8fa7b10d202daeb6ee2512fb61c58fc3ad8b4	10102
1054	4cd6a27e214d3641981f3e6d54a38d141e0e262ab30f0adf91f8259df1c0f3fb	10119
1055	dddaaf27caad8386fc8b6c63e773a0e4fa04ae797c78f3127eb878d6ee318a9c	10120
1056	cd6dcc509309fc9d8dc99857590a03b7d6089f45ae36072f1541d55c7e9d4b66	10127
1057	ea9447edb45447da180610c4ccf63518fa8ab2df39034dbdedebb4b96c5fda30	10134
1058	569ff7037bd751070d29c7c45ed5561d1faa5998c7f6ff7b9ccd1ede39394a93	10137
1059	35de68f809fafb92116b6dfb7b67dfbc6701a2883219757690368cff392cc72a	10138
1060	aab7790a2a175fb784ab93952e7769ebd0a21c33405392de032fc9a66f2798fe	10140
1061	6120e7ce912d2165d99c265301ee3b1f3357dfb96d4b1e2ce78d4388103315e4	10147
1062	db1c32791ebf774fe4999a662f3f684e8e869ed64c70d6fc826f1c4f8dd3ddba	10163
1063	7adf1f8858dd26d3e631872552062cef3ce019a6cdc518e0a918edcbafcb584d	10169
1064	baf63b71740f507a5328277baba089ee4298f1de79a0ce25cbc23b30f9b4007a	10172
1065	bab6faa3c477fabe53e0bc6c7271decebc202ae2c256e2618bffd624ea90e765	10173
1066	70f542fc3af0d7b2f5569ef6ba1ce4bc56340ffcc2e7a0b5a1709c03cf3945be	10192
1067	4bb2b62164253a9454548502fda75461cb517d0892df8f17a83a59216ef4ec01	10235
1068	880c43b7e7a2fa2292ea77196c48d534e7aedfb7b626d5cbd45dd1e9c461a1f0	10244
1069	2f3d5017339b2963dc5b48f2d498db91f3e4c661fcc0230108690113be15301a	10253
1070	c6add45f1d3e69aee6b9479202ddd9267f8d22c3e6fbbe97bf716aaba0f73012	10261
1071	ef5aa159dfefe803024b6efb24e35c721f59a220b13bb9b1f5ae4c7966cec656	10266
1072	bceae643265f71eb40dec8881d0cb44d69455fa1b84b560803290956da54bd49	10289
1073	4c234d9d84bf851a9597093d73ed4bfff93f223b064a4e99b70dc18ff6398d83	10291
1074	0d57468f2076415049b15c2e6a07782f504c169aa18b190f744be1cdb9d16c2d	10326
1075	c77a3e88d1be775701410cd80935fd385706365e06ee53ad01786d6603cfb2ff	10347
1076	b77d5d9af20ff1a8dfd6cb357af4517ecbadd8ebf55d312a60938e88fbb255c1	10352
1077	a7aaea03f1733b629d6257747ca23adf8ce553d7a2d4528fd5dbc013ce0394d4	10354
1078	962c21d1e25754aa88b4b4701f4d1dcc777168e0596e0d26ce15933ea52d922f	10363
1079	0152771e44f79883a6d86099d68e64e752f99a2e650ad37e1a9e384894c266e0	10366
1080	58d75e02f8fd985abd13efc0ae0a4d658432728388f85248a541dd098cdf7051	10368
1081	37333320f17095fa0ed60ba42a2766c2ca7dd556419c72c983a96e96f8a58534	10375
1082	b396183213a8775dd4aac84fb7e126e7e902317eacd3e6bc14e67870f28adca0	10383
1083	73c6093ae0e5d1783b9cbe22244f551ef5b5665501c9c8ed73b1e870d4ce3f2f	10387
1084	e25c3ac73d4c9bdba740a78f534b5c423729990344f709c4e4228a5a62412c7e	10398
1085	5dbae7857e7674936b984259cbf33c5686599b7fb716d7b11ececd8947ddaa41	10406
1086	30f5651e17733d9fda52ac7778f993ff837e752b3eaf4cd3d6066cc5de12f681	10409
1087	d8187f9c3f35a3a0c63b96c1cf566a54173e9645daed158017ab16aa74544c75	10422
1088	4921b14274c2dd918ed0e69b7f16200488bfa5d887e8b8657231368ab59d86b1	10437
1089	b43416d4993928e83e796985aeae28c5d503b350e89c262b5c2155cdaaf0988e	10438
1090	56a37d0c60860e180015bea80e29489e109f884bc70ed2a894044be5e96a0e7a	10448
1091	d36d067cd55d159e3cf2cbcc2c15fa6e3904e5b4600224224a7c8f15e4685e20	10450
1092	3ace3f9dcd3b5b6d3d8fcff815eca27d50ecbf9100f3a915f7bd480841919d7e	10457
1093	845565b172f8d64832b174968b6daca4d6fd0873683ce6d41e45c1170d89f0ce	10463
1094	4cf6d24598ee12958510b81a0c7181197f3832ad4147699ea19d4037d79bfb8f	10503
1095	c401a4ec218b58cffb87193c75a3a44a7f3351ee45bb25a4dd2e27d1d71b3278	10504
1096	ec31a8f50dcc7627b07fc0ec8bdcf86666bac9b266eebd4235db787fee0403df	10505
1097	6e4c788295d832a9073a2bcb5b3f2681f0f1d1cce314656241c25704a023e83d	10509
1098	e1234fdafe0ab4610fe02f35814aaa2c5bd6b88f5a96fad304b2ad416f5bd1d3	10512
1099	533f0165ad03f4515ef58d793180ba6e042943c20b30083d431f183b4e6778f7	10534
1100	762aedb903716a8b415aa025fba0d0c5d6e670848290bf3527f177dba1ff38c0	10536
1101	2befa9cc712557bdb305593e6355fc9253983482e09494282d61490218fcfbc1	10548
1102	9d3197a01858b90cc7fb15c4eafe3947d49e4ff011852bc6d2336b4a115161a9	10559
1103	811716086dc284aa0d86377d139bce0b4ce799225fcbc38eb77a21aaca5b515c	10587
1104	e962ca9b7c0b9211b6495e822fc894c0968c3bb54caab95ee2dec98cd2da9185	10601
1105	e74526ffa83784f95eb2bec4e6b951466340098d9b3a97b69755ab8fac8c8bb5	10609
1106	7960dc112e0a09c5431eab0daf37f628df67e578f67549eb0899db47b63ecfad	10612
1107	4c21c3883e43ee4bd169b4f7278b50da85b3fd75e1d73917d9c3193181788ffb	10626
1108	b14a7b901035e4ac955b2bb685f6b6813f555b04c0809dd92cc33de79ee81943	10637
1109	065177fa8190152b9592f103787de0978bec1224bf24c4cbdf34f30cd92f685f	10651
1110	7d71e6fe978d810580a24fb96ae378fd3d93b3bf01dd809cb5a7734066c43047	10658
1111	ffb8159bed5c7423d9954de648d387e9886edf62fc03dacf1ebee45ac9609092	10673
1112	f7199fd2e62300cc2326e85d0cac2b767271477e697c5caa8e224c7ca283347d	10692
1113	44a7836b2bc218f4318e289e1feb403e0b9f97371eeb2f837692a224713c0392	10699
1114	e531d231b66299fe3a9acbd11431a3e62d877632233dd10400f4a6a78a553ad5	10708
1115	7865ee3f2976163c6fd114b5ec92e33650562a849d87cf9aadcec65baa8885cb	10721
1116	29a4141d3ca0f8fcd286280a06c73961c159849ce2cce320ec1e3fdc90b49b94	10737
1117	5ce5ee4d830a213c56c66e9569d0a9bea73b39823e42cb1a51f2f74a037ddc59	10754
1118	dc3c9f83d216630bbd662b6cf2baf644735983413057f938ee3ae65b8c73f2a0	10756
1119	6cf078883027c2d534f18eb142b2b4f394c73f85d191051566c55c3123e82255	10779
1120	3387acb56701194668612e42f691bc5c7f7132925b8f782f6e5ddc38a666f814	10783
1121	f90e231464eed801b82ed28da5b57a963fbc7599d4aa34baa44cbbf9cf513d87	10786
1122	27d579bf672e80cfa92d8d6989be3d5ec21e63617e8e1863441685b534cf38ef	10788
1123	913791351cfbc83b528612a5723852cd400b55579cb29b5516efb80b764892d1	10803
1124	f4d393bbf00b96c6679bf859cc16f032adbbb8a6e40f627b87e22f2c51c71e8e	10810
1125	2c57ef6d9b52a90a05fe4fde20b3b9304e584c570372d3c0fba34446ae50582a	10824
1126	79c737dbc9a202d45d6512089181232ed71845fa69e5791b4f7ba7009a49fcc2	10836
1127	ae5ec97bcf1bf633259b1e4b7b7b10edf799dbe6375bb7dd14ed1e1eef8e79a3	10851
1128	f20a8ebeb4c5c1d302b83848b0c5b7439ecf929b108b3212337a5d8b17577178	10857
1129	3289fcd9dfb82a43eef8fdfae6f83a979288258033fa4e37d3f31d7583ac5c15	10863
1130	84dbcd72ceaa8e7b8678f6bb36f51f15beb4e3063edaf29503ba1bc47fcb9669	10872
1131	112863e1b8e30f19b291dd06ff5dfe4b9882fe453e3d063b175afb8dd71e8e8a	10885
1132	90ab135605edf99b79fedca00dc71264fa24398ad44815dba326d816f3509b49	10892
1133	0f22c5b1755a59738a554d8abcacb4c121c7431582bfb366b4fae8acd2f03186	10894
1134	876fa933581171aafd83e33b8ba4ea5de4551d45bb49e9f31241e12a943161bf	10901
1135	74bf2498c255ea4e8bdcf98c59d9cee9147aac7eb49497eba420e39b625bd3bb	10948
1136	8c371e64e07bfb6df49f024867a72bcc08ccf6ae840217b123ceeaa1ffba062c	10953
1137	fe90ee01d6defddabb22ab585ace010d3a0a7458ef83dda04ee06affefd6d620	10970
1138	a209917d2a838f320768b36c1688bc301f59303d98ef03f64503365428a96cb7	10971
1139	87012161411546ec0edb0a4ce075c553fc3dfda7136c0d378f82290eb4f0bd4e	10978
1140	b8ec4373ca944cbb3f749f47de10565c711ba89e7a1f43aad2afc2c35a57f58e	10993
1141	fad292c7029082bceea4cd2cfbd042edb1c4e2cf77f214704720632abbf035ca	11008
1142	d6e3632495613e2605f76c4025147394c27f41023742daba8a50c22ea1be6998	11013
1143	a4e5f97ae6dc7e08274ab16099851cbd5f8f6a052c03c34373669f21e693b6a5	11015
1144	3a9c5c7b1d7f5df46fa19f539773ab300782dce88e4660e04a83da291d4dacef	11025
1145	3050c14573beaf81a614ae1266cf8a6c15ca4092ff3aab3636c492dd17d90cd9	11044
1146	be069483be93fac570f658178de20a9c104263ef348f6f6b25ee879b7f3ad5cb	11047
1147	67294c8c6393bf8d9bcbe93da696b86bbf95d11ae64bfc3f78ade9f8303a8167	11081
1148	abef2003ec65cabe4ae4d5aae2b3d39f1ca6c4f293364437d8cd97078f72aca8	11082
1149	4c421b5ef800762ea93af57732c3a02e2cc3df1e5a66a76400a174bc29b1f49a	11084
1150	158fff7fcbf921fdaed9111e354d9e85cf12e81d0a1ebb6789af16857506dbd8	11085
1151	7aacf598b82c50c761ae503f525961e83da3955b37f07e48b0d275b567c76bb1	11087
1152	5f35864cc54893c7bbea8b566221ff4695855bb9caec8c3dedde2872f2954505	11089
1153	58978eaa2cc24e342a0f8c519647d69c717df11d0f5358c1a8746781d8ebab89	11093
1154	7ed2a296e290d97fc2558b3d522356399b0d6d9b8226791feaea952ef35142fd	11094
1155	af61b5559eeafc99733d591059fb15b6189d6d32bc4b2bd4390aa7d52ef60b66	11104
1156	8780b84bbd8f4c59a347ecf06730f4b47476ec1238a4d96754c94df6d7d38c70	11105
1157	20f1fcb2621793c91388ba9a7287a3c7ee84d84fb9006a61a8d2254e4e55294c	11108
1158	534e8860ad3bb1f7b0166951f9c48dee07a6856bc1bc69ac9d09523a56847b86	11114
1159	a1568b2b440092bdd134f0ff0c1aba471904dbe9708b94c1ad9cf3b0e419ad64	11119
1160	8e420519be749ed855fe92ba3c2a893cab6ce0000a0bc1dc79d2ff6bdb3f3f82	11125
1161	ba09808d3945638377d27a5e57be1c8e422cebf81fe472ceac8ffee3c6c1e793	11131
1162	1aa5151a0bcbc1dab3f9ea4f5c8b85690971f7ec1bfe5ff4748c8a8089dcde03	11150
1163	71d011cb4659a28d6032bf398149a6204bc9aaee996248787ceb34c90e9a13b2	11166
1164	449bd4f3b9190120139a1e6f50d3421fc9a2bd7d7ee9d1853f524c6988831488	11177
1165	c618202f696df1a9cee9df276a8a375ff8adca760e07022a5d4dacfd907641e2	11179
1166	87cc979f674d70c295c584042b34cd9ed3a7bcc6c3415bd46a594d8b56429989	11188
1167	07a2fa38b00cb43dc6960f7e822d7ecfee22bf9a5a971015683600f05afce883	11190
1168	1081d17464fd638a7edcf524e6def43f3f95a4f34acc5e93ab4516cc6170e87c	11193
1169	973cd95dafbf7b6ee647cbf49a4a0e44e91fa7da944acdef955eb52628028fbe	11223
1170	93f954bd1cb070f65ea8e01c2f572977cb1af9a4a9480f0893aea1a2af7f36d5	11259
1171	b4467f49e3626ac72c7ebc502bd1162d83234087201683b00d81d4dcca3bd444	11268
1172	39aba96ad3f2af83941cb6c73cc0aad0429c61aa487c870cc9e4d33404949ac5	11276
1173	1050e43c7abc929407d480be0afe854dedec5e599faf10f4a6b16e2150a5c834	11295
1174	7dc9f1e4f2da34dcab494b248068b176e6c35ea3ebd426e5cea188b7e2611d02	11302
1175	b5fa45bc144e5b92df624b68ceb8bb56830a882d2c00482b73100cfbb1f6f979	11307
1176	5327014628a22de460f54b8dc9166b60f3aec5bb519c860dc870fd91faf44854	11312
1177	90e06ce7586261988916f9e1a9f47ee85801e5916b1961f56c6ae289a4a4a366	11315
1178	2a283c86f4d08062fc1f088f504dd034ced62a3b2a759e5ba9fac8e59b8a6446	11337
1179	6f762c2bcce18fe49c240489a7cc6884a3f58cacdf7aa72c0b31ac1938633d19	11341
1180	8265d69fcaa8355e947f7c060f508885de3fcf22434772fe59bc1ce63be19546	11354
1181	288a2aa8f83be08ef2b7c72cbf3e9552b1ef575d6f7aade0427aab5cc842066c	11366
1182	82293bb8e65565989ba3bcf004907e74a79869f771fc3c9b3aee2ba7b14e4824	11375
1183	fb7a70d4b992c3412c63c87824f745d4c03dbb26281429fd2f056a1b3f7e1f4d	11388
1184	1ce106f6d79b3ae072103b87d7ed95670196f456089649907420a0b416ee986f	11405
1185	e6cbe1ab0bb01dd51e843bc862c8914d8fd34242439a2d295d04f5b4b9ae8d50	11408
1186	f46ff18a6f5788efe6ce5f8da630f6643ac66fe6e765063ada269abe53988382	11409
1187	65ba2c3af67ca63ef27a28d1d870dc8ba64338085c7859c54a854bb5c437c6a0	11423
1188	f606e464ed83f164423cda9401d5421b8f45eba765e153b7733b903dad7cd15f	11432
1189	88aada6435229a87c7a430c164374a5222c5576ab0550a2d1dab5b9b88d68b76	11485
1190	5ebfa8476601c728f1a85d761a9e2f548085bcc0325daa066b062bb0099cde87	11508
1191	2449d89382d8b925b6a2fa0fda1acdd75acf3a8f14ff8de2f6de7e454d78b171	11514
1192	f3889bbe852ce9a407c0355c61e095c9057e68d6b366703b59d10ebb168d9527	11517
1193	da64aea7578656abe4efb008f78a870142eb86693bf53ae2507144e397f54b59	11529
1194	ba79c9fc95d2437a2397494a626e26c8be3aea03572d8a8a4d98cfbb210c3248	11533
1195	5b036f5ce3967c0c87924a1bb9e928a36bdd80e811f483cb61c5a92e58a45beb	11569
1196	a62e9a5f4c0a4f6e7991d565fbcf726e25b5cbda62d0212bd10f3b1461c7325c	11580
1197	af27867f8b61891c68261ae7d442a701da6c9ed24b7cfc9e2c7e1a5ff4036cb5	11584
1198	4e533a326459d61a1c72e6c8f6a7fae3956d7410e6a345074f12accc3bf9207e	11585
1199	504b87252aa1c5222b75e770acfe9eae8ccbe7d2fa8f798bc72fd85ecb4cd5bf	11612
1200	c3fcb5a66d51a5c208372c5c7c2700648d77694aff032af89f0052ccdc9c835f	11616
1201	556219ea28b18e167e77f91406987db39cdd4ddc415b6ad4e5d21b95fd3fed96	11632
1202	6a36648c9afad2ebe62fdaad4d757eeebb68a71da6713565830b7fc549853bd5	11659
1203	780269771a1b28fdadc47ad83b286df7c6ae96106bc7900bea7475362925232a	11679
1204	a394cbaf71202d4e57543809889bd8669410b5701de79736a57d7aa326c3ea14	11685
1205	579fcc5a44a3e26e48f97d8ebf4de3bc7d3c11982f31fd40cb80b22b3b0f7e81	11698
1206	d6cb309a85077595295e429c63c0dd4bf4d7edcce94d92f21b9d726d722b17fa	11718
1207	5e6a5c7f380d9cf31d3ddef49d1f0732c183cbbdd68af73b0b995be8c79b7912	11722
1208	1bee3601292d24a0d36ca057b1838c63a4306aea8aed52e55b5305a21c6d9473	11727
1209	88d5eee24309b366a4122f9e14216cfc203a097d749b088ce375258f558b0ff6	11742
1210	64fd86e15183056e24c7c5406939b49b44b4aa2ab51a96c2774f8475c65a7cd9	11745
1211	0fccf1f5effc21742e5518ed08ef7eed646f9176b3591456c0ffef28ec993ce7	11749
1212	64b0eb661035bc7b2b24ea58c83efecbc183b5eca3ffccfe7b7e3b517c52cbaf	11770
1213	134d6932e444a0874e3afd5527a1d9152dd10c2a9ab084d77d6ebfe00995501e	11782
1214	4480d62ee8d1be484f3d1484e59e2c84cf6b55a4e7f6aff0991d0278d191e0f1	11783
1215	d309fabe58e17900903bc4313b0a3b95a385d86f393cd143960f0791ed71e9b8	11787
1216	fe82ea5161642c6cf75b697f16cdde7335589f473be1592ab3f3273ebe541012	11792
1217	b87546e7d0eaeb932d715b7c55aff4518ee0afbfa58b518c102a75111c3a8b9b	11794
1218	323444e2d5a3916d038999115fb492f834bdd6261d8ec57c10c2511a285e39a1	11798
1219	6419dd7173b97ce215b847447ead7c616d6cb914463d1bfafc4b1ff211561efa	11800
1220	837b09855ec446a18086c7c9f51fa1e5af297f4bdd7a5702ccbadd6fd08274c8	11810
1221	74c96738a394d6790b48a9b9f579a02ffa7f07cdc483869d9d4954157e6aa055	11811
1222	de30800896899bb9dad97677ae22d36f35faa391c285df48d696152308cd5956	11817
1223	3e6cc87e83f795a21e332452e0975b9f015fe8b9464cb9092a855848c0464604	11832
1224	2d795869fd5bb64fa9fd23bfe31c8a804c407e0806e2d00dd65d86de774f27c7	11852
1225	20a279c4a25a020c13141c237f8145244e61e1820e894b25e95abe964ace87c2	11872
1226	11b74e4d7e08a4b9940fe3de87a449130af6fd89aea7af6ec4c330e9bd543125	11878
1227	851ed3ca3fdd04230e139646c0b3eb543b9ed5c209446d7bfd348f87003b3c11	11879
1228	41bc2dd2173dc2e0b22490d3223f0e70426ee18e5a04e8638f1115ac5d4302c0	11882
1229	3000c311b5f5181466a3da98a2131f1d052d29287b6978483260b89828ec7d3b	11901
1230	95bf9d4d623cf4e835f9d16cb7eb4e7e1c64e3a27eef9c68d8dd89d757f47046	11917
1231	1aa38e8e09eb6eff5d3e4300e6bdc82b10c53a1b1223f776f9e9bb8d4d54c8c5	11931
1232	d988752e947ef1ca10916d892deebfc166fb6b4c83cb946d65d594ca17b9172d	11938
1233	46f257fd06676476cf43eb75166f90a8dea7deec35affbe2e615a331f17914d9	11946
1234	cef0adb2ae748f034d9d23cf46515bce155ec1bd703b63ead64b2aa47d2649a0	11954
1235	08e2ac863b7cc5e0ebed4692e525313a6adb4bd3f0489eb63c0572c9003ea563	11960
1236	6101d3acf1b02827632428a1e596c6f9d2c5c3463e9033e63841f0a22ced7331	11989
1237	521f11e2c4591a965b03c7978b58b5fd4ae5a89466b7f3c3042ef2e94c371639	11990
1238	8733cd0538c77daad161a4207a510c33efdfcfde7f1de400a7e54180ecb0dff4	11998
1239	29af4c241312b808fe905813a0a7e0d7a1127e2a50298b6b5dc88a3094d22f7f	12002
1240	705e725cfed49edc5ce637c2abcf695b58ecf87cdeaedb47d03a594380af0fa7	12014
1241	c7ce7859c582ae6b27f56072b4920f31c3b0c2bc8337dc1e051d4870ef5e4b22	12019
1242	ca9c8d8d031e94f6e39af6d8415f9bd1fd581062626cd6059e30ad89e2bb41b1	12028
1243	81f4941e439b7f41523c6fcfab6e934f322327cebf2bdccf7ba3657ca5058787	12032
1244	81bf5a05b6dae7d76ddc5700fbc8242a8392cd848551f2d31e75e992b2308460	12051
1245	b9fd122343192ba08aa89bcd30829365c430917796887e9565c0b233cc73d1d3	12060
1246	50ec95368ded2d4cccddee25ceb52b728e762c8bccf32dc0900ecdbcce326687	12066
1247	7f9a6a207d9693dd86dc7cb0d426513f22c822358fc7c428e02e592bb21762f4	12105
1248	401bace9bc51f22c0680d52c1b08d7b4bfd338db5174b85f5dba41d65f473b5a	12115
1249	c3db5b8504e3216dca9c60a494fafec1bae9f6ed6082855d2831ec5f6f546227	12125
1250	d0baf512e5aeb5001379f2c95372c365c6e1ff7093439a22762481fd3dfee41b	12136
1251	178377fabbc7dcff0883de4c2e8148fd7a97029600c1c1d03da114fb67ec4aea	12153
1252	ce2ae94a7b4ec16fecc84ca599581effc5e4c8f1f5612c9f8ab9a1d658aa67da	12157
1253	8888600d1c72c0714c60d9a3b2f0403cbb6479708d6ce40540e37c91c68430bb	12181
1254	af291563663a06272c65bd23a493b66d8d8096b05135b2d72727c26cf77ba7e0	12186
1255	df0ef966b862262512afc263ab919d4fc28e0119a403f37b069f869a03f102c0	12191
1256	7dbfdf2bcdf98dcf4cbfdc23ceddd1a5790a4dede85f38744c61a2a6d62db053	12205
1257	b9353483081f2dbed8768291323df45a8be757f3fc094a25a06a95f218444f35	12207
1258	19e93b94100e3d0f545837eae9fba9c2f2618184a2fb3a545e6dc1f3b9da3e61	12212
1259	af1ee4a228703f7fbab37dfb622112db5e2e23293adc43c4ec43911517b1a4f5	12217
1260	fe417fa90c31b2a8d3442892ebdac6de2a427ef5b5e7dd47058a7d30a51739a3	12219
1261	edfb9387c328ac7bc70da8deb3b29b5d2d009c2ef273b4f319d994c6aae78bb5	12220
1262	237aa3f808ff80920603a7e67b0de880092e69c462e501f8002a2fde74f8890c	12231
1263	3a7f3234039ab387e401e57807493a0d0bff8ebc409fdfcd03e9e9e829bb51d2	12236
1264	4b88d16a131dc80c08b082f79c89528c67f359b98921dd7d5a5ec7ac53f4bf8e	12266
1265	1918e7e399bda36f7c53091aa84e33e462783abdea07039f955f83baa08f7051	12270
1266	622d8930243a7c45b24c3497c5842d8e636e8b1892070b0de927f3cf50a0842d	12278
1267	a93350a46449455cc4916e91abf925913a19f889196cbc00defbe49a6905a351	12280
1268	c6a451ccf222ad28f7e568f8ca4d5e11bfe15551f501d690bb95aa32e883cc22	12295
1269	b2f2a39fa1ae4551cba2a517422e0a2ec05ebf02724f9e3d301efc789560cc78	12300
1270	e441c1ad7ea544e58d82b77843efdb191a4e75d1cb2b98a7406b16a6a4dca3cb	12302
1271	41eddd9f0ec655481101da00608dcc097dbdacaf6665e0a7815a8982e989e19d	12306
1272	9a8042ef89c1056482fc38b05620ddc62607a4e9e27d3dab3bfe393d75feda15	12307
1273	90cfe6dcb94bb0fc54b0e3012baecb24937b923400ffb72cc46bbbfdf2562e58	12324
1274	d087bc5cdaaee2d3a7bea715a34013ebb1ace8222dd850de8114a4f3c20a0940	12327
1275	67135fd0be04b4629c84aafba7d78e769947b48a9bae0d351f01267b0ada3146	12328
1276	e40dcf95258cc38969989f44e880e21a873825b667890ae22fefcb634f218537	12331
1277	ccc0162a748ae0133db08ee1c28e019df5153ecea1bb977fb8535a894b4f361b	12341
1278	1f587f7229ab3f30ad2a2ad9be8d6e4b0850c6d1c527db8155323a1bccb1a070	12347
1279	4c9061accd7b61b1fff8fac04abfb07f5a43447291975ee2da28669427e27c08	12349
1280	8383ada8d657f1e566b0f16ba2ec0bd4686d81eee33ac270c01efc5a355f1be5	12358
1281	e2378e514f87411a347cfe139689dad66d921f1cb43b7203ab7b9307a327f2d4	12363
1282	a74258c914e0493421e13a76c5212030374528198b6ae6bdee8c738baea049f1	12371
1283	706b9b953df14ca71f918154b76472fda708aff884deb06091e71ca6fae9e4fd	12388
1284	2c7cb3092129515a9bf40eaad768809e03c2f0883add66fee307d679193785f1	12405
1285	262c45a127a12831775541a9f008b57a620e904cda105c8ed8654b0a9543d9ff	12412
1286	892fc1f99d10a75f2b37fd68a4a5fa35ee52102d2dac3d399b2870bb78fa486a	12429
1287	a91e7b5a8f43d7c824b91452da061ea705d25b129890025146115d323151b4fd	12430
1288	18ce2d80aae8d493c21de58a1f54c0861cf4282d458e73a8eb1f831cdcaed754	12436
1289	899ee786e4dfd5a396caa6bc56016f035b8d8656e80cd7b6125578c09eca11ed	12447
1290	220e89396da3fd66b6dde5a4d746b8f323b5bc78308393c163c22b4b4c97700e	12451
1291	b70f913dec0ea998bc414b94e80468f0d72efdf3b1c83c24dff859cf0bbd9a98	12453
1292	5d34af89804dfbd9e3df0e5b9a85026cfc5b50ea1e01622165739873ab50c879	12454
1293	c5ac096d69f701fc214768b36c5bbef83c4468c51229e434e134d6012143ba35	12457
1294	145235ea907c747f32f7ee12d6dcf5bbeb6cd0ca7fca746b4aeb65b60c659c29	12472
1295	fe4e29324e7da5fb2e6d596abf48c40ec8ec06a485b51ce5742d94e19c64fd0d	12477
1296	31284293a53038e05e4045c24af4478bbbf1576fb3cdebf95ed5b9af39e695df	12486
1297	1dbd621f77d96ad5b008e9d1c0133b0a1e2056f6eccb39afd32a853a55fc7150	12495
1298	ad055cd08de08847062c3fd89602d1b469a84cd884aeac53caef0b539c3561da	12503
1299	4de592d255071fe09f24d1eea657063ee5b94749e6d49b25823ffe4ccef08cdc	12507
1300	ff6e9c17edf4c574cc4e312ce3f700289ada79b490ebb1c8372b22026fb38785	12553
1301	80b692215f7e08f848a5267c49457c6588dd56a79d68112992097ff716374a49	12558
1302	2071fd7426c51097d7aed09827fb612954d06041906e5487730aeb8130db0264	12564
1303	5773357815450ee8ff97387f8ce3497ce19f4040f302211023133c98bb51b21b	12567
1304	23f708aeb34e5c1d7f32eba8974ea742e81ebf007027a625afddc1158c840136	12569
1305	92b75150a5768a40c90c7543cdd0d19d1b66f71378f125df151a90a112ca5a42	12581
1306	2ef849183b7f90e80fd3c95a30ef961141b92b638753bc362a7bbb1d8158d193	12587
1307	297370e9711663037c5f4755a0c606caac001b1ddc7466adcda7361f6e494aa1	12605
1308	4236e60aca389ace859968a0ffeead065ef30555e350af0341f1e5966dc0e4e6	12612
1309	106c171b2debdd61a44cb8e3ba723145463b42d07d40bf9c86fb987c34e9d81e	12627
1310	efeaaa68e58aee270b054b167f6d44829f29c5df3a651c3b506a3d36f328cd50	12629
1311	71f0769af2f5d304714b9a918e854e3ebe3d56b703c0cf7f69c86b6ed117181c	12634
1312	f1a5e72e0e2eed6fe3bb6a3faccf74d5ae67abca7b1ea1c7a7702e3911020129	12635
1313	5596cef4b7cbd5cdc245bdadf3cd809a890d568f4e3f397a0fa757e2cddbe71a	12636
1314	9b8c95167d7999edabb3cf3dcc6d321dd25ee0310245e3109c325fca42434f10	12642
1315	10c1d596b918156419fbaa7f47fd7b20ff719597d4d5248a5718359e4e0a26df	12650
1316	f3e960b3c2d0cf50a2648f6d5cf3fe1677bcef8e5062ce48206e01ced092d256	12654
1317	d51988c0743bf835cda6d6bcc9b43169d847734611e58382fe605be7832a258e	12682
1318	e4a57fa1291d91937be5aac73220b05dc5b3a1a6da1c524a750eb0d300367059	12687
1319	b0b9277ca69ddc3890c93fae9800652727bb7e0b3a1b10741f59d8da0edf3a16	12688
1320	d94a71480a34c81b5624b00294d34fef48bf8319eb87642976da2eb349fa1f17	12699
1321	9624aea00f03dfd37f6503420c16242faeaaee3c55f3248f8054248d852c19d9	12701
1322	f236c11854e73ec94cb7bdcf515e11e056966e027da0cc353bfe261e6d66e9f1	12715
1323	5717a3cd5c9b00281681d2cd5683c05b78644b28aa69865aabe15f56641c8d72	12724
1324	31a66ea9ddc289bf1479bb62680f7444e3478e2884ae3908b3135690c515e682	12757
1325	96a1f7e2c91eea706ba34b1c9ff6c2ed12bf54d26dde3dca1501d7d7ff8907aa	12763
1326	3c2aef69a3beec33dfb717be58e00909dc59d7fc92a8b45581307d588190fb49	12772
1327	f3f125d8832776249c7d7978cf6c6d679c02d242dba4c82906f8ed2e9a93ef64	12777
1328	023dc718b9c31637427c8bd52feded2975d75240a2e6d69c12b8b07983131c30	12781
1329	966775eb95b08b68056d5de11ece231b9b3728c73a7634ba110603fe9f233adc	12792
1330	025b94642fc73b351f1f9de04bccad3a0e92f6c3bddcba747204caff32ac59e9	12793
1331	f71a27ab4148c7fbe4339f0af62be02fbfb4c608bb936eb17c4b5e74e7891a11	12800
1332	586e53e895d1ad0599e86fda4248d2944bb267aecf75cfef16f5b454202b1059	12812
1333	c2bf6e64ebd2e3d9d41a508a9afaffb2d541cda492e3463422cd16d0862cbb28	12857
1334	9787ccb321c9d4ac15bbfd4b1a34288a9bf03f8023d4a015b77f9d4d1751e332	12861
1335	7d4e85060114da3faf1491c52a8d80a24182ca22d76574ec49d5e56841230fb4	12881
1336	6420cd1f89afb2adf60eb000aa104f1e8af6fc11b6f9dc1e9d4b1274d0e66bda	12884
1337	516d179bc971791d0a0d576a30ffb6f693b87717f75a795888872e6ad95186f9	12895
1338	787a94a1ee46a0ded31955d14d161c03948268690718429ca72d329fc6acb098	12900
1339	6e69f3092155b4209c4ffac738b18c25cd0020dee4af0eff0a7ad063778c84ed	12904
1340	9d72202a8404df999d3b365bfb2ab8056223182ba112ff1e6829926521644e1b	12905
1341	6dcc2347ff708ef14297ef9b288102c1a40cff79ed48ed73ef1f5fcaa4c8a653	12919
1342	f1f9489d71b7df44131ee3a0ae76cb929cf9a56a4c8f99dd09be8b8a9f7272ab	12935
1343	cc7d4002383942a273921ef0741ece3ce59cf15f96d27616e8deeee721590557	12938
1344	8f317e13541d3291bddff48750ed93c8adbf36db19f811838eae254784fc4336	12950
1345	dea40d561cc799504d843fe7993b999b251155be67ac445b8ae0f4c08ecd9036	12980
1346	5cc9268ae362763eea0235e063a0efc265ea93beb4ed2d35a0d2805a522d2b83	12985
1347	c62e379397b66716f96a0c162e3e74e4ae3ee4b44b803fedeec91a623c4e0023	12990
1348	530879a67945d36c22baa1a5eec6897ff374360b875e6b00377297b3bd09897a	12991
1349	b994f267ccf7935d3ec322b07a2202deb222d0265f92c7478152ce76f495dd2f	13019
1350	17bdef56c55220cc9c405c49519e827142334f622edc7e8e4c916632f021c5c8	13027
1351	f739f14d55b629f8e39676d4d492bc913b34700ac93b44eb5e004124efd44b2e	13041
1352	dae69c62ce41629f76011bfed081787ef1af0c7c606e55930347244fa2888414	13042
1353	7fd0763d7f37b4cf4a0d9ab9d81e9ef235f3a652af88884cfdd8e804b5f8cc18	13046
1354	fb03bef87da79572cdc0245fc28e961761993403a1367aa6d102d2d55ce4ee91	13048
1355	66ada3357fde2f8614df915da35142a53e2cdf73cfcfdef06bcff5116145d2c8	13054
1356	7c91a0566ad1d543ec110937bd4718bc8eee724b9c15cbbb5faa537f1e264ea6	13055
1357	1d138ea3c28eaabe95dbdf95c11db5425c23da9dafbcced4350beeb1798238d8	13064
1358	3765ec87dadf3b3641f58822f8b0a202902ab97b6da5691c2b88320d6a4dab9a	13065
1359	5b37e444cecdf4693538a43c5ca17ff25a7dcffb0a1a8489c1a4a8adfa5a04c5	13069
1360	30734f3d32d253b4a854a06a3eb8e0a6368990040a66938c520f554e49fce4a8	13085
1361	888db9621b7661ff306ce71c1e3761b544af0882496ccf78ff45626b025a8634	13087
1362	a18f0b959ba6dce12abb191292fa7d7d007344ad73e5ecfbbf93aceb8bb189f4	13088
1363	b952ee237a4cafd1ed3f513d73ece825ecd70c6f8b9a771bfffd1ddf41b31da0	13093
1364	8dd49a77248308b76878b603cee2269cb6b30ab48753fce1bc1a66f001f50939	13100
1365	9aa4a181d65fb379b20d67155f6fb3634ca7675e69280746f14bda46bf012959	13119
1366	ee7a0537434565ab7f3e8e70f6c9816a05cded8b3faf15562cc10fa64851c392	13128
1367	523badf3ec9fa78cf4e53f094f128919be718bc07e15ea45dfb771dba66c3cce	13129
1368	18be6460ff9debb9f556e2627ffa8fe0559ee6902d5571a394b5906235391852	13131
1369	f0a4a20fc1700144d95bdb9f4b34ea621f8e13e094862c9782c0597226144249	13136
1370	7905aff0f9446343530d5d1775a0b2b4bc8fbfacadf6d2eb2680b5ba53846e67	13143
1371	814041009f9fad15287e4a2fa45bd5ad04c89f631d69f6a49186be4bda4a185d	13148
1372	b6ffbac146dbedd3340e380e973260581531766850e9de2c709fa07e4073649f	13154
1373	d164c7085c24bf940f61f47b3140a2aa03ec2b88ccc2fe904f08cfcebdc35e34	13191
1374	61c21e7ae29616fc0356bf8d2c1faef4bb824012e58b576f0db8f318ea7f5bc7	13202
1375	a2ee10bdb57b5801fcfd5e035f5a0c35ba95b7858e3a7c19ddb47c16124eecaa	13208
1376	c8548875478d45808b6ba5fbcd37472826943697c058808adee65d9b765a3cdf	13220
1377	b83aeef4de4b5c4e255905d6ddd1894b931f134b24be463c1f718769dfb04b5b	13221
1378	3b500caff673df999b7cf6a61476d020b5fa01917118528240f67a3bb24ba321	13230
1379	00bbe7132526293002da7be95b330c9e4628187f4a6a78d017cfd6dfdef8953a	13248
1380	128e57bbb629d6ff00edbd509b30bf7af0b7ff36565b158a88bd111599209911	13260
1381	fef1124ea1bbff34664c6a21263e213fddadbafcd1b8f32631238359c22212c8	13263
1382	ed991b59c0a50467b795562f4fd02492e72c01381d1e28f2f8f004b6c4d6ae26	13264
1383	fa51f4365ec1ed8a56a77421166eab9f224f448e3f55ae940b7cedf3020f7c09	13265
1384	4736f98dfbb2f5e6428c25a5e75465e246a574e57b3c456e77730e9aefcf8cf7	13284
1385	4094c19f5cc387e6936d171c1aff3d3a0681ce011b17e49b8539083f1f36fb89	13287
1386	83b550b4c4f75d265b6fb33754bd8179c0880545d861c8bcef3e384989701a84	13329
1387	9047763ef054b36eedbea216a75e7f0746cbd8772b4176296d59cd88d4d94896	13334
1388	08233e35a1dbe2896ca02f6f247fb19efa2b9958e97cd9bb7b1b7959dc0092a9	13338
1389	e876f100a19281ef5a80684b379f1ac078c3ee20049654b8f36f4536ffc9b02f	13342
1390	135b267a9df40d7ce7780f2f711c9bf5afdd2990df64ccb6ce6fa05152973b83	13349
1391	2b68233ed325c990ec68cfc411c1b1a1c3522fef02de0f0821e2092ac1c99e24	13354
\.


--
-- Data for Name: block_data; Type: TABLE DATA; Schema: public; Owner: postgres
--

COPY public.block_data (block_height, data) FROM stdin;
1318	\\x7b22626f6479223a5b5d2c2266656573223a7b225f5f74797065223a22626967696e74222c2276616c7565223a2230227d2c22686561646572223a7b22626c6f636b4e6f223a313331382c2268617368223a2265346135376661313239316439313933376265356161633733323230623035646335623361316136646131633532346137353065623064333030333637303539222c22736c6f74223a31323638377d2c22697373756572566b223a2264636664393463356366313732393533616533386162646438386537336534636334343265626438636265333863316365326532383936663930383638623030222c2270726576696f7573426c6f636b223a2264353139383863303734336266383335636461366436626363396234333136396438343737333436313165353833383266653630356265373833326132353865222c2273697a65223a342c22746f74616c4f7574707574223a7b225f5f74797065223a22626967696e74222c2276616c7565223a2230227d2c227478436f756e74223a302c22767266223a227672665f766b317374376a6c3372393672376b656873716e76763276677663676634336b706c6a6c396736736e3733367866687868326e7675347164376c7a6566227d
1319	\\x7b22626f6479223a5b5d2c2266656573223a7b225f5f74797065223a22626967696e74222c2276616c7565223a2230227d2c22686561646572223a7b22626c6f636b4e6f223a313331392c2268617368223a2262306239323737636136396464633338393063393366616539383030363532373237626237653062336131623130373431663539643864613065646633613136222c22736c6f74223a31323638387d2c22697373756572566b223a2233396536383665353235393061363838633563383538633731616164333833393131626265663864363931333766386563383061313533643733383038336630222c2270726576696f7573426c6f636b223a2265346135376661313239316439313933376265356161633733323230623035646335623361316136646131633532346137353065623064333030333637303539222c2273697a65223a342c22746f74616c4f7574707574223a7b225f5f74797065223a22626967696e74222c2276616c7565223a2230227d2c227478436f756e74223a302c22767266223a227672665f766b316464717a737a71613938637873323433726d6a63716330373379393977356573707130383873366637343737656175736736667178656b676b65227d
1320	\\x7b22626f6479223a5b5d2c2266656573223a7b225f5f74797065223a22626967696e74222c2276616c7565223a2230227d2c22686561646572223a7b22626c6f636b4e6f223a313332302c2268617368223a2264393461373134383061333463383162353632346230303239346433346665663438626638333139656238373634323937366461326562333439666131663137222c22736c6f74223a31323639397d2c22697373756572566b223a2231376230396136333133323831383263366463393337333934323731353064326564353765353439363032313662373666643365626466326262663863306135222c2270726576696f7573426c6f636b223a2262306239323737636136396464633338393063393366616539383030363532373237626237653062336131623130373431663539643864613065646633613136222c2273697a65223a342c22746f74616c4f7574707574223a7b225f5f74797065223a22626967696e74222c2276616c7565223a2230227d2c227478436f756e74223a302c22767266223a227672665f766b3176786c6765653973743272716b3775347063647130707a716165656e707635646d6d3468677873376565343067387068636e3673647366723338227d
1321	\\x7b22626f6479223a5b5d2c2266656573223a7b225f5f74797065223a22626967696e74222c2276616c7565223a2230227d2c22686561646572223a7b22626c6f636b4e6f223a313332312c2268617368223a2239363234616561303066303364666433376636353033343230633136323432666165616165653363353566333234386638303534323438643835326331396439222c22736c6f74223a31323730317d2c22697373756572566b223a2231376230396136333133323831383263366463393337333934323731353064326564353765353439363032313662373666643365626466326262663863306135222c2270726576696f7573426c6f636b223a2264393461373134383061333463383162353632346230303239346433346665663438626638333139656238373634323937366461326562333439666131663137222c2273697a65223a342c22746f74616c4f7574707574223a7b225f5f74797065223a22626967696e74222c2276616c7565223a2230227d2c227478436f756e74223a302c22767266223a227672665f766b3176786c6765653973743272716b3775347063647130707a716165656e707635646d6d3468677873376565343067387068636e3673647366723338227d
1322	\\x7b22626f6479223a5b5d2c2266656573223a7b225f5f74797065223a22626967696e74222c2276616c7565223a2230227d2c22686561646572223a7b22626c6f636b4e6f223a313332322c2268617368223a2266323336633131383534653733656339346362376264636635313565313165303536393636653032376461306363333533626665323631653664363665396631222c22736c6f74223a31323731357d2c22697373756572566b223a2233396536383665353235393061363838633563383538633731616164333833393131626265663864363931333766386563383061313533643733383038336630222c2270726576696f7573426c6f636b223a2239363234616561303066303364666433376636353033343230633136323432666165616165653363353566333234386638303534323438643835326331396439222c2273697a65223a342c22746f74616c4f7574707574223a7b225f5f74797065223a22626967696e74222c2276616c7565223a2230227d2c227478436f756e74223a302c22767266223a227672665f766b316464717a737a71613938637873323433726d6a63716330373379393977356573707130383873366637343737656175736736667178656b676b65227d
1323	\\x7b22626f6479223a5b5d2c2266656573223a7b225f5f74797065223a22626967696e74222c2276616c7565223a2230227d2c22686561646572223a7b22626c6f636b4e6f223a313332332c2268617368223a2235373137613363643563396230303238313638316432636435363833633035623738363434623238616136393836356161626531356635363634316338643732222c22736c6f74223a31323732347d2c22697373756572566b223a2233396536383665353235393061363838633563383538633731616164333833393131626265663864363931333766386563383061313533643733383038336630222c2270726576696f7573426c6f636b223a2266323336633131383534653733656339346362376264636635313565313165303536393636653032376461306363333533626665323631653664363665396631222c2273697a65223a342c22746f74616c4f7574707574223a7b225f5f74797065223a22626967696e74222c2276616c7565223a2230227d2c227478436f756e74223a302c22767266223a227672665f766b316464717a737a71613938637873323433726d6a63716330373379393977356573707130383873366637343737656175736736667178656b676b65227d
1324	\\x7b22626f6479223a5b5d2c2266656573223a7b225f5f74797065223a22626967696e74222c2276616c7565223a2230227d2c22686561646572223a7b22626c6f636b4e6f223a313332342c2268617368223a2233316136366561396464633238396266313437396262363236383066373434346533343738653238383461653339303862333133353639306335313565363832222c22736c6f74223a31323735377d2c22697373756572566b223a2231313138386363303561386139623031383239366132366535313363626635616334386531613863303062663932303737666666633866373837383633643837222c2270726576696f7573426c6f636b223a2235373137613363643563396230303238313638316432636435363833633035623738363434623238616136393836356161626531356635363634316338643732222c2273697a65223a342c22746f74616c4f7574707574223a7b225f5f74797065223a22626967696e74222c2276616c7565223a2230227d2c227478436f756e74223a302c22767266223a227672665f766b31743838756e777137366138767a39327677616774373372367a35686c76786c6775733372336d6e337a6d6a367235743771793471756163663539227d
1325	\\x7b22626f6479223a5b5d2c2266656573223a7b225f5f74797065223a22626967696e74222c2276616c7565223a2230227d2c22686561646572223a7b22626c6f636b4e6f223a313332352c2268617368223a2239366131663765326339316565613730366261333462316339666636633265643132626635346432366464653364636131353031643764376666383930376161222c22736c6f74223a31323736337d2c22697373756572566b223a2231376230396136333133323831383263366463393337333934323731353064326564353765353439363032313662373666643365626466326262663863306135222c2270726576696f7573426c6f636b223a2233316136366561396464633238396266313437396262363236383066373434346533343738653238383461653339303862333133353639306335313565363832222c2273697a65223a342c22746f74616c4f7574707574223a7b225f5f74797065223a22626967696e74222c2276616c7565223a2230227d2c227478436f756e74223a302c22767266223a227672665f766b3176786c6765653973743272716b3775347063647130707a716165656e707635646d6d3468677873376565343067387068636e3673647366723338227d
1326	\\x7b22626f6479223a5b5d2c2266656573223a7b225f5f74797065223a22626967696e74222c2276616c7565223a2230227d2c22686561646572223a7b22626c6f636b4e6f223a313332362c2268617368223a2233633261656636396133626565633333646662373137626535386530303930396463353964376663393261386234353538313330376435383831393066623439222c22736c6f74223a31323737327d2c22697373756572566b223a2233396536383665353235393061363838633563383538633731616164333833393131626265663864363931333766386563383061313533643733383038336630222c2270726576696f7573426c6f636b223a2239366131663765326339316565613730366261333462316339666636633265643132626635346432366464653364636131353031643764376666383930376161222c2273697a65223a342c22746f74616c4f7574707574223a7b225f5f74797065223a22626967696e74222c2276616c7565223a2230227d2c227478436f756e74223a302c22767266223a227672665f766b316464717a737a71613938637873323433726d6a63716330373379393977356573707130383873366637343737656175736736667178656b676b65227d
1327	\\x7b22626f6479223a5b5d2c2266656573223a7b225f5f74797065223a22626967696e74222c2276616c7565223a2230227d2c22686561646572223a7b22626c6f636b4e6f223a313332372c2268617368223a2266336631323564383833323737363234396337643739373863663663366436373963303264323432646261346338323930366638656432653961393365663634222c22736c6f74223a31323737377d2c22697373756572566b223a2233396536383665353235393061363838633563383538633731616164333833393131626265663864363931333766386563383061313533643733383038336630222c2270726576696f7573426c6f636b223a2233633261656636396133626565633333646662373137626535386530303930396463353964376663393261386234353538313330376435383831393066623439222c2273697a65223a342c22746f74616c4f7574707574223a7b225f5f74797065223a22626967696e74222c2276616c7565223a2230227d2c227478436f756e74223a302c22767266223a227672665f766b316464717a737a71613938637873323433726d6a63716330373379393977356573707130383873366637343737656175736736667178656b676b65227d
1328	\\x7b22626f6479223a5b5d2c2266656573223a7b225f5f74797065223a22626967696e74222c2276616c7565223a2230227d2c22686561646572223a7b22626c6f636b4e6f223a313332382c2268617368223a2230323364633731386239633331363337343237633862643532666564656432393735643735323430613265366436396331326238623037393833313331633330222c22736c6f74223a31323738317d2c22697373756572566b223a2233396536383665353235393061363838633563383538633731616164333833393131626265663864363931333766386563383061313533643733383038336630222c2270726576696f7573426c6f636b223a2266336631323564383833323737363234396337643739373863663663366436373963303264323432646261346338323930366638656432653961393365663634222c2273697a65223a342c22746f74616c4f7574707574223a7b225f5f74797065223a22626967696e74222c2276616c7565223a2230227d2c227478436f756e74223a302c22767266223a227672665f766b316464717a737a71613938637873323433726d6a63716330373379393977356573707130383873366637343737656175736736667178656b676b65227d
1329	\\x7b22626f6479223a5b5d2c2266656573223a7b225f5f74797065223a22626967696e74222c2276616c7565223a2230227d2c22686561646572223a7b22626c6f636b4e6f223a313332392c2268617368223a2239363637373565623935623038623638303536643564653131656365323331623962333732386337336137363334626131313036303366653966323333616463222c22736c6f74223a31323739327d2c22697373756572566b223a2266383632363364623935366330616230663365373332623863646130366431336365333732343363616266653538333634333434306435373161366364366333222c2270726576696f7573426c6f636b223a2230323364633731386239633331363337343237633862643532666564656432393735643735323430613265366436396331326238623037393833313331633330222c2273697a65223a342c22746f74616c4f7574707574223a7b225f5f74797065223a22626967696e74222c2276616c7565223a2230227d2c227478436f756e74223a302c22767266223a227672665f766b317a39776a64776c7665346b7470793363667a7930676b783576646c646c73326b66396d6764786c68677a703570656e3333613271347632633770227d
1330	\\x7b22626f6479223a5b5d2c2266656573223a7b225f5f74797065223a22626967696e74222c2276616c7565223a2230227d2c22686561646572223a7b22626c6f636b4e6f223a313333302c2268617368223a2230323562393436343266633733623335316631663964653034626363616433613065393266366333626464636261373437323034636166663332616335396539222c22736c6f74223a31323739337d2c22697373756572566b223a2233396536383665353235393061363838633563383538633731616164333833393131626265663864363931333766386563383061313533643733383038336630222c2270726576696f7573426c6f636b223a2239363637373565623935623038623638303536643564653131656365323331623962333732386337336137363334626131313036303366653966323333616463222c2273697a65223a342c22746f74616c4f7574707574223a7b225f5f74797065223a22626967696e74222c2276616c7565223a2230227d2c227478436f756e74223a302c22767266223a227672665f766b316464717a737a71613938637873323433726d6a63716330373379393977356573707130383873366637343737656175736736667178656b676b65227d
1331	\\x7b22626f6479223a5b5d2c2266656573223a7b225f5f74797065223a22626967696e74222c2276616c7565223a2230227d2c22686561646572223a7b22626c6f636b4e6f223a313333312c2268617368223a2266373161323761623431343863376662653433333966306166363262653032666266623463363038626239333665623137633462356537346537383931613131222c22736c6f74223a31323830307d2c22697373756572566b223a2233396536383665353235393061363838633563383538633731616164333833393131626265663864363931333766386563383061313533643733383038336630222c2270726576696f7573426c6f636b223a2230323562393436343266633733623335316631663964653034626363616433613065393266366333626464636261373437323034636166663332616335396539222c2273697a65223a342c22746f74616c4f7574707574223a7b225f5f74797065223a22626967696e74222c2276616c7565223a2230227d2c227478436f756e74223a302c22767266223a227672665f766b316464717a737a71613938637873323433726d6a63716330373379393977356573707130383873366637343737656175736736667178656b676b65227d
1332	\\x7b22626f6479223a5b5d2c2266656573223a7b225f5f74797065223a22626967696e74222c2276616c7565223a2230227d2c22686561646572223a7b22626c6f636b4e6f223a313333322c2268617368223a2235383665353365383935643161643035393965383666646134323438643239343462623236376165636637356366656631366635623435343230326231303539222c22736c6f74223a31323831327d2c22697373756572566b223a2261306537353435313164353764613263353234343933643839346338643231356663393036376634346333396662653936363530326366326163666534643238222c2270726576696f7573426c6f636b223a2266373161323761623431343863376662653433333966306166363262653032666266623463363038626239333665623137633462356537346537383931613131222c2273697a65223a342c22746f74616c4f7574707574223a7b225f5f74797065223a22626967696e74222c2276616c7565223a2230227d2c227478436f756e74223a302c22767266223a227672665f766b313071357a793932726b6c756763336b67703671706d3065646c6d6b7438336c6a307532386365686b77387076386d37707071397166736d363337227d
1333	\\x7b22626f6479223a5b5d2c2266656573223a7b225f5f74797065223a22626967696e74222c2276616c7565223a2230227d2c22686561646572223a7b22626c6f636b4e6f223a313333332c2268617368223a2263326266366536346562643265336439643431613530386139616661666662326435343163646134393265333436333432326364313664303836326362623238222c22736c6f74223a31323835377d2c22697373756572566b223a2263346433326263356663323537393061376161633237623233393964313564343932313065383837666234663832666537623064626637333635373136623265222c2270726576696f7573426c6f636b223a2235383665353365383935643161643035393965383666646134323438643239343462623236376165636637356366656631366635623435343230326231303539222c2273697a65223a342c22746f74616c4f7574707574223a7b225f5f74797065223a22626967696e74222c2276616c7565223a2230227d2c227478436f756e74223a302c22767266223a227672665f766b316b646568686571776579776861387068363970363766393430737763736d35327171736532397775386c397735763376793539717a756639776d227d
1334	\\x7b22626f6479223a5b5d2c2266656573223a7b225f5f74797065223a22626967696e74222c2276616c7565223a2230227d2c22686561646572223a7b22626c6f636b4e6f223a313333342c2268617368223a2239373837636362333231633964346163313562626664346231613334323838613962663033663830323364346130313562373766396434643137353165333332222c22736c6f74223a31323836317d2c22697373756572566b223a2266383632363364623935366330616230663365373332623863646130366431336365333732343363616266653538333634333434306435373161366364366333222c2270726576696f7573426c6f636b223a2263326266366536346562643265336439643431613530386139616661666662326435343163646134393265333436333432326364313664303836326362623238222c2273697a65223a342c22746f74616c4f7574707574223a7b225f5f74797065223a22626967696e74222c2276616c7565223a2230227d2c227478436f756e74223a302c22767266223a227672665f766b317a39776a64776c7665346b7470793363667a7930676b783576646c646c73326b66396d6764786c68677a703570656e3333613271347632633770227d
1335	\\x7b22626f6479223a5b5d2c2266656573223a7b225f5f74797065223a22626967696e74222c2276616c7565223a2230227d2c22686561646572223a7b22626c6f636b4e6f223a313333352c2268617368223a2237643465383530363031313464613366616631343931633532613864383061323431383263613232643736353734656334396435653536383431323330666234222c22736c6f74223a31323838317d2c22697373756572566b223a2231376230396136333133323831383263366463393337333934323731353064326564353765353439363032313662373666643365626466326262663863306135222c2270726576696f7573426c6f636b223a2239373837636362333231633964346163313562626664346231613334323838613962663033663830323364346130313562373766396434643137353165333332222c2273697a65223a342c22746f74616c4f7574707574223a7b225f5f74797065223a22626967696e74222c2276616c7565223a2230227d2c227478436f756e74223a302c22767266223a227672665f766b3176786c6765653973743272716b3775347063647130707a716165656e707635646d6d3468677873376565343067387068636e3673647366723338227d
1336	\\x7b22626f6479223a5b5d2c2266656573223a7b225f5f74797065223a22626967696e74222c2276616c7565223a2230227d2c22686561646572223a7b22626c6f636b4e6f223a313333362c2268617368223a2236343230636431663839616662326164663630656230303061613130346631653861663666633131623666396463316539643462313237346430653636626461222c22736c6f74223a31323838347d2c22697373756572566b223a2233396536383665353235393061363838633563383538633731616164333833393131626265663864363931333766386563383061313533643733383038336630222c2270726576696f7573426c6f636b223a2237643465383530363031313464613366616631343931633532613864383061323431383263613232643736353734656334396435653536383431323330666234222c2273697a65223a342c22746f74616c4f7574707574223a7b225f5f74797065223a22626967696e74222c2276616c7565223a2230227d2c227478436f756e74223a302c22767266223a227672665f766b316464717a737a71613938637873323433726d6a63716330373379393977356573707130383873366637343737656175736736667178656b676b65227d
1337	\\x7b22626f6479223a5b5d2c2266656573223a7b225f5f74797065223a22626967696e74222c2276616c7565223a2230227d2c22686561646572223a7b22626c6f636b4e6f223a313333372c2268617368223a2235313664313739626339373137393164306130643537366133306666623666363933623837373137663735613739353838383837326536616439353138366639222c22736c6f74223a31323839357d2c22697373756572566b223a2266383632363364623935366330616230663365373332623863646130366431336365333732343363616266653538333634333434306435373161366364366333222c2270726576696f7573426c6f636b223a2236343230636431663839616662326164663630656230303061613130346631653861663666633131623666396463316539643462313237346430653636626461222c2273697a65223a342c22746f74616c4f7574707574223a7b225f5f74797065223a22626967696e74222c2276616c7565223a2230227d2c227478436f756e74223a302c22767266223a227672665f766b317a39776a64776c7665346b7470793363667a7930676b783576646c646c73326b66396d6764786c68677a703570656e3333613271347632633770227d
1338	\\x7b22626f6479223a5b5d2c2266656573223a7b225f5f74797065223a22626967696e74222c2276616c7565223a2230227d2c22686561646572223a7b22626c6f636b4e6f223a313333382c2268617368223a2237383761393461316565343661306465643331393535643134643136316330333934383236383639303731383432396361373264333239666336616362303938222c22736c6f74223a31323930307d2c22697373756572566b223a2263346433326263356663323537393061376161633237623233393964313564343932313065383837666234663832666537623064626637333635373136623265222c2270726576696f7573426c6f636b223a2235313664313739626339373137393164306130643537366133306666623666363933623837373137663735613739353838383837326536616439353138366639222c2273697a65223a342c22746f74616c4f7574707574223a7b225f5f74797065223a22626967696e74222c2276616c7565223a2230227d2c227478436f756e74223a302c22767266223a227672665f766b316b646568686571776579776861387068363970363766393430737763736d35327171736532397775386c397735763376793539717a756639776d227d
1339	\\x7b22626f6479223a5b5d2c2266656573223a7b225f5f74797065223a22626967696e74222c2276616c7565223a2230227d2c22686561646572223a7b22626c6f636b4e6f223a313333392c2268617368223a2236653639663330393231353562343230396334666661633733386231386332356364303032306465653461663065666630613761643036333737386338346564222c22736c6f74223a31323930347d2c22697373756572566b223a2233396536383665353235393061363838633563383538633731616164333833393131626265663864363931333766386563383061313533643733383038336630222c2270726576696f7573426c6f636b223a2237383761393461316565343661306465643331393535643134643136316330333934383236383639303731383432396361373264333239666336616362303938222c2273697a65223a342c22746f74616c4f7574707574223a7b225f5f74797065223a22626967696e74222c2276616c7565223a2230227d2c227478436f756e74223a302c22767266223a227672665f766b316464717a737a71613938637873323433726d6a63716330373379393977356573707130383873366637343737656175736736667178656b676b65227d
1340	\\x7b22626f6479223a5b5d2c2266656573223a7b225f5f74797065223a22626967696e74222c2276616c7565223a2230227d2c22686561646572223a7b22626c6f636b4e6f223a313334302c2268617368223a2239643732323032613834303464663939396433623336356266623261623830353632323331383262613131326666316536383239393236353231363434653162222c22736c6f74223a31323930357d2c22697373756572566b223a2235373732376161383434343435666630343062663138303138363736363762636332396562326332613165666431353039643136636235656333393535323463222c2270726576696f7573426c6f636b223a2236653639663330393231353562343230396334666661633733386231386332356364303032306465653461663065666630613761643036333737386338346564222c2273697a65223a342c22746f74616c4f7574707574223a7b225f5f74797065223a22626967696e74222c2276616c7565223a2230227d2c227478436f756e74223a302c22767266223a227672665f766b316838706a78663534733361377774643674326464776775737165706463747174323832666b717077373579616766356e677a727365336578396c227d
1341	\\x7b22626f6479223a5b5d2c2266656573223a7b225f5f74797065223a22626967696e74222c2276616c7565223a2230227d2c22686561646572223a7b22626c6f636b4e6f223a313334312c2268617368223a2236646363323334376666373038656631343239376566396232383831303263316134306366663739656434386564373365663166356663616134633861363533222c22736c6f74223a31323931397d2c22697373756572566b223a2261306537353435313164353764613263353234343933643839346338643231356663393036376634346333396662653936363530326366326163666534643238222c2270726576696f7573426c6f636b223a2239643732323032613834303464663939396433623336356266623261623830353632323331383262613131326666316536383239393236353231363434653162222c2273697a65223a342c22746f74616c4f7574707574223a7b225f5f74797065223a22626967696e74222c2276616c7565223a2230227d2c227478436f756e74223a302c22767266223a227672665f766b313071357a793932726b6c756763336b67703671706d3065646c6d6b7438336c6a307532386365686b77387076386d37707071397166736d363337227d
1342	\\x7b22626f6479223a5b5d2c2266656573223a7b225f5f74797065223a22626967696e74222c2276616c7565223a2230227d2c22686561646572223a7b22626c6f636b4e6f223a313334322c2268617368223a2266316639343839643731623764663434313331656533613061653736636239323963663961353661346338663939646430396265386238613966373237326162222c22736c6f74223a31323933357d2c22697373756572566b223a2233396536383665353235393061363838633563383538633731616164333833393131626265663864363931333766386563383061313533643733383038336630222c2270726576696f7573426c6f636b223a2236646363323334376666373038656631343239376566396232383831303263316134306366663739656434386564373365663166356663616134633861363533222c2273697a65223a342c22746f74616c4f7574707574223a7b225f5f74797065223a22626967696e74222c2276616c7565223a2230227d2c227478436f756e74223a302c22767266223a227672665f766b316464717a737a71613938637873323433726d6a63716330373379393977356573707130383873366637343737656175736736667178656b676b65227d
1343	\\x7b22626f6479223a5b5d2c2266656573223a7b225f5f74797065223a22626967696e74222c2276616c7565223a2230227d2c22686561646572223a7b22626c6f636b4e6f223a313334332c2268617368223a2263633764343030323338333934326132373339323165663037343165636533636535396366313566393664323736313665386465656565373231353930353537222c22736c6f74223a31323933387d2c22697373756572566b223a2235373732376161383434343435666630343062663138303138363736363762636332396562326332613165666431353039643136636235656333393535323463222c2270726576696f7573426c6f636b223a2266316639343839643731623764663434313331656533613061653736636239323963663961353661346338663939646430396265386238613966373237326162222c2273697a65223a342c22746f74616c4f7574707574223a7b225f5f74797065223a22626967696e74222c2276616c7565223a2230227d2c227478436f756e74223a302c22767266223a227672665f766b316838706a78663534733361377774643674326464776775737165706463747174323832666b717077373579616766356e677a727365336578396c227d
1344	\\x7b22626f6479223a5b5d2c2266656573223a7b225f5f74797065223a22626967696e74222c2276616c7565223a2230227d2c22686561646572223a7b22626c6f636b4e6f223a313334342c2268617368223a2238663331376531333534316433323931626464666634383735306564393363386164626633366462313966383131383338656165323534373834666334333336222c22736c6f74223a31323935307d2c22697373756572566b223a2231376230396136333133323831383263366463393337333934323731353064326564353765353439363032313662373666643365626466326262663863306135222c2270726576696f7573426c6f636b223a2263633764343030323338333934326132373339323165663037343165636533636535396366313566393664323736313665386465656565373231353930353537222c2273697a65223a342c22746f74616c4f7574707574223a7b225f5f74797065223a22626967696e74222c2276616c7565223a2230227d2c227478436f756e74223a302c22767266223a227672665f766b3176786c6765653973743272716b3775347063647130707a716165656e707635646d6d3468677873376565343067387068636e3673647366723338227d
1345	\\x7b22626f6479223a5b5d2c2266656573223a7b225f5f74797065223a22626967696e74222c2276616c7565223a2230227d2c22686561646572223a7b22626c6f636b4e6f223a313334352c2268617368223a2264656134306435363163633739393530346438343366653739393362393939623235313135356265363761633434356238616530663463303865636439303336222c22736c6f74223a31323938307d2c22697373756572566b223a2261306537353435313164353764613263353234343933643839346338643231356663393036376634346333396662653936363530326366326163666534643238222c2270726576696f7573426c6f636b223a2238663331376531333534316433323931626464666634383735306564393363386164626633366462313966383131383338656165323534373834666334333336222c2273697a65223a342c22746f74616c4f7574707574223a7b225f5f74797065223a22626967696e74222c2276616c7565223a2230227d2c227478436f756e74223a302c22767266223a227672665f766b313071357a793932726b6c756763336b67703671706d3065646c6d6b7438336c6a307532386365686b77387076386d37707071397166736d363337227d
1346	\\x7b22626f6479223a5b5d2c2266656573223a7b225f5f74797065223a22626967696e74222c2276616c7565223a2230227d2c22686561646572223a7b22626c6f636b4e6f223a313334362c2268617368223a2235636339323638616533363237363365656130323335653036336130656663323635656139336265623465643264333561306432383035613532326432623833222c22736c6f74223a31323938357d2c22697373756572566b223a2266383632363364623935366330616230663365373332623863646130366431336365333732343363616266653538333634333434306435373161366364366333222c2270726576696f7573426c6f636b223a2264656134306435363163633739393530346438343366653739393362393939623235313135356265363761633434356238616530663463303865636439303336222c2273697a65223a342c22746f74616c4f7574707574223a7b225f5f74797065223a22626967696e74222c2276616c7565223a2230227d2c227478436f756e74223a302c22767266223a227672665f766b317a39776a64776c7665346b7470793363667a7930676b783576646c646c73326b66396d6764786c68677a703570656e3333613271347632633770227d
1347	\\x7b22626f6479223a5b5d2c2266656573223a7b225f5f74797065223a22626967696e74222c2276616c7565223a2230227d2c22686561646572223a7b22626c6f636b4e6f223a313334372c2268617368223a2263363265333739333937623636373136663936613063313632653365373465346165336565346234346238303366656465656339316136323363346530303233222c22736c6f74223a31323939307d2c22697373756572566b223a2263346433326263356663323537393061376161633237623233393964313564343932313065383837666234663832666537623064626637333635373136623265222c2270726576696f7573426c6f636b223a2235636339323638616533363237363365656130323335653036336130656663323635656139336265623465643264333561306432383035613532326432623833222c2273697a65223a342c22746f74616c4f7574707574223a7b225f5f74797065223a22626967696e74222c2276616c7565223a2230227d2c227478436f756e74223a302c22767266223a227672665f766b316b646568686571776579776861387068363970363766393430737763736d35327171736532397775386c397735763376793539717a756639776d227d
1348	\\x7b22626f6479223a5b5d2c2266656573223a7b225f5f74797065223a22626967696e74222c2276616c7565223a2230227d2c22686561646572223a7b22626c6f636b4e6f223a313334382c2268617368223a2235333038373961363739343564333663323262616131613565656336383937666633373433363062383735653662303033373732393762336264303938393761222c22736c6f74223a31323939317d2c22697373756572566b223a2235373732376161383434343435666630343062663138303138363736363762636332396562326332613165666431353039643136636235656333393535323463222c2270726576696f7573426c6f636b223a2263363265333739333937623636373136663936613063313632653365373465346165336565346234346238303366656465656339316136323363346530303233222c2273697a65223a342c22746f74616c4f7574707574223a7b225f5f74797065223a22626967696e74222c2276616c7565223a2230227d2c227478436f756e74223a302c22767266223a227672665f766b316838706a78663534733361377774643674326464776775737165706463747174323832666b717077373579616766356e677a727365336578396c227d
1349	\\x7b22626f6479223a5b5d2c2266656573223a7b225f5f74797065223a22626967696e74222c2276616c7565223a2230227d2c22686561646572223a7b22626c6f636b4e6f223a313334392c2268617368223a2262393934663236376363663739333564336563333232623037613232303264656232323264303236356639326337343738313532636537366634393564643266222c22736c6f74223a31333031397d2c22697373756572566b223a2231376230396136333133323831383263366463393337333934323731353064326564353765353439363032313662373666643365626466326262663863306135222c2270726576696f7573426c6f636b223a2235333038373961363739343564333663323262616131613565656336383937666633373433363062383735653662303033373732393762336264303938393761222c2273697a65223a342c22746f74616c4f7574707574223a7b225f5f74797065223a22626967696e74222c2276616c7565223a2230227d2c227478436f756e74223a302c22767266223a227672665f766b3176786c6765653973743272716b3775347063647130707a716165656e707635646d6d3468677873376565343067387068636e3673647366723338227d
1350	\\x7b22626f6479223a5b7b22617578696c6961727944617461223a7b225f5f74797065223a22756e646566696e6564227d2c22626f6479223a7b22617578696c696172794461746148617368223a7b225f5f74797065223a22756e646566696e6564227d2c22636572746966696361746573223a5b5d2c22636f6c6c61746572616c73223a5b5d2c22666565223a7b225f5f74797065223a22626967696e74222c2276616c7565223a22313830373235227d2c22696e70757473223a5b7b22696e646578223a312c2274784964223a2232663865613431326134396333396335366535633763653039373730373765373564366333653165313633313130323635316135623263383439306239636361227d5d2c226d696e74223a7b225f5f74797065223a224d6170222c2276616c7565223a5b5d7d2c226f757470757473223a5b7b2261646472657373223a22616464725f746573743171707730646a676a307835396e67726a767174686e37656e68767275786e736176737735746836336c61336d6a656c33746b63393734737232336a6d6c7a6771357a646134677476386b39637933383735367239793371676d6b71716a7a36616137222c22646174756d223a7b225f5f74797065223a22756e646566696e6564227d2c22646174756d48617368223a7b225f5f74797065223a22756e646566696e6564227d2c227363726970745265666572656e6365223a7b225f5f74797065223a22756e646566696e6564227d2c2276616c7565223a7b22617373657473223a7b225f5f74797065223a224d6170222c2276616c7565223a5b5d7d2c22636f696e73223a7b225f5f74797065223a22626967696e74222c2276616c7565223a2235303030303030227d7d7d2c7b2261646472657373223a22616464725f746573743171707730646a676a307835396e67726a767174686e37656e68767275786e736176737735746836336c61336d6a656c33746b63393734737232336a6d6c7a6771357a646134677476386b39637933383735367239793371676d6b71716a7a36616137222c22646174756d223a7b225f5f74797065223a22756e646566696e6564227d2c22646174756d48617368223a7b225f5f74797065223a22756e646566696e6564227d2c227363726970745265666572656e6365223a7b225f5f74797065223a22756e646566696e6564227d2c2276616c7565223a7b22617373657473223a7b225f5f74797065223a224d6170222c2276616c7565223a5b5d7d2c22636f696e73223a7b225f5f74797065223a22626967696e74222c2276616c7565223a2231323832323334343835373731227d7d7d5d2c22726571756972656445787472615369676e617475726573223a5b5d2c22736372697074496e7465677269747948617368223a7b225f5f74797065223a22756e646566696e6564227d2c2276616c6964697479496e74657276616c223a7b22696e76616c69644265666f7265223a7b225f5f74797065223a22756e646566696e6564227d2c22696e76616c6964486572656166746572223a31343435397d2c227769746864726177616c73223a5b7b227175616e74697479223a7b225f5f74797065223a22626967696e74222c2276616c7565223a2232343135383035303534227d2c227374616b6541646472657373223a227374616b655f7465737431757263716a65663432657579637733376d75703532346d66346a3577716c77796c77776d39777a6a70347634326b736a6773676379227d2c7b227175616e74697479223a7b225f5f74797065223a22626967696e74222c2276616c7565223a223132383736323536383238227d2c227374616b6541646472657373223a227374616b655f7465737431757263346d767a6c326370346765646c337971327078373635396b726d7a757a676e6c3264706a6a677379646d71717867616d6a37227d5d7d2c226964223a2262363564343636396530666333623665656461633432613737366661643838653830313834623032663737353632356431326632313130393335656238363632222c22696e707574536f75726365223a22696e70757473222c227769746e657373223a7b22626f6f747374726170223a5b5d2c22646174756d73223a5b5d2c2272656465656d657273223a5b5d2c2273637269707473223a5b5d2c227369676e617475726573223a7b225f5f74797065223a224d6170222c2276616c7565223a5b5b2233363863663661313161633765323939313735363861333636616636326135393663623963646538313734626665376636653838333933656364623164636336222c226130363361333839373463393563393339653237643939653934393163666136353130633635356234376366653663663836653563373662333461353462343861353063626230633064346262306633613537656662386139656161633535313639353265346538303761386461343866363863393337326438616636383031225d2c5b2238373563316539386262626265396337376264646364373063613464373261633964303734303837346561643161663932393036323936353533663866333433222c223861616238313562333934646139363134383332363132656461396631343839643863386237356338313136613963336434646134376536306535323466303630366265336565383231383034613639643439366432643430663330306539653435333230343931613037336432323033373166303466613934626435643034225d2c5b2238363439393462663364643637393466646635366233623264343034363130313038396436643038393164346130616132343333316566383662306162386261222c223338666161356238663835383834323364383365626634373362376233633962633162316166663134323032333666636134393133356366363338333666366237306235663662643431336238653639363635653464343339616433663465313738366564653763666164646130666264396232613166623564643032353035225d5d7d7d7d5d2c2266656573223a7b225f5f74797065223a22626967696e74222c2276616c7565223a22313830373235227d2c22686561646572223a7b22626c6f636b4e6f223a313335302c2268617368223a2231376264656635366335353232306363396334303563343935313965383237313432333334663632326564633765386534633931363633326630323163356338222c22736c6f74223a31333032377d2c22697373756572566b223a2236323163636137336239303434633961373234656132306430376666636237316132633335393831613131336538343136663331366335393738366133383966222c2270726576696f7573426c6f636b223a2262393934663236376363663739333564336563333232623037613232303264656232323264303236356639326337343738313532636537366634393564643266222c2273697a65223a3537332c22746f74616c4f7574707574223a7b225f5f74797065223a22626967696e74222c2276616c7565223a2231323832323339343835373731227d2c227478436f756e74223a312c22767266223a227672665f766b316178723276646c366667347774733967767279723474786c6a326e7266643264733965336a7638346c6473386a6b336e6372667133666c757839227d
1351	\\x7b22626f6479223a5b5d2c2266656573223a7b225f5f74797065223a22626967696e74222c2276616c7565223a2230227d2c22686561646572223a7b22626c6f636b4e6f223a313335312c2268617368223a2266373339663134643535623632396638653339363736643464343932626339313362333437303061633933623434656235653030343132346566643434623265222c22736c6f74223a31333034317d2c22697373756572566b223a2261306537353435313164353764613263353234343933643839346338643231356663393036376634346333396662653936363530326366326163666534643238222c2270726576696f7573426c6f636b223a2231376264656635366335353232306363396334303563343935313965383237313432333334663632326564633765386534633931363633326630323163356338222c2273697a65223a342c22746f74616c4f7574707574223a7b225f5f74797065223a22626967696e74222c2276616c7565223a2230227d2c227478436f756e74223a302c22767266223a227672665f766b313071357a793932726b6c756763336b67703671706d3065646c6d6b7438336c6a307532386365686b77387076386d37707071397166736d363337227d
1352	\\x7b22626f6479223a5b5d2c2266656573223a7b225f5f74797065223a22626967696e74222c2276616c7565223a2230227d2c22686561646572223a7b22626c6f636b4e6f223a313335322c2268617368223a2264616536396336326365343136323966373630313162666564303831373837656631616630633763363036653535393330333437323434666132383838343134222c22736c6f74223a31333034327d2c22697373756572566b223a2231313138386363303561386139623031383239366132366535313363626635616334386531613863303062663932303737666666633866373837383633643837222c2270726576696f7573426c6f636b223a2266373339663134643535623632396638653339363736643464343932626339313362333437303061633933623434656235653030343132346566643434623265222c2273697a65223a342c22746f74616c4f7574707574223a7b225f5f74797065223a22626967696e74222c2276616c7565223a2230227d2c227478436f756e74223a302c22767266223a227672665f766b31743838756e777137366138767a39327677616774373372367a35686c76786c6775733372336d6e337a6d6a367235743771793471756163663539227d
1353	\\x7b22626f6479223a5b5d2c2266656573223a7b225f5f74797065223a22626967696e74222c2276616c7565223a2230227d2c22686561646572223a7b22626c6f636b4e6f223a313335332c2268617368223a2237666430373633643766333762346366346130643961623964383165396566323335663361363532616638383838346366646438653830346235663863633138222c22736c6f74223a31333034367d2c22697373756572566b223a2263346433326263356663323537393061376161633237623233393964313564343932313065383837666234663832666537623064626637333635373136623265222c2270726576696f7573426c6f636b223a2264616536396336326365343136323966373630313162666564303831373837656631616630633763363036653535393330333437323434666132383838343134222c2273697a65223a342c22746f74616c4f7574707574223a7b225f5f74797065223a22626967696e74222c2276616c7565223a2230227d2c227478436f756e74223a302c22767266223a227672665f766b316b646568686571776579776861387068363970363766393430737763736d35327171736532397775386c397735763376793539717a756639776d227d
1354	\\x7b22626f6479223a5b5d2c2266656573223a7b225f5f74797065223a22626967696e74222c2276616c7565223a2230227d2c22686561646572223a7b22626c6f636b4e6f223a313335342c2268617368223a2266623033626566383764613739353732636463303234356663323865393631373631393933343033613133363761613664313032643264353563653465653931222c22736c6f74223a31333034387d2c22697373756572566b223a2231313138386363303561386139623031383239366132366535313363626635616334386531613863303062663932303737666666633866373837383633643837222c2270726576696f7573426c6f636b223a2237666430373633643766333762346366346130643961623964383165396566323335663361363532616638383838346366646438653830346235663863633138222c2273697a65223a342c22746f74616c4f7574707574223a7b225f5f74797065223a22626967696e74222c2276616c7565223a2230227d2c227478436f756e74223a302c22767266223a227672665f766b31743838756e777137366138767a39327677616774373372367a35686c76786c6775733372336d6e337a6d6a367235743771793471756163663539227d
1355	\\x7b22626f6479223a5b5d2c2266656573223a7b225f5f74797065223a22626967696e74222c2276616c7565223a2230227d2c22686561646572223a7b22626c6f636b4e6f223a313335352c2268617368223a2236366164613333353766646532663836313464663931356461333531343261353365326364663733636663666465663036626366663531313631343564326338222c22736c6f74223a31333035347d2c22697373756572566b223a2236323163636137336239303434633961373234656132306430376666636237316132633335393831613131336538343136663331366335393738366133383966222c2270726576696f7573426c6f636b223a2266623033626566383764613739353732636463303234356663323865393631373631393933343033613133363761613664313032643264353563653465653931222c2273697a65223a342c22746f74616c4f7574707574223a7b225f5f74797065223a22626967696e74222c2276616c7565223a2230227d2c227478436f756e74223a302c22767266223a227672665f766b316178723276646c366667347774733967767279723474786c6a326e7266643264733965336a7638346c6473386a6b336e6372667133666c757839227d
1356	\\x7b22626f6479223a5b5d2c2266656573223a7b225f5f74797065223a22626967696e74222c2276616c7565223a2230227d2c22686561646572223a7b22626c6f636b4e6f223a313335362c2268617368223a2237633931613035363661643164353433656331313039333762643437313862633865656537323462396331356362626235666161353337663165323634656136222c22736c6f74223a31333035357d2c22697373756572566b223a2261306537353435313164353764613263353234343933643839346338643231356663393036376634346333396662653936363530326366326163666534643238222c2270726576696f7573426c6f636b223a2236366164613333353766646532663836313464663931356461333531343261353365326364663733636663666465663036626366663531313631343564326338222c2273697a65223a342c22746f74616c4f7574707574223a7b225f5f74797065223a22626967696e74222c2276616c7565223a2230227d2c227478436f756e74223a302c22767266223a227672665f766b313071357a793932726b6c756763336b67703671706d3065646c6d6b7438336c6a307532386365686b77387076386d37707071397166736d363337227d
1357	\\x7b22626f6479223a5b7b22617578696c6961727944617461223a7b22626c6f62223a7b225f5f74797065223a224d6170222c2276616c7565223a5b5b7b225f5f74797065223a22626967696e74222c2276616c7565223a22373231227d2c7b225f5f74797065223a224d6170222c2276616c7565223a5b5b223632313733623930623536376164346263663235346164306637366562333734643734396430623235666438323738366166366138333961222c7b225f5f74797065223a224d6170222c2276616c7565223a5b5b2268616e646c6531222c7b225f5f74797065223a224d6170222c2276616c7565223a5b5b226175676d656e746174696f6e73222c5b5d5d2c5b22636f7265222c7b225f5f74797065223a224d6170222c2276616c7565223a5b5b2268616e646c65456e636f64696e67222c227574662d38225d2c5b226f67222c7b225f5f74797065223a22626967696e74222c2276616c7565223a2230227d5d2c5b22707265666978222c2224225d2c5b227465726d736f66757365222c2268747470733a2f2f63617264616e6f666f756e646174696f6e2e6f72672f656e2f7465726d732d616e642d636f6e646974696f6e732f225d2c5b2276657273696f6e222c7b225f5f74797065223a22626967696e74222c2276616c7565223a2230227d5d5d7d5d2c5b226465736372697074696f6e222c225468652048616e646c65205374616e64617264225d2c5b22696d616765222c22697066733a2f2f736f6d652d68617368225d2c5b226e616d65222c222468616e646c6531225d2c5b2277656273697465222c2268747470733a2f2f63617264616e6f2e6f72672f225d5d7d5d5d7d5d5d7d5d5d7d2c2273637269707473223a5b5d7d2c22626f6479223a7b22617578696c696172794461746148617368223a2266396137363664303138666364333236626538323936366438643130333265343830383163636536326663626135666231323430326662363666616166366233222c22636572746966696361746573223a5b5d2c22636f6c6c61746572616c73223a5b5d2c22666565223a7b225f5f74797065223a22626967696e74222c2276616c7565223a22323339343231227d2c22696e70757473223a5b7b22696e646578223a302c2274784964223a2232663733336539323462636237373131613433613435616462663039373931393735373936326334313534343161333030623962366532313331363633326439227d2c7b22696e646578223a302c2274784964223a2237366464653663366466373433626366336331393032366135616338336332626331613031663165623865633461646664383135353132663361366132663439227d2c7b22696e646578223a302c2274784964223a2263306562303330326262343364356262383464653631396234616139386437626265656363343438343536356262383336356438646662663336646662393164227d2c7b22696e646578223a312c2274784964223a2266393133383661333639613234386535353264343165643335613763303931646662393666306633333635346462636132366261383236393564666163656466227d5d2c226d696e74223a7b225f5f74797065223a224d6170222c2276616c7565223a5b5b22363231373362393062353637616434626366323534616430663736656233373464373439643062323566643832373836616636613833396130303036343362303638363136653634366336353332222c7b225f5f74797065223a22626967696e74222c2276616c7565223a2231227d5d2c5b22363231373362393062353637616434626366323534616430663736656233373464373439643062323566643832373836616636613833396130303064653134303638363136653634366336353332222c7b225f5f74797065223a22626967696e74222c2276616c7565223a2231227d5d2c5b2236323137336239306235363761643462636632353461643066373665623337346437343964306232356664383237383661663661383339613638363136653634366336353331222c7b225f5f74797065223a22626967696e74222c2276616c7565223a2231227d5d5d7d2c226f757470757473223a5b7b2261646472657373223a22616464725f746573743171707730646a676a307835396e67726a767174686e37656e68767275786e736176737735746836336c61336d6a656c33746b63393734737232336a6d6c7a6771357a646134677476386b39637933383735367239793371676d6b71716a7a36616137222c22646174756d223a7b2263626f72223a2264383739396661613434366536313664363534613234373036383631373236643635373237333332343536393664363136373635353833383639373036363733336132663266376136343661333735373664366635613336353637393335363433333462333637353731343235333532356135303532376135333635363235363738363234633332366533313537343135313465343135383333366634633631353736353539373434393664363536343639363135343739373036353461363936643631363736353266366137303635363734323666363730303439366636373566366537353664363236353732303034363732363137323639373437393435363236313733363936333436366336353665363737343638303934613633363836313732363136333734363537323733346636633635373437343635373237333263366537353664363236353732373335313665373536643635373236393633356636643666363436393636363936353732373334303437373636353732373336393666366530313031623334383632363735663639366436313637363535383335363937303636373333613266326635313664353933363538363937313432373233393461346536653735363737353534353237333738333336663633373636623531363536643465346133353639343335323464363936353338333537373731376133393334346136663439373036363730356636393664363136373635353833353639373036363733336132663266353136643537363736613538343337383536353535333537353037393331353736643535353633333661366635303530333137333561346437363561333733313733366633363731373933363433333235613735366235323432343434363730366637323734363136633430343836343635373336393637366536353732353833383639373036363733336132663266376136323332373236383662333237383435333135343735353735373738373434383534376136663335363737343434363934353738343133363534373237363533346236393539366536313736373034353532333334633636343436623666346234373733366636333639363136633733343034363736363536653634366637323430343736343635363636313735366337343030346537333734363136653634363137323634356636393664363136373635353833383639373036363733336132663266376136323332373236383639366234333536373435333561376134623735363933353333366237363537346333383739373435363433373436333761363734353732333934323463366134363632353834323334353435383535373836383438373935333663363137333734356637353730363436313734363535663631363436343732363537333733353833393031653830666433303330626662313766323562666565353064326537316339656365363832393239313536393866393535656136363435656132623762653031323236386139356562616566653533303531363434303564663232636534313139613461333534396262663163646133643463373636313663363936343631373436353634356636323739353831633464613936356130343964666431356564316565313966626136653239373461306237396663343136646431373936613166393766356531346136393664363136373635356636383631373336383538323062636435386330646365656139376237313762636265306564633430623265363566633233323961346462396365333731366234376239306562353136376465353337333734363136653634363137323634356636393664363136373635356636383631373336383538323062336430366238363034616363393137323965346431306666356634326461343133376362623662393433323931663730336562393737363136373363393830346237333736363735663736363537323733363936663665343633313265333133353265333034633631363737323635363536343566373436353732366437333430353436643639363737323631373436353566373336393637356637323635373137353639373236353634303034343665373336363737303034353734373236393631366330303439373036363730356636313733373336353734353832336537343836326130396431376139636230333137346136626435666133303562383638343437356334633336303231353931633630366530343435303330333633383331333634383632363735663631373337333635373435383263396264663433376236383331643436643932643064623830663139663162373032313435653966646363343363363236346637613034646330303162633238303534363836353230343637323635363532303466366536356666222c22636f6e7374727563746f72223a7b225f5f74797065223a22626967696e74222c2276616c7565223a2230227d2c226669656c6473223a7b2263626f72223a22396661613434366536313664363534613234373036383631373236643635373237333332343536393664363136373635353833383639373036363733336132663266376136343661333735373664366635613336353637393335363433333462333637353731343235333532356135303532376135333635363235363738363234633332366533313537343135313465343135383333366634633631353736353539373434393664363536343639363135343739373036353461363936643631363736353266366137303635363734323666363730303439366636373566366537353664363236353732303034363732363137323639373437393435363236313733363936333436366336353665363737343638303934613633363836313732363136333734363537323733346636633635373437343635373237333263366537353664363236353732373335313665373536643635373236393633356636643666363436393636363936353732373334303437373636353732373336393666366530313031623334383632363735663639366436313637363535383335363937303636373333613266326635313664353933363538363937313432373233393461346536653735363737353534353237333738333336663633373636623531363536643465346133353639343335323464363936353338333537373731376133393334346136663439373036363730356636393664363136373635353833353639373036363733336132663266353136643537363736613538343337383536353535333537353037393331353736643535353633333661366635303530333137333561346437363561333733313733366633363731373933363433333235613735366235323432343434363730366637323734363136633430343836343635373336393637366536353732353833383639373036363733336132663266376136323332373236383662333237383435333135343735353735373738373434383534376136663335363737343434363934353738343133363534373237363533346236393539366536313736373034353532333334633636343436623666346234373733366636333639363136633733343034363736363536653634366637323430343736343635363636313735366337343030346537333734363136653634363137323634356636393664363136373635353833383639373036363733336132663266376136323332373236383639366234333536373435333561376134623735363933353333366237363537346333383739373435363433373436333761363734353732333934323463366134363632353834323334353435383535373836383438373935333663363137333734356637353730363436313734363535663631363436343732363537333733353833393031653830666433303330626662313766323562666565353064326537316339656365363832393239313536393866393535656136363435656132623762653031323236386139356562616566653533303531363434303564663232636534313139613461333534396262663163646133643463373636313663363936343631373436353634356636323739353831633464613936356130343964666431356564316565313966626136653239373461306237396663343136646431373936613166393766356531346136393664363136373635356636383631373336383538323062636435386330646365656139376237313762636265306564633430623265363566633233323961346462396365333731366234376239306562353136376465353337333734363136653634363137323634356636393664363136373635356636383631373336383538323062336430366238363034616363393137323965346431306666356634326461343133376362623662393433323931663730336562393737363136373363393830346237333736363735663736363537323733363936663665343633313265333133353265333034633631363737323635363536343566373436353732366437333430353436643639363737323631373436353566373336393637356637323635373137353639373236353634303034343665373336363737303034353734373236393631366330303439373036363730356636313733373336353734353832336537343836326130396431376139636230333137346136626435666133303562383638343437356334633336303231353931633630366530343435303330333633383331333634383632363735663631373337333635373435383263396264663433376236383331643436643932643064623830663139663162373032313435653966646363343363363236346637613034646330303162633238303534363836353230343637323635363532303466366536356666222c226974656d73223a5b7b2263626f72223a226161343436653631366436353461323437303638363137323664363537323733333234353639366436313637363535383338363937303636373333613266326637613634366133373537366436663561333635363739333536343333346233363735373134323533353235613530353237613533363536323536373836323463333236653331353734313531346534313538333336663463363135373635353937343439366436353634363936313534373937303635346136393664363136373635326636613730363536373432366636373030343936663637356636653735366436323635373230303436373236313732363937343739343536323631373336393633343636633635366536373734363830393461363336383631373236313633373436353732373334663663363537343734363537323733326336653735366436323635373237333531366537353664363537323639363335663664366636343639363636393635373237333430343737363635373237333639366636653031222c2264617461223a7b225f5f74797065223a224d6170222c2276616c7565223a5b5b7b225f5f74797065223a22427566666572222c2276616c7565223a223665363136643635227d2c7b225f5f74797065223a22427566666572222c2276616c7565223a223234373036383631373236643635373237333332227d5d2c5b7b225f5f74797065223a22427566666572222c2276616c7565223a2236393664363136373635227d2c7b225f5f74797065223a22427566666572222c2276616c7565223a2236393730363637333361326632663761363436613337353736643666356133363536373933353634333334623336373537313432353335323561353035323761353336353632353637383632346333323665333135373431353134653431353833333666346336313537363535393734227d5d2c5b7b225f5f74797065223a22427566666572222c2276616c7565223a22366436353634363936313534373937303635227d2c7b225f5f74797065223a22427566666572222c2276616c7565223a223639366436313637363532663661373036353637227d5d2c5b7b225f5f74797065223a22427566666572222c2276616c7565223a2236663637227d2c7b225f5f74797065223a22626967696e74222c2276616c7565223a2230227d5d2c5b7b225f5f74797065223a22427566666572222c2276616c7565223a22366636373566366537353664363236353732227d2c7b225f5f74797065223a22626967696e74222c2276616c7565223a2230227d5d2c5b7b225f5f74797065223a22427566666572222c2276616c7565223a22373236313732363937343739227d2c7b225f5f74797065223a22427566666572222c2276616c7565223a2236323631373336393633227d5d2c5b7b225f5f74797065223a22427566666572222c2276616c7565223a22366336353665363737343638227d2c7b225f5f74797065223a22626967696e74222c2276616c7565223a2239227d5d2c5b7b225f5f74797065223a22427566666572222c2276616c7565223a223633363836313732363136333734363537323733227d2c7b225f5f74797065223a22427566666572222c2276616c7565223a22366336353734373436353732373332633665373536643632363537323733227d5d2c5b7b225f5f74797065223a22427566666572222c2276616c7565223a2236653735366436353732363936333566366436663634363936363639363537323733227d2c7b225f5f74797065223a22427566666572222c2276616c7565223a22227d5d2c5b7b225f5f74797065223a22427566666572222c2276616c7565223a223736363537323733363936663665227d2c7b225f5f74797065223a22626967696e74222c2276616c7565223a2231227d5d5d7d7d2c7b225f5f74797065223a22626967696e74222c2276616c7565223a2231227d2c7b2263626f72223a2262333438363236373566363936643631363736353538333536393730363637333361326632663531366435393336353836393731343237323339346134653665373536373735353435323733373833333666363337363662353136353664346534613335363934333532346436393635333833353737373137613339333434613666343937303636373035663639366436313637363535383335363937303636373333613266326635313664353736373661353834333738353635353533353735303739333135373664353535363333366136663530353033313733356134643736356133373331373336663336373137393336343333323561373536623532343234343436373036663732373436313663343034383634363537333639363736653635373235383338363937303636373333613266326637613632333237323638366233323738343533313534373535373537373837343438353437613666333536373734343436393435373834313336353437323736353334623639353936653631373637303435353233333463363634343662366634623437373336663633363936313663373334303436373636353665363436663732343034373634363536363631373536633734303034653733373436313665363436313732363435663639366436313637363535383338363937303636373333613266326637613632333237323638363936623433353637343533356137613462373536393335333336623736353734633338373937343536343337343633376136373435373233393432346336613436363235383432333435343538353537383638343837393533366336313733373435663735373036343631373436353566363136343634373236353733373335383339303165383066643330333062666231376632356266656535306432653731633965636536383239323931353639386639353565613636343565613262376265303132323638613935656261656665353330353136343430356466323263653431313961346133353439626266316364613364346337363631366336393634363137343635363435663632373935383163346461393635613034396466643135656431656531396662613665323937346130623739666334313664643137393661316639376635653134613639366436313637363535663638363137333638353832306263643538633064636565613937623731376263626530656463343062326536356663323332396134646239636533373136623437623930656235313637646535333733373436313665363436313732363435663639366436313637363535663638363137333638353832306233643036623836303461636339313732396534643130666635663432646134313337636262366239343332393166373033656239373736313637336339383034623733373636373566373636353732373336393666366534363331326533313335326533303463363136373732363536353634356637343635373236643733343035343664363936373732363137343635356637333639363735663732363537313735363937323635363430303434366537333636373730303435373437323639363136633030343937303636373035663631373337333635373435383233653734383632613039643137613963623033313734613662643566613330356238363834343735633463333630323135393163363036653034343530333033363338333133363438363236373566363137333733363537343538326339626466343337623638333164343664393264306462383066313966316237303231343565396664636334336336323634663761303464633030316263323830353436383635323034363732363536353230346636653635222c2264617461223a7b225f5f74797065223a224d6170222c2276616c7565223a5b5b7b225f5f74797065223a22427566666572222c2276616c7565223a2236323637356636393664363136373635227d2c7b225f5f74797065223a22427566666572222c2276616c7565223a2236393730363637333361326632663531366435393336353836393731343237323339346134653665373536373735353435323733373833333666363337363662353136353664346534613335363934333532346436393635333833353737373137613339333434613666227d5d2c5b7b225f5f74797065223a22427566666572222c2276616c7565223a22373036363730356636393664363136373635227d2c7b225f5f74797065223a22427566666572222c2276616c7565223a2236393730363637333361326632663531366435373637366135383433373835363535353335373530373933313537366435353536333336613666353035303331373335613464373635613337333137333666333637313739333634333332356137353662353234323434227d5d2c5b7b225f5f74797065223a22427566666572222c2276616c7565223a22373036663732373436313663227d2c7b225f5f74797065223a22427566666572222c2276616c7565223a22227d5d2c5b7b225f5f74797065223a22427566666572222c2276616c7565223a2236343635373336393637366536353732227d2c7b225f5f74797065223a22427566666572222c2276616c7565223a2236393730363637333361326632663761363233323732363836623332373834353331353437353537353737383734343835343761366633353637373434343639343537383431333635343732373635333462363935393665363137363730343535323333346336363434366236663462227d5d2c5b7b225f5f74797065223a22427566666572222c2276616c7565223a223733366636333639363136633733227d2c7b225f5f74797065223a22427566666572222c2276616c7565223a22227d5d2c5b7b225f5f74797065223a22427566666572222c2276616c7565223a22373636353665363436663732227d2c7b225f5f74797065223a22427566666572222c2276616c7565223a22227d5d2c5b7b225f5f74797065223a22427566666572222c2276616c7565223a223634363536363631373536633734227d2c7b225f5f74797065223a22626967696e74222c2276616c7565223a2230227d5d2c5b7b225f5f74797065223a22427566666572222c2276616c7565223a2237333734363136653634363137323634356636393664363136373635227d2c7b225f5f74797065223a22427566666572222c2276616c7565223a2236393730363637333361326632663761363233323732363836393662343335363734353335613761346237353639333533333662373635373463333837393734353634333734363337613637343537323339343234633661343636323538343233343534353835353738363834383739227d5d2c5b7b225f5f74797065223a22427566666572222c2276616c7565223a223663363137333734356637353730363436313734363535663631363436343732363537333733227d2c7b225f5f74797065223a22427566666572222c2276616c7565223a22303165383066643330333062666231376632356266656535306432653731633965636536383239323931353639386639353565613636343565613262376265303132323638613935656261656665353330353136343430356466323263653431313961346133353439626266316364613364227d5d2c5b7b225f5f74797065223a22427566666572222c2276616c7565223a22373636313663363936343631373436353634356636323739227d2c7b225f5f74797065223a22427566666572222c2276616c7565223a223464613936356130343964666431356564316565313966626136653239373461306237396663343136646431373936613166393766356531227d5d2c5b7b225f5f74797065223a22427566666572222c2276616c7565223a223639366436313637363535663638363137333638227d2c7b225f5f74797065223a22427566666572222c2276616c7565223a2262636435386330646365656139376237313762636265306564633430623265363566633233323961346462396365333731366234376239306562353136376465227d5d2c5b7b225f5f74797065223a22427566666572222c2276616c7565223a223733373436313665363436313732363435663639366436313637363535663638363137333638227d2c7b225f5f74797065223a22427566666572222c2276616c7565223a2262336430366238363034616363393137323965346431306666356634326461343133376362623662393433323931663730336562393737363136373363393830227d5d2c5b7b225f5f74797065223a22427566666572222c2276616c7565223a2237333736363735663736363537323733363936663665227d2c7b225f5f74797065223a22427566666572222c2276616c7565223a22333132653331333532653330227d5d2c5b7b225f5f74797065223a22427566666572222c2276616c7565223a22363136373732363536353634356637343635373236643733227d2c7b225f5f74797065223a22427566666572222c2276616c7565223a22227d5d2c5b7b225f5f74797065223a22427566666572222c2276616c7565223a2236643639363737323631373436353566373336393637356637323635373137353639373236353634227d2c7b225f5f74797065223a22626967696e74222c2276616c7565223a2230227d5d2c5b7b225f5f74797065223a22427566666572222c2276616c7565223a223665373336363737227d2c7b225f5f74797065223a22626967696e74222c2276616c7565223a2230227d5d2c5b7b225f5f74797065223a22427566666572222c2276616c7565223a2237343732363936313663227d2c7b225f5f74797065223a22626967696e74222c2276616c7565223a2230227d5d2c5b7b225f5f74797065223a22427566666572222c2276616c7565223a22373036363730356636313733373336353734227d2c7b225f5f74797065223a22427566666572222c2276616c7565223a2265373438363261303964313761396362303331373461366264356661333035623836383434373563346333363032313539316336303665303434353033303336333833313336227d5d2c5b7b225f5f74797065223a22427566666572222c2276616c7565223a2236323637356636313733373336353734227d2c7b225f5f74797065223a22427566666572222c2276616c7565223a2239626466343337623638333164343664393264306462383066313966316237303231343565396664636334336336323634663761303464633030316263323830353436383635323034363732363536353230346636653635227d5d5d7d7d5d7d7d2c22646174756d48617368223a7b225f5f74797065223a22756e646566696e6564227d2c227363726970745265666572656e6365223a7b225f5f74797065223a22756e646566696e6564227d2c2276616c7565223a7b22617373657473223a7b225f5f74797065223a224d6170222c2276616c7565223a5b5b22363231373362393062353637616434626366323534616430663736656233373464373439643062323566643832373836616636613833396130303036343362303638363136653634366336353332222c7b225f5f74797065223a22626967696e74222c2276616c7565223a2231227d5d2c5b22363231373362393062353637616434626366323534616430663736656233373464373439643062323566643832373836616636613833396130303064653134303638363136653634366336353332222c7b225f5f74797065223a22626967696e74222c2276616c7565223a2231227d5d2c5b2236323137336239306235363761643462636632353461643066373665623337346437343964306232356664383237383661663661383339613638363136653634366336353331222c7b225f5f74797065223a22626967696e74222c2276616c7565223a2231227d5d5d7d2c22636f696e73223a7b225f5f74797065223a22626967696e74222c2276616c7565223a223130303030303030227d7d7d2c7b2261646472657373223a22616464725f746573743171707730646a676a307835396e67726a767174686e37656e68767275786e736176737735746836336c61336d6a656c7370396a6e32346e6366736172616863726734746b6e74396775703775663775616b3275397972326532346471717a70717764222c22646174756d223a7b225f5f74797065223a22756e646566696e6564227d2c22646174756d48617368223a7b225f5f74797065223a22756e646566696e6564227d2c227363726970745265666572656e6365223a7b225f5f74797065223a22756e646566696e6564227d2c2276616c7565223a7b22617373657473223a7b225f5f74797065223a224d6170222c2276616c7565223a5b5d7d2c22636f696e73223a7b225f5f74797065223a22626967696e74222c2276616c7565223a2239353930373636227d7d7d5d2c22726571756972656445787472615369676e617475726573223a5b5d2c22736372697074496e7465677269747948617368223a7b225f5f74797065223a22756e646566696e6564227d2c2276616c6964697479496e74657276616c223a7b22696e76616c69644265666f7265223a7b225f5f74797065223a22756e646566696e6564227d2c22696e76616c6964486572656166746572223a31343438387d2c227769746864726177616c73223a5b5d7d2c226964223a2235633934386663386664303535383963633162663763633139633266643839346536333034393739633262623338363434303736626335353632376631396463222c22696e707574536f75726365223a22696e70757473222c227769746e657373223a7b22626f6f747374726170223a5b5d2c22646174756d73223a5b5d2c2272656465656d657273223a5b5d2c2273637269707473223a5b7b225f5f74797065223a226e6174697665222c226b657948617368223a223563663663393132373961383539613037323630313737396662333362623037633334653164363431643435646635316666363362393637222c226b696e64223a307d5d2c227369676e617475726573223a7b225f5f74797065223a224d6170222c2276616c7565223a5b5b2233363863663661313161633765323939313735363861333636616636326135393663623963646538313734626665376636653838333933656364623164636336222c223136326232356333343630346533653530633735353436323863326665663831623737323166353035396466653366366236386265383162376537393265646638653531333932346635336234613932343631646533346261633061303861396436323934366630333039666465346462353266623735643439343662333062225d5d7d7d7d5d2c2266656573223a7b225f5f74797065223a22626967696e74222c2276616c7565223a22323339343231227d2c22686561646572223a7b22626c6f636b4e6f223a313335372c2268617368223a2231643133386561336332386561616265393564626466393563313164623534323563323364613964616662636365643433353062656562313739383233386438222c22736c6f74223a31333036347d2c22697373756572566b223a2266383632363364623935366330616230663365373332623863646130366431336365333732343363616266653538333634333434306435373161366364366333222c2270726576696f7573426c6f636b223a2237633931613035363661643164353433656331313039333762643437313862633865656537323462396331356362626235666161353337663165323634656136222c2273697a65223a313830382c22746f74616c4f7574707574223a7b225f5f74797065223a22626967696e74222c2276616c7565223a223139353930373636227d2c227478436f756e74223a312c22767266223a227672665f766b317a39776a64776c7665346b7470793363667a7930676b783576646c646c73326b66396d6764786c68677a703570656e3333613271347632633770227d
1358	\\x7b22626f6479223a5b5d2c2266656573223a7b225f5f74797065223a22626967696e74222c2276616c7565223a2230227d2c22686561646572223a7b22626c6f636b4e6f223a313335382c2268617368223a2233373635656338376461646633623336343166353838323266386230613230323930326162393762366461353639316332623838333230643661346461623961222c22736c6f74223a31333036357d2c22697373756572566b223a2231313138386363303561386139623031383239366132366535313363626635616334386531613863303062663932303737666666633866373837383633643837222c2270726576696f7573426c6f636b223a2231643133386561336332386561616265393564626466393563313164623534323563323364613964616662636365643433353062656562313739383233386438222c2273697a65223a342c22746f74616c4f7574707574223a7b225f5f74797065223a22626967696e74222c2276616c7565223a2230227d2c227478436f756e74223a302c22767266223a227672665f766b31743838756e777137366138767a39327677616774373372367a35686c76786c6775733372336d6e337a6d6a367235743771793471756163663539227d
1359	\\x7b22626f6479223a5b5d2c2266656573223a7b225f5f74797065223a22626967696e74222c2276616c7565223a2230227d2c22686561646572223a7b22626c6f636b4e6f223a313335392c2268617368223a2235623337653434346365636466343639333533386134336335636131376666323561376463666662306131613834383963316134613861646661356130346335222c22736c6f74223a31333036397d2c22697373756572566b223a2264636664393463356366313732393533616533386162646438386537336534636334343265626438636265333863316365326532383936663930383638623030222c2270726576696f7573426c6f636b223a2233373635656338376461646633623336343166353838323266386230613230323930326162393762366461353639316332623838333230643661346461623961222c2273697a65223a342c22746f74616c4f7574707574223a7b225f5f74797065223a22626967696e74222c2276616c7565223a2230227d2c227478436f756e74223a302c22767266223a227672665f766b317374376a6c3372393672376b656873716e76763276677663676634336b706c6a6c396736736e3733367866687868326e7675347164376c7a6566227d
1360	\\x7b22626f6479223a5b5d2c2266656573223a7b225f5f74797065223a22626967696e74222c2276616c7565223a2230227d2c22686561646572223a7b22626c6f636b4e6f223a313336302c2268617368223a2233303733346633643332643235336234613835346130366133656238653061363336383939303034306136363933386335323066353534653439666365346138222c22736c6f74223a31333038357d2c22697373756572566b223a2266383632363364623935366330616230663365373332623863646130366431336365333732343363616266653538333634333434306435373161366364366333222c2270726576696f7573426c6f636b223a2235623337653434346365636466343639333533386134336335636131376666323561376463666662306131613834383963316134613861646661356130346335222c2273697a65223a342c22746f74616c4f7574707574223a7b225f5f74797065223a22626967696e74222c2276616c7565223a2230227d2c227478436f756e74223a302c22767266223a227672665f766b317a39776a64776c7665346b7470793363667a7930676b783576646c646c73326b66396d6764786c68677a703570656e3333613271347632633770227d
1361	\\x7b22626f6479223a5b5d2c2266656573223a7b225f5f74797065223a22626967696e74222c2276616c7565223a2230227d2c22686561646572223a7b22626c6f636b4e6f223a313336312c2268617368223a2238383864623936323162373636316666333036636537316331653337363162353434616630383832343936636366373866663435363236623032356138363334222c22736c6f74223a31333038377d2c22697373756572566b223a2235373732376161383434343435666630343062663138303138363736363762636332396562326332613165666431353039643136636235656333393535323463222c2270726576696f7573426c6f636b223a2233303733346633643332643235336234613835346130366133656238653061363336383939303034306136363933386335323066353534653439666365346138222c2273697a65223a342c22746f74616c4f7574707574223a7b225f5f74797065223a22626967696e74222c2276616c7565223a2230227d2c227478436f756e74223a302c22767266223a227672665f766b316838706a78663534733361377774643674326464776775737165706463747174323832666b717077373579616766356e677a727365336578396c227d
1362	\\x7b22626f6479223a5b5d2c2266656573223a7b225f5f74797065223a22626967696e74222c2276616c7565223a2230227d2c22686561646572223a7b22626c6f636b4e6f223a313336322c2268617368223a2261313866306239353962613664636531326162623139313239326661376437643030373334346164373365356563666262663933616365623862623138396634222c22736c6f74223a31333038387d2c22697373756572566b223a2233396536383665353235393061363838633563383538633731616164333833393131626265663864363931333766386563383061313533643733383038336630222c2270726576696f7573426c6f636b223a2238383864623936323162373636316666333036636537316331653337363162353434616630383832343936636366373866663435363236623032356138363334222c2273697a65223a342c22746f74616c4f7574707574223a7b225f5f74797065223a22626967696e74222c2276616c7565223a2230227d2c227478436f756e74223a302c22767266223a227672665f766b316464717a737a71613938637873323433726d6a63716330373379393977356573707130383873366637343737656175736736667178656b676b65227d
1363	\\x7b22626f6479223a5b5d2c2266656573223a7b225f5f74797065223a22626967696e74222c2276616c7565223a2230227d2c22686561646572223a7b22626c6f636b4e6f223a313336332c2268617368223a2262393532656532333761346361666431656433663531336437336563653832356563643730633666386239613737316266666664316464663431623331646130222c22736c6f74223a31333039337d2c22697373756572566b223a2236323163636137336239303434633961373234656132306430376666636237316132633335393831613131336538343136663331366335393738366133383966222c2270726576696f7573426c6f636b223a2261313866306239353962613664636531326162623139313239326661376437643030373334346164373365356563666262663933616365623862623138396634222c2273697a65223a342c22746f74616c4f7574707574223a7b225f5f74797065223a22626967696e74222c2276616c7565223a2230227d2c227478436f756e74223a302c22767266223a227672665f766b316178723276646c366667347774733967767279723474786c6a326e7266643264733965336a7638346c6473386a6b336e6372667133666c757839227d
1364	\\x7b22626f6479223a5b5d2c2266656573223a7b225f5f74797065223a22626967696e74222c2276616c7565223a2230227d2c22686561646572223a7b22626c6f636b4e6f223a313336342c2268617368223a2238646434396137373234383330386237363837386236303363656532323639636236623330616234383735336663653162633161363666303031663530393339222c22736c6f74223a31333130307d2c22697373756572566b223a2235373732376161383434343435666630343062663138303138363736363762636332396562326332613165666431353039643136636235656333393535323463222c2270726576696f7573426c6f636b223a2262393532656532333761346361666431656433663531336437336563653832356563643730633666386239613737316266666664316464663431623331646130222c2273697a65223a342c22746f74616c4f7574707574223a7b225f5f74797065223a22626967696e74222c2276616c7565223a2230227d2c227478436f756e74223a302c22767266223a227672665f766b316838706a78663534733361377774643674326464776775737165706463747174323832666b717077373579616766356e677a727365336578396c227d
1365	\\x7b22626f6479223a5b5d2c2266656573223a7b225f5f74797065223a22626967696e74222c2276616c7565223a2230227d2c22686561646572223a7b22626c6f636b4e6f223a313336352c2268617368223a2239616134613138316436356662333739623230643637313535663666623336333463613736373565363932383037343666313462646134366266303132393539222c22736c6f74223a31333131397d2c22697373756572566b223a2263346433326263356663323537393061376161633237623233393964313564343932313065383837666234663832666537623064626637333635373136623265222c2270726576696f7573426c6f636b223a2238646434396137373234383330386237363837386236303363656532323639636236623330616234383735336663653162633161363666303031663530393339222c2273697a65223a342c22746f74616c4f7574707574223a7b225f5f74797065223a22626967696e74222c2276616c7565223a2230227d2c227478436f756e74223a302c22767266223a227672665f766b316b646568686571776579776861387068363970363766393430737763736d35327171736532397775386c397735763376793539717a756639776d227d
1366	\\x7b22626f6479223a5b7b22617578696c6961727944617461223a7b225f5f74797065223a22756e646566696e6564227d2c22626f6479223a7b22617578696c696172794461746148617368223a7b225f5f74797065223a22756e646566696e6564227d2c22636572746966696361746573223a5b7b225f5f747970656e616d65223a22506f6f6c526567697374726174696f6e4365727469666963617465222c22706f6f6c506172616d6574657273223a7b226964223a22706f6f6c3165346571366a3037766c64307775397177706a6b356d6579343236637775737a6a376c7876383974687433753674386e766734222c22767266223a2232656535613463343233323234626239633432313037666331386136303535366436613833636563316439646433376137316635366166373139386663373539222c22706c65646765223a7b225f5f74797065223a22626967696e74222c2276616c7565223a22353030303030303030303030303030227d2c22636f7374223a7b225f5f74797065223a22626967696e74222c2276616c7565223a2231303030227d2c226d617267696e223a7b2264656e6f6d696e61746f72223a352c226e756d657261746f72223a317d2c227265776172644163636f756e74223a227374616b655f7465737431757273747872777a7a75366d78733338633070613066706e7365306a73647633643466797939326c7a7a7367337173737672777973222c226f776e657273223a5b227374616b655f7465737431757273747872777a7a75366d78733338633070613066706e7365306a73647633643466797939326c7a7a7367337173737672777973225d2c2272656c617973223a5b7b225f5f747970656e616d65223a2252656c6179427941646472657373222c2269707634223a223132372e302e302e31222c2269707636223a7b225f5f74797065223a22756e646566696e6564227d2c22706f7274223a363030307d5d2c226d657461646174614a736f6e223a7b225f5f74797065223a22756e646566696e6564227d7d7d5d2c22636f6c6c61746572616c73223a5b5d2c22666565223a7b225f5f74797065223a22626967696e74222c2276616c7565223a22313739383839227d2c22696e70757473223a5b7b22696e646578223a322c2274784964223a2237383366373163353661373562393734376130306637366533366566636537613738623138336266306633353463376236663132636138363664653332376665227d5d2c226d696e74223a7b225f5f74797065223a224d6170222c2276616c7565223a5b5d7d2c226f757470757473223a5b7b2261646472657373223a22616464725f746573743171727868797232666c656e6134616d733570637832366e30796a347474706d6a7132746d7565737534776177386e30716b767875793965346b64707a3073377236376a7238706a6c397136657a6d326a6767323437793971337a7071786761333773222c22646174756d223a7b225f5f74797065223a22756e646566696e6564227d2c22646174756d48617368223a7b225f5f74797065223a22756e646566696e6564227d2c227363726970745265666572656e6365223a7b225f5f74797065223a22756e646566696e6564227d2c2276616c7565223a7b22617373657473223a7b225f5f74797065223a224d6170222c2276616c7565223a5b5d7d2c22636f696e73223a7b225f5f74797065223a22626967696e74222c2276616c7565223a2233303030303030227d7d7d2c7b2261646472657373223a22616464725f746573743171727868797232666c656e6134616d733570637832366e30796a347474706d6a7132746d7565737534776177386e30716b767875793965346b64707a3073377236376a7238706a6c397136657a6d326a6767323437793971337a7071786761333773222c22646174756d223a7b225f5f74797065223a22756e646566696e6564227d2c22646174756d48617368223a7b225f5f74797065223a22756e646566696e6564227d2c227363726970745265666572656e6365223a7b225f5f74797065223a22756e646566696e6564227d2c2276616c7565223a7b22617373657473223a7b225f5f74797065223a224d6170222c2276616c7565223a5b5d7d2c22636f696e73223a7b225f5f74797065223a22626967696e74222c2276616c7565223a2234393939393936383230313131227d7d7d5d2c22726571756972656445787472615369676e617475726573223a5b5d2c22736372697074496e7465677269747948617368223a7b225f5f74797065223a22756e646566696e6564227d2c2276616c6964697479496e74657276616c223a7b22696e76616c69644265666f7265223a7b225f5f74797065223a22756e646566696e6564227d2c22696e76616c6964486572656166746572223a31343535397d2c227769746864726177616c73223a5b5d7d2c226964223a2234366635646132363836316263306236356532336463373033643164396230363564303737633138623131356632626266336435316338346338316232616639222c22696e707574536f75726365223a22696e70757473222c227769746e657373223a7b22626f6f747374726170223a5b5d2c22646174756d73223a5b5d2c2272656465656d657273223a5b5d2c2273637269707473223a5b5d2c227369676e617475726573223a7b225f5f74797065223a224d6170222c2276616c7565223a5b5b2263396237386631316366356165383965363837303730376233333731623265613930323837356264613266623439363332613036353539393966313039353963222c223237393464663664306464363537356434313065316661613063343633656134313733323230623738353364313238653335613664366137393238373730633662613064343639383137326664356239643462333361343431383638363838643637626465616337656662646561393562663461616533366539373161363065225d2c5b2262316237376531633633303234366137323964623564303164376630633133313261643538393565323634386330383864653632373236306334636135633836222c223266366335306431363032313233643830333432663433623438646564643633336436316434363939643636653934316137326533306231376361623538363133373736336664386432326531646135616165323438633261343363636262613932343938656131366133313833336339643436613630336465366263303063225d5d7d7d7d5d2c2266656573223a7b225f5f74797065223a22626967696e74222c2276616c7565223a22313739383839227d2c22686561646572223a7b22626c6f636b4e6f223a313336362c2268617368223a2265653761303533373433343536356162376633653865373066366339383136613035636465643862336661663135353632636331306661363438353163333932222c22736c6f74223a31333132387d2c22697373756572566b223a2235373732376161383434343435666630343062663138303138363736363762636332396562326332613165666431353039643136636235656333393535323463222c2270726576696f7573426c6f636b223a2239616134613138316436356662333739623230643637313535663666623336333463613736373565363932383037343666313462646134366266303132393539222c2273697a65223a3535342c22746f74616c4f7574707574223a7b225f5f74797065223a22626967696e74222c2276616c7565223a2234393939393939383230313131227d2c227478436f756e74223a312c22767266223a227672665f766b316838706a78663534733361377774643674326464776775737165706463747174323832666b717077373579616766356e677a727365336578396c227d
1367	\\x7b22626f6479223a5b5d2c2266656573223a7b225f5f74797065223a22626967696e74222c2276616c7565223a2230227d2c22686561646572223a7b22626c6f636b4e6f223a313336372c2268617368223a2235323362616466336563396661373863663465353366303934663132383931396265373138626330376531356561343564666237373164626136366333636365222c22736c6f74223a31333132397d2c22697373756572566b223a2235373732376161383434343435666630343062663138303138363736363762636332396562326332613165666431353039643136636235656333393535323463222c2270726576696f7573426c6f636b223a2265653761303533373433343536356162376633653865373066366339383136613035636465643862336661663135353632636331306661363438353163333932222c2273697a65223a342c22746f74616c4f7574707574223a7b225f5f74797065223a22626967696e74222c2276616c7565223a2230227d2c227478436f756e74223a302c22767266223a227672665f766b316838706a78663534733361377774643674326464776775737165706463747174323832666b717077373579616766356e677a727365336578396c227d
1368	\\x7b22626f6479223a5b5d2c2266656573223a7b225f5f74797065223a22626967696e74222c2276616c7565223a2230227d2c22686561646572223a7b22626c6f636b4e6f223a313336382c2268617368223a2231386265363436306666396465626239663535366532363237666661386665303535396565363930326435353731613339346235393036323335333931383532222c22736c6f74223a31333133317d2c22697373756572566b223a2266383632363364623935366330616230663365373332623863646130366431336365333732343363616266653538333634333434306435373161366364366333222c2270726576696f7573426c6f636b223a2235323362616466336563396661373863663465353366303934663132383931396265373138626330376531356561343564666237373164626136366333636365222c2273697a65223a342c22746f74616c4f7574707574223a7b225f5f74797065223a22626967696e74222c2276616c7565223a2230227d2c227478436f756e74223a302c22767266223a227672665f766b317a39776a64776c7665346b7470793363667a7930676b783576646c646c73326b66396d6764786c68677a703570656e3333613271347632633770227d
1369	\\x7b22626f6479223a5b5d2c2266656573223a7b225f5f74797065223a22626967696e74222c2276616c7565223a2230227d2c22686561646572223a7b22626c6f636b4e6f223a313336392c2268617368223a2266306134613230666331373030313434643935626462396634623334656136323166386531336530393438363263393738326330353937323236313434323439222c22736c6f74223a31333133367d2c22697373756572566b223a2261306537353435313164353764613263353234343933643839346338643231356663393036376634346333396662653936363530326366326163666534643238222c2270726576696f7573426c6f636b223a2231386265363436306666396465626239663535366532363237666661386665303535396565363930326435353731613339346235393036323335333931383532222c2273697a65223a342c22746f74616c4f7574707574223a7b225f5f74797065223a22626967696e74222c2276616c7565223a2230227d2c227478436f756e74223a302c22767266223a227672665f766b313071357a793932726b6c756763336b67703671706d3065646c6d6b7438336c6a307532386365686b77387076386d37707071397166736d363337227d
1370	\\x7b22626f6479223a5b7b22617578696c6961727944617461223a7b225f5f74797065223a22756e646566696e6564227d2c22626f6479223a7b22617578696c696172794461746148617368223a7b225f5f74797065223a22756e646566696e6564227d2c22636572746966696361746573223a5b7b225f5f747970656e616d65223a225374616b654b6579526567697374726174696f6e4365727469666963617465222c227374616b654b657948617368223a226530623330646332313733356233343232376333633364376134333338363566323833353931366435323432313535663130613038383832227d5d2c22636f6c6c61746572616c73223a5b5d2c22666565223a7b225f5f74797065223a22626967696e74222c2276616c7565223a22313639393839227d2c22696e70757473223a5b7b22696e646578223a312c2274784964223a2234366635646132363836316263306236356532336463373033643164396230363564303737633138623131356632626266336435316338346338316232616639227d5d2c226d696e74223a7b225f5f74797065223a224d6170222c2276616c7565223a5b5d7d2c226f757470757473223a5b7b2261646472657373223a22616464725f746573743171727868797232666c656e6134616d733570637832366e30796a347474706d6a7132746d7565737534776177386e30716b767875793965346b64707a3073377236376a7238706a6c397136657a6d326a6767323437793971337a7071786761333773222c22646174756d223a7b225f5f74797065223a22756e646566696e6564227d2c22646174756d48617368223a7b225f5f74797065223a22756e646566696e6564227d2c227363726970745265666572656e6365223a7b225f5f74797065223a22756e646566696e6564227d2c2276616c7565223a7b22617373657473223a7b225f5f74797065223a224d6170222c2276616c7565223a5b5d7d2c22636f696e73223a7b225f5f74797065223a22626967696e74222c2276616c7565223a2233303030303030227d7d7d2c7b2261646472657373223a22616464725f746573743171727868797232666c656e6134616d733570637832366e30796a347474706d6a7132746d7565737534776177386e30716b767875793965346b64707a3073377236376a7238706a6c397136657a6d326a6767323437793971337a7071786761333773222c22646174756d223a7b225f5f74797065223a22756e646566696e6564227d2c22646174756d48617368223a7b225f5f74797065223a22756e646566696e6564227d2c227363726970745265666572656e6365223a7b225f5f74797065223a22756e646566696e6564227d2c2276616c7565223a7b22617373657473223a7b225f5f74797065223a224d6170222c2276616c7565223a5b5d7d2c22636f696e73223a7b225f5f74797065223a22626967696e74222c2276616c7565223a2234393939393933363530313232227d7d7d5d2c22726571756972656445787472615369676e617475726573223a5b5d2c22736372697074496e7465677269747948617368223a7b225f5f74797065223a22756e646566696e6564227d2c2276616c6964697479496e74657276616c223a7b22696e76616c69644265666f7265223a7b225f5f74797065223a22756e646566696e6564227d2c22696e76616c6964486572656166746572223a31343537367d2c227769746864726177616c73223a5b5d7d2c226964223a2264373136616431333065363463653063663039316364383739396331356537613465663738663737326139383137303965643464336664633264613763643431222c22696e707574536f75726365223a22696e70757473222c227769746e657373223a7b22626f6f747374726170223a5b5d2c22646174756d73223a5b5d2c2272656465656d657273223a5b5d2c2273637269707473223a5b5d2c227369676e617475726573223a7b225f5f74797065223a224d6170222c2276616c7565223a5b5b2263396237386631316366356165383965363837303730376233333731623265613930323837356264613266623439363332613036353539393966313039353963222c226666666639373235343037616235343566656434313234613237323863353132373361373238336337656132653936323436393838613030646530303065303762656261666437376237616539336536376662663835363136303732373633653737626261616532323631636135323733623762643266343864346634353061225d5d7d7d7d5d2c2266656573223a7b225f5f74797065223a22626967696e74222c2276616c7565223a22313639393839227d2c22686561646572223a7b22626c6f636b4e6f223a313337302c2268617368223a2237393035616666306639343436333433353330643564313737356130623262346263386662666163616466366432656232363830623562613533383436653637222c22736c6f74223a31333134337d2c22697373756572566b223a2261306537353435313164353764613263353234343933643839346338643231356663393036376634346333396662653936363530326366326163666534643238222c2270726576696f7573426c6f636b223a2266306134613230666331373030313434643935626462396634623334656136323166386531336530393438363263393738326330353937323236313434323439222c2273697a65223a3332392c22746f74616c4f7574707574223a7b225f5f74797065223a22626967696e74222c2276616c7565223a2234393939393936363530313232227d2c227478436f756e74223a312c22767266223a227672665f766b313071357a793932726b6c756763336b67703671706d3065646c6d6b7438336c6a307532386365686b77387076386d37707071397166736d363337227d
1371	\\x7b22626f6479223a5b5d2c2266656573223a7b225f5f74797065223a22626967696e74222c2276616c7565223a2230227d2c22686561646572223a7b22626c6f636b4e6f223a313337312c2268617368223a2238313430343130303966396661643135323837653461326661343562643561643034633839663633316436396636613439313836626534626461346131383564222c22736c6f74223a31333134387d2c22697373756572566b223a2236323163636137336239303434633961373234656132306430376666636237316132633335393831613131336538343136663331366335393738366133383966222c2270726576696f7573426c6f636b223a2237393035616666306639343436333433353330643564313737356130623262346263386662666163616466366432656232363830623562613533383436653637222c2273697a65223a342c22746f74616c4f7574707574223a7b225f5f74797065223a22626967696e74222c2276616c7565223a2230227d2c227478436f756e74223a302c22767266223a227672665f766b316178723276646c366667347774733967767279723474786c6a326e7266643264733965336a7638346c6473386a6b336e6372667133666c757839227d
1372	\\x7b22626f6479223a5b5d2c2266656573223a7b225f5f74797065223a22626967696e74222c2276616c7565223a2230227d2c22686561646572223a7b22626c6f636b4e6f223a313337322c2268617368223a2262366666626163313436646265646433333430653338306539373332363035383135333137363638353065396465326337303966613037653430373336343966222c22736c6f74223a31333135347d2c22697373756572566b223a2263346433326263356663323537393061376161633237623233393964313564343932313065383837666234663832666537623064626637333635373136623265222c2270726576696f7573426c6f636b223a2238313430343130303966396661643135323837653461326661343562643561643034633839663633316436396636613439313836626534626461346131383564222c2273697a65223a342c22746f74616c4f7574707574223a7b225f5f74797065223a22626967696e74222c2276616c7565223a2230227d2c227478436f756e74223a302c22767266223a227672665f766b316b646568686571776579776861387068363970363766393430737763736d35327171736532397775386c397735763376793539717a756639776d227d
1373	\\x7b22626f6479223a5b5d2c2266656573223a7b225f5f74797065223a22626967696e74222c2276616c7565223a2230227d2c22686561646572223a7b22626c6f636b4e6f223a313337332c2268617368223a2264313634633730383563323462663934306636316634376233313430613261613033656332623838636363326665393034663038636663656264633335653334222c22736c6f74223a31333139317d2c22697373756572566b223a2261306537353435313164353764613263353234343933643839346338643231356663393036376634346333396662653936363530326366326163666534643238222c2270726576696f7573426c6f636b223a2262366666626163313436646265646433333430653338306539373332363035383135333137363638353065396465326337303966613037653430373336343966222c2273697a65223a342c22746f74616c4f7574707574223a7b225f5f74797065223a22626967696e74222c2276616c7565223a2230227d2c227478436f756e74223a302c22767266223a227672665f766b313071357a793932726b6c756763336b67703671706d3065646c6d6b7438336c6a307532386365686b77387076386d37707071397166736d363337227d
1306	\\x7b22626f6479223a5b5d2c2266656573223a7b225f5f74797065223a22626967696e74222c2276616c7565223a2230227d2c22686561646572223a7b22626c6f636b4e6f223a313330362c2268617368223a2232656638343931383362376639306538306664336339356133306566393631313431623932623633383735336263333632613762626231643831353864313933222c22736c6f74223a31323538377d2c22697373756572566b223a2235373732376161383434343435666630343062663138303138363736363762636332396562326332613165666431353039643136636235656333393535323463222c2270726576696f7573426c6f636b223a2239326237353135306135373638613430633930633735343363646430643139643162363666373133373866313235646631353161393061313132636135613432222c2273697a65223a342c22746f74616c4f7574707574223a7b225f5f74797065223a22626967696e74222c2276616c7565223a2230227d2c227478436f756e74223a302c22767266223a227672665f766b316838706a78663534733361377774643674326464776775737165706463747174323832666b717077373579616766356e677a727365336578396c227d
1307	\\x7b22626f6479223a5b5d2c2266656573223a7b225f5f74797065223a22626967696e74222c2276616c7565223a2230227d2c22686561646572223a7b22626c6f636b4e6f223a313330372c2268617368223a2232393733373065393731313636333033376335663437353561306336303663616163303031623164646337343636616463646137333631663665343934616131222c22736c6f74223a31323630357d2c22697373756572566b223a2231313138386363303561386139623031383239366132366535313363626635616334386531613863303062663932303737666666633866373837383633643837222c2270726576696f7573426c6f636b223a2232656638343931383362376639306538306664336339356133306566393631313431623932623633383735336263333632613762626231643831353864313933222c2273697a65223a342c22746f74616c4f7574707574223a7b225f5f74797065223a22626967696e74222c2276616c7565223a2230227d2c227478436f756e74223a302c22767266223a227672665f766b31743838756e777137366138767a39327677616774373372367a35686c76786c6775733372336d6e337a6d6a367235743771793471756163663539227d
1308	\\x7b22626f6479223a5b5d2c2266656573223a7b225f5f74797065223a22626967696e74222c2276616c7565223a2230227d2c22686561646572223a7b22626c6f636b4e6f223a313330382c2268617368223a2234323336653630616361333839616365383539393638613066666565616430363565663330353535653335306166303334316631653539363664633065346536222c22736c6f74223a31323631327d2c22697373756572566b223a2236323163636137336239303434633961373234656132306430376666636237316132633335393831613131336538343136663331366335393738366133383966222c2270726576696f7573426c6f636b223a2232393733373065393731313636333033376335663437353561306336303663616163303031623164646337343636616463646137333631663665343934616131222c2273697a65223a342c22746f74616c4f7574707574223a7b225f5f74797065223a22626967696e74222c2276616c7565223a2230227d2c227478436f756e74223a302c22767266223a227672665f766b316178723276646c366667347774733967767279723474786c6a326e7266643264733965336a7638346c6473386a6b336e6372667133666c757839227d
1309	\\x7b22626f6479223a5b5d2c2266656573223a7b225f5f74797065223a22626967696e74222c2276616c7565223a2230227d2c22686561646572223a7b22626c6f636b4e6f223a313330392c2268617368223a2231303663313731623264656264643631613434636238653362613732333134353436336234326430376434306266396338366662393837633334653964383165222c22736c6f74223a31323632377d2c22697373756572566b223a2231376230396136333133323831383263366463393337333934323731353064326564353765353439363032313662373666643365626466326262663863306135222c2270726576696f7573426c6f636b223a2234323336653630616361333839616365383539393638613066666565616430363565663330353535653335306166303334316631653539363664633065346536222c2273697a65223a342c22746f74616c4f7574707574223a7b225f5f74797065223a22626967696e74222c2276616c7565223a2230227d2c227478436f756e74223a302c22767266223a227672665f766b3176786c6765653973743272716b3775347063647130707a716165656e707635646d6d3468677873376565343067387068636e3673647366723338227d
1310	\\x7b22626f6479223a5b5d2c2266656573223a7b225f5f74797065223a22626967696e74222c2276616c7565223a2230227d2c22686561646572223a7b22626c6f636b4e6f223a313331302c2268617368223a2265666561616136386535386165653237306230353462313637663664343438323966323963356466336136353163336235303661336433366633323863643530222c22736c6f74223a31323632397d2c22697373756572566b223a2263346433326263356663323537393061376161633237623233393964313564343932313065383837666234663832666537623064626637333635373136623265222c2270726576696f7573426c6f636b223a2231303663313731623264656264643631613434636238653362613732333134353436336234326430376434306266396338366662393837633334653964383165222c2273697a65223a342c22746f74616c4f7574707574223a7b225f5f74797065223a22626967696e74222c2276616c7565223a2230227d2c227478436f756e74223a302c22767266223a227672665f766b316b646568686571776579776861387068363970363766393430737763736d35327171736532397775386c397735763376793539717a756639776d227d
1311	\\x7b22626f6479223a5b5d2c2266656573223a7b225f5f74797065223a22626967696e74222c2276616c7565223a2230227d2c22686561646572223a7b22626c6f636b4e6f223a313331312c2268617368223a2237316630373639616632663564333034373134623961393138653835346533656265336435366237303363306366376636396338366236656431313731383163222c22736c6f74223a31323633347d2c22697373756572566b223a2264636664393463356366313732393533616533386162646438386537336534636334343265626438636265333863316365326532383936663930383638623030222c2270726576696f7573426c6f636b223a2265666561616136386535386165653237306230353462313637663664343438323966323963356466336136353163336235303661336433366633323863643530222c2273697a65223a342c22746f74616c4f7574707574223a7b225f5f74797065223a22626967696e74222c2276616c7565223a2230227d2c227478436f756e74223a302c22767266223a227672665f766b317374376a6c3372393672376b656873716e76763276677663676634336b706c6a6c396736736e3733367866687868326e7675347164376c7a6566227d
1312	\\x7b22626f6479223a5b5d2c2266656573223a7b225f5f74797065223a22626967696e74222c2276616c7565223a2230227d2c22686561646572223a7b22626c6f636b4e6f223a313331322c2268617368223a2266316135653732653065326565643666653362623661336661636366373464356165363761626361376231656131633761373730326533393131303230313239222c22736c6f74223a31323633357d2c22697373756572566b223a2266383632363364623935366330616230663365373332623863646130366431336365333732343363616266653538333634333434306435373161366364366333222c2270726576696f7573426c6f636b223a2237316630373639616632663564333034373134623961393138653835346533656265336435366237303363306366376636396338366236656431313731383163222c2273697a65223a342c22746f74616c4f7574707574223a7b225f5f74797065223a22626967696e74222c2276616c7565223a2230227d2c227478436f756e74223a302c22767266223a227672665f766b317a39776a64776c7665346b7470793363667a7930676b783576646c646c73326b66396d6764786c68677a703570656e3333613271347632633770227d
1313	\\x7b22626f6479223a5b5d2c2266656573223a7b225f5f74797065223a22626967696e74222c2276616c7565223a2230227d2c22686561646572223a7b22626c6f636b4e6f223a313331332c2268617368223a2235353936636566346237636264356364633234356264616466336364383039613839306435363866346533663339376130666137353765326364646265373161222c22736c6f74223a31323633367d2c22697373756572566b223a2263346433326263356663323537393061376161633237623233393964313564343932313065383837666234663832666537623064626637333635373136623265222c2270726576696f7573426c6f636b223a2266316135653732653065326565643666653362623661336661636366373464356165363761626361376231656131633761373730326533393131303230313239222c2273697a65223a342c22746f74616c4f7574707574223a7b225f5f74797065223a22626967696e74222c2276616c7565223a2230227d2c227478436f756e74223a302c22767266223a227672665f766b316b646568686571776579776861387068363970363766393430737763736d35327171736532397775386c397735763376793539717a756639776d227d
1314	\\x7b22626f6479223a5b5d2c2266656573223a7b225f5f74797065223a22626967696e74222c2276616c7565223a2230227d2c22686561646572223a7b22626c6f636b4e6f223a313331342c2268617368223a2239623863393531363764373939396564616262336366336463633664333231646432356565303331303234356533313039633332356663613432343334663130222c22736c6f74223a31323634327d2c22697373756572566b223a2233396536383665353235393061363838633563383538633731616164333833393131626265663864363931333766386563383061313533643733383038336630222c2270726576696f7573426c6f636b223a2235353936636566346237636264356364633234356264616466336364383039613839306435363866346533663339376130666137353765326364646265373161222c2273697a65223a342c22746f74616c4f7574707574223a7b225f5f74797065223a22626967696e74222c2276616c7565223a2230227d2c227478436f756e74223a302c22767266223a227672665f766b316464717a737a71613938637873323433726d6a63716330373379393977356573707130383873366637343737656175736736667178656b676b65227d
1315	\\x7b22626f6479223a5b5d2c2266656573223a7b225f5f74797065223a22626967696e74222c2276616c7565223a2230227d2c22686561646572223a7b22626c6f636b4e6f223a313331352c2268617368223a2231306331643539366239313831353634313966626161376634376664376232306666373139353937643464353234386135373138333539653465306132366466222c22736c6f74223a31323635307d2c22697373756572566b223a2264636664393463356366313732393533616533386162646438386537336534636334343265626438636265333863316365326532383936663930383638623030222c2270726576696f7573426c6f636b223a2239623863393531363764373939396564616262336366336463633664333231646432356565303331303234356533313039633332356663613432343334663130222c2273697a65223a342c22746f74616c4f7574707574223a7b225f5f74797065223a22626967696e74222c2276616c7565223a2230227d2c227478436f756e74223a302c22767266223a227672665f766b317374376a6c3372393672376b656873716e76763276677663676634336b706c6a6c396736736e3733367866687868326e7675347164376c7a6566227d
1316	\\x7b22626f6479223a5b5d2c2266656573223a7b225f5f74797065223a22626967696e74222c2276616c7565223a2230227d2c22686561646572223a7b22626c6f636b4e6f223a313331362c2268617368223a2266336539363062336332643063663530613236343866366435636633666531363737626365663865353036326365343832303665303163656430393264323536222c22736c6f74223a31323635347d2c22697373756572566b223a2233396536383665353235393061363838633563383538633731616164333833393131626265663864363931333766386563383061313533643733383038336630222c2270726576696f7573426c6f636b223a2231306331643539366239313831353634313966626161376634376664376232306666373139353937643464353234386135373138333539653465306132366466222c2273697a65223a342c22746f74616c4f7574707574223a7b225f5f74797065223a22626967696e74222c2276616c7565223a2230227d2c227478436f756e74223a302c22767266223a227672665f766b316464717a737a71613938637873323433726d6a63716330373379393977356573707130383873366637343737656175736736667178656b676b65227d
1317	\\x7b22626f6479223a5b5d2c2266656573223a7b225f5f74797065223a22626967696e74222c2276616c7565223a2230227d2c22686561646572223a7b22626c6f636b4e6f223a313331372c2268617368223a2264353139383863303734336266383335636461366436626363396234333136396438343737333436313165353833383266653630356265373833326132353865222c22736c6f74223a31323638327d2c22697373756572566b223a2266383632363364623935366330616230663365373332623863646130366431336365333732343363616266653538333634333434306435373161366364366333222c2270726576696f7573426c6f636b223a2266336539363062336332643063663530613236343866366435636633666531363737626365663865353036326365343832303665303163656430393264323536222c2273697a65223a342c22746f74616c4f7574707574223a7b225f5f74797065223a22626967696e74222c2276616c7565223a2230227d2c227478436f756e74223a302c22767266223a227672665f766b317a39776a64776c7665346b7470793363667a7930676b783576646c646c73326b66396d6764786c68677a703570656e3333613271347632633770227d
1374	\\x7b22626f6479223a5b7b22617578696c6961727944617461223a7b225f5f74797065223a22756e646566696e6564227d2c22626f6479223a7b22617578696c696172794461746148617368223a7b225f5f74797065223a22756e646566696e6564227d2c22636572746966696361746573223a5b7b225f5f747970656e616d65223a225374616b6544656c65676174696f6e4365727469666963617465222c22706f6f6c4964223a22706f6f6c3165346571366a3037766c64307775397177706a6b356d6579343236637775737a6a376c7876383974687433753674386e766734222c227374616b654b657948617368223a226530623330646332313733356233343232376333633364376134333338363566323833353931366435323432313535663130613038383832227d5d2c22636f6c6c61746572616c73223a5b5d2c22666565223a7b225f5f74797065223a22626967696e74222c2276616c7565223a22313735373533227d2c22696e70757473223a5b7b22696e646578223a312c2274784964223a2264373136616431333065363463653063663039316364383739396331356537613465663738663737326139383137303965643464336664633264613763643431227d5d2c226d696e74223a7b225f5f74797065223a224d6170222c2276616c7565223a5b5d7d2c226f757470757473223a5b7b2261646472657373223a22616464725f746573743171727868797232666c656e6134616d733570637832366e30796a347474706d6a7132746d7565737534776177386e30716b767875793965346b64707a3073377236376a7238706a6c397136657a6d326a6767323437793971337a7071786761333773222c22646174756d223a7b225f5f74797065223a22756e646566696e6564227d2c22646174756d48617368223a7b225f5f74797065223a22756e646566696e6564227d2c227363726970745265666572656e6365223a7b225f5f74797065223a22756e646566696e6564227d2c2276616c7565223a7b22617373657473223a7b225f5f74797065223a224d6170222c2276616c7565223a5b5d7d2c22636f696e73223a7b225f5f74797065223a22626967696e74222c2276616c7565223a2233303030303030227d7d7d2c7b2261646472657373223a22616464725f746573743171727868797232666c656e6134616d733570637832366e30796a347474706d6a7132746d7565737534776177386e30716b767875793965346b64707a3073377236376a7238706a6c397136657a6d326a6767323437793971337a7071786761333773222c22646174756d223a7b225f5f74797065223a22756e646566696e6564227d2c22646174756d48617368223a7b225f5f74797065223a22756e646566696e6564227d2c227363726970745265666572656e6365223a7b225f5f74797065223a22756e646566696e6564227d2c2276616c7565223a7b22617373657473223a7b225f5f74797065223a224d6170222c2276616c7565223a5b5d7d2c22636f696e73223a7b225f5f74797065223a22626967696e74222c2276616c7565223a2234393939393930343734333639227d7d7d5d2c22726571756972656445787472615369676e617475726573223a5b5d2c22736372697074496e7465677269747948617368223a7b225f5f74797065223a22756e646566696e6564227d2c2276616c6964697479496e74657276616c223a7b22696e76616c69644265666f7265223a7b225f5f74797065223a22756e646566696e6564227d2c22696e76616c6964486572656166746572223a31343633317d2c227769746864726177616c73223a5b5d7d2c226964223a2261633861356361333932643930366637383536663032353061666466306166333638623464663338613865636234303761653062623931613034323361336462222c22696e707574536f75726365223a22696e70757473222c227769746e657373223a7b22626f6f747374726170223a5b5d2c22646174756d73223a5b5d2c2272656465656d657273223a5b5d2c2273637269707473223a5b5d2c227369676e617475726573223a7b225f5f74797065223a224d6170222c2276616c7565223a5b5b2263396237386631316366356165383965363837303730376233333731623265613930323837356264613266623439363332613036353539393966313039353963222c223466346436393337643466303030633061663939663061666137653633366164346165646634326561626533393763393764396235303465346139383033616432303531643333613638386166326235396466313134363434386235393065363634653961366264393633346465333035613830383234336333646435333031225d2c5b2262316237376531633633303234366137323964623564303164376630633133313261643538393565323634386330383864653632373236306334636135633836222c223561393233643134636532306266393433373130393135643138366163666537346461303134636537353164313464373562303433383234383866323333303430656664373830303262626533373935646339626332393137626531656438666432653132623637383331323330653430333430653465363638396137633032225d5d7d7d7d5d2c2266656573223a7b225f5f74797065223a22626967696e74222c2276616c7565223a22313735373533227d2c22686561646572223a7b22626c6f636b4e6f223a313337342c2268617368223a2236316332316537616532393631366663303335366266386432633166616566346262383234303132653538623537366630646238663331386561376635626337222c22736c6f74223a31333230327d2c22697373756572566b223a2266383632363364623935366330616230663365373332623863646130366431336365333732343363616266653538333634333434306435373161366364366333222c2270726576696f7573426c6f636b223a2264313634633730383563323462663934306636316634376233313430613261613033656332623838636363326665393034663038636663656264633335653334222c2273697a65223a3436302c22746f74616c4f7574707574223a7b225f5f74797065223a22626967696e74222c2276616c7565223a2234393939393933343734333639227d2c227478436f756e74223a312c22767266223a227672665f766b317a39776a64776c7665346b7470793363667a7930676b783576646c646c73326b66396d6764786c68677a703570656e3333613271347632633770227d
1375	\\x7b22626f6479223a5b5d2c2266656573223a7b225f5f74797065223a22626967696e74222c2276616c7565223a2230227d2c22686561646572223a7b22626c6f636b4e6f223a313337352c2268617368223a2261326565313062646235376235383031666366643565303335663561306333356261393562373835386533613763313964646234376331363132346565636161222c22736c6f74223a31333230387d2c22697373756572566b223a2231313138386363303561386139623031383239366132366535313363626635616334386531613863303062663932303737666666633866373837383633643837222c2270726576696f7573426c6f636b223a2236316332316537616532393631366663303335366266386432633166616566346262383234303132653538623537366630646238663331386561376635626337222c2273697a65223a342c22746f74616c4f7574707574223a7b225f5f74797065223a22626967696e74222c2276616c7565223a2230227d2c227478436f756e74223a302c22767266223a227672665f766b31743838756e777137366138767a39327677616774373372367a35686c76786c6775733372336d6e337a6d6a367235743771793471756163663539227d
1376	\\x7b22626f6479223a5b5d2c2266656573223a7b225f5f74797065223a22626967696e74222c2276616c7565223a2230227d2c22686561646572223a7b22626c6f636b4e6f223a313337362c2268617368223a2263383534383837353437386434353830386236626135666263643337343732383236393433363937633035383830386164656536356439623736356133636466222c22736c6f74223a31333232307d2c22697373756572566b223a2264636664393463356366313732393533616533386162646438386537336534636334343265626438636265333863316365326532383936663930383638623030222c2270726576696f7573426c6f636b223a2261326565313062646235376235383031666366643565303335663561306333356261393562373835386533613763313964646234376331363132346565636161222c2273697a65223a342c22746f74616c4f7574707574223a7b225f5f74797065223a22626967696e74222c2276616c7565223a2230227d2c227478436f756e74223a302c22767266223a227672665f766b317374376a6c3372393672376b656873716e76763276677663676634336b706c6a6c396736736e3733367866687868326e7675347164376c7a6566227d
1377	\\x7b22626f6479223a5b5d2c2266656573223a7b225f5f74797065223a22626967696e74222c2276616c7565223a2230227d2c22686561646572223a7b22626c6f636b4e6f223a313337372c2268617368223a2262383361656566346465346235633465323535393035643664646431383934623933316631333462323462653436336331663731383736396466623034623562222c22736c6f74223a31333232317d2c22697373756572566b223a2231376230396136333133323831383263366463393337333934323731353064326564353765353439363032313662373666643365626466326262663863306135222c2270726576696f7573426c6f636b223a2263383534383837353437386434353830386236626135666263643337343732383236393433363937633035383830386164656536356439623736356133636466222c2273697a65223a342c22746f74616c4f7574707574223a7b225f5f74797065223a22626967696e74222c2276616c7565223a2230227d2c227478436f756e74223a302c22767266223a227672665f766b3176786c6765653973743272716b3775347063647130707a716165656e707635646d6d3468677873376565343067387068636e3673647366723338227d
1378	\\x7b22626f6479223a5b7b22617578696c6961727944617461223a7b225f5f74797065223a22756e646566696e6564227d2c22626f6479223a7b22617578696c696172794461746148617368223a7b225f5f74797065223a22756e646566696e6564227d2c22636572746966696361746573223a5b7b225f5f747970656e616d65223a22506f6f6c526567697374726174696f6e4365727469666963617465222c22706f6f6c506172616d6574657273223a7b226964223a22706f6f6c316d37793267616b7765777179617a303574766d717177766c3268346a6a327178746b6e6b7a6577306468747577757570726571222c22767266223a2236343164303432656433396332633235386433383130363063313432346634306566386162666532356566353636663463623232343737633432623261303134222c22706c65646765223a7b225f5f74797065223a22626967696e74222c2276616c7565223a223530303030303030227d2c22636f7374223a7b225f5f74797065223a22626967696e74222c2276616c7565223a2231303030227d2c226d617267696e223a7b2264656e6f6d696e61746f72223a352c226e756d657261746f72223a317d2c227265776172644163636f756e74223a227374616b655f7465737431757a3579687478707068337a71306673787666393233766d3363746e64673370786e7839326e6737363475663575736e716b673576222c226f776e657273223a5b227374616b655f7465737431757a3579687478707068337a71306673787666393233766d3363746e64673370786e7839326e6737363475663575736e716b673576225d2c2272656c617973223a5b7b225f5f747970656e616d65223a2252656c6179427941646472657373222c2269707634223a223132372e302e302e32222c2269707636223a7b225f5f74797065223a22756e646566696e6564227d2c22706f7274223a363030307d5d2c226d657461646174614a736f6e223a7b225f5f74797065223a22756e646566696e6564227d7d7d5d2c22636f6c6c61746572616c73223a5b5d2c22666565223a7b225f5f74797065223a22626967696e74222c2276616c7565223a22313833323737227d2c22696e70757473223a5b7b22696e646578223a302c2274784964223a2261613033356438613061326439323332663063633733656138366537633632303162323336346339396462623134363562616336303231633034636539306362227d5d2c226d696e74223a7b225f5f74797065223a224d6170222c2276616c7565223a5b5d7d2c226f757470757473223a5b7b2261646472657373223a22616464725f7465737431717230633366726b656d3963716e35663733646e767170656e6132376b326667716577367763743965616b613033616766776b767a72307a7971376e7176636a32347a65687273687836337a7a64787632347833613474636e666571397a776d6e37222c22646174756d223a7b225f5f74797065223a22756e646566696e6564227d2c22646174756d48617368223a7b225f5f74797065223a22756e646566696e6564227d2c227363726970745265666572656e6365223a7b225f5f74797065223a22756e646566696e6564227d2c2276616c7565223a7b22617373657473223a7b225f5f74797065223a224d6170222c2276616c7565223a5b5d7d2c22636f696e73223a7b225f5f74797065223a22626967696e74222c2276616c7565223a2233303030303030227d7d7d2c7b2261646472657373223a22616464725f7465737431717230633366726b656d3963716e35663733646e767170656e6132376b326667716577367763743965616b613033616766776b767a72307a7971376e7176636a32347a65687273687836337a7a64787632347833613474636e666571397a776d6e37222c22646174756d223a7b225f5f74797065223a22756e646566696e6564227d2c22646174756d48617368223a7b225f5f74797065223a22756e646566696e6564227d2c227363726970745265666572656e6365223a7b225f5f74797065223a22756e646566696e6564227d2c2276616c7565223a7b22617373657473223a7b225f5f74797065223a224d6170222c2276616c7565223a5b5b223437653464633639643266663534653636383764373661323330373364663030373436303962336532663963313731306434386637396136222c7b225f5f74797065223a22626967696e74222c2276616c7565223a223133353030303030303030303030303030227d5d2c5b2234376534646336396432666635346536363837643736613233303733646630303734363039623365326639633137313064343866373961363734343235343433222c7b225f5f74797065223a22626967696e74222c2276616c7565223a223133353030303030303030303030303030227d5d2c5b2234376534646336396432666635346536363837643736613233303733646630303734363039623365326639633137313064343866373961363734343535343438222c7b225f5f74797065223a22626967696e74222c2276616c7565223a223133353030303030303030303030303030227d5d2c5b2234376534646336396432666635346536363837643736613233303733646630303734363039623365326639633137313064343866373961363734346434393465222c7b225f5f74797065223a22626967696e74222c2276616c7565223a223133353030303030303030303030303030227d5d5d7d2c22636f696e73223a7b225f5f74797065223a22626967696e74222c2276616c7565223a2236383136373233227d7d7d5d2c22726571756972656445787472615369676e617475726573223a5b5d2c22736372697074496e7465677269747948617368223a7b225f5f74797065223a22756e646566696e6564227d2c2276616c6964697479496e74657276616c223a7b22696e76616c69644265666f7265223a7b225f5f74797065223a22756e646566696e6564227d2c22696e76616c6964486572656166746572223a31343636317d2c227769746864726177616c73223a5b5d7d2c226964223a2262356265646433623566636163333239303438383334663736623962636365613162333634343762343432323662616633376339313339646635623766383464222c22696e707574536f75726365223a22696e70757473222c227769746e657373223a7b22626f6f747374726170223a5b5d2c22646174756d73223a5b5d2c2272656465656d657273223a5b5d2c2273637269707473223a5b5d2c227369676e617475726573223a7b225f5f74797065223a224d6170222c2276616c7565223a5b5b2238343435333239353736633961353736656365373235376266653939333039323766393233396566383736313564363963333137623834316135326137666436222c226237623535323637396334363334323437363834643438363531616133376430616635373964666161393365386336373337383863613463383233323830646364323239336632306462346364393964626563376231343738383732353336343533643433376133333235333037613632656631643637376432616434633037225d2c5b2261323864383864383665633264633963626666373466613030643362363534636330343734396430643165396265303934343762663530386163613330353030222c226537333266663736343266656538636333613830393064323637363332333063393766633434326436646635616630386462393239633637313538613331646362353064643630353262383461393462313435613831373964643534643230636131616566313465386237363530373035396165653365353132386662373034225d5d7d7d7d5d2c2266656573223a7b225f5f74797065223a22626967696e74222c2276616c7565223a22313833323737227d2c22686561646572223a7b22626c6f636b4e6f223a313337382c2268617368223a2233623530306361666636373364663939396237636636613631343736643032306235666130313931373131383532383234306636376133626232346261333231222c22736c6f74223a31333233307d2c22697373756572566b223a2266383632363364623935366330616230663365373332623863646130366431336365333732343363616266653538333634333434306435373161366364366333222c2270726576696f7573426c6f636b223a2262383361656566346465346235633465323535393035643664646431383934623933316631333462323462653436336331663731383736396466623034623562222c2273697a65223a3633312c22746f74616c4f7574707574223a7b225f5f74797065223a22626967696e74222c2276616c7565223a2239383136373233227d2c227478436f756e74223a312c22767266223a227672665f766b317a39776a64776c7665346b7470793363667a7930676b783576646c646c73326b66396d6764786c68677a703570656e3333613271347632633770227d
1290	\\x7b22626f6479223a5b5d2c2266656573223a7b225f5f74797065223a22626967696e74222c2276616c7565223a2230227d2c22686561646572223a7b22626c6f636b4e6f223a313239302c2268617368223a2232323065383933393664613366643636623664646535613464373436623866333233623562633738333038333933633136336332326234623463393737303065222c22736c6f74223a31323435317d2c22697373756572566b223a2261306537353435313164353764613263353234343933643839346338643231356663393036376634346333396662653936363530326366326163666534643238222c2270726576696f7573426c6f636b223a2238393965653738366534646664356133393663616136626335363031366630333562386438363536653830636437623631323535373863303965636131316564222c2273697a65223a342c22746f74616c4f7574707574223a7b225f5f74797065223a22626967696e74222c2276616c7565223a2230227d2c227478436f756e74223a302c22767266223a227672665f766b313071357a793932726b6c756763336b67703671706d3065646c6d6b7438336c6a307532386365686b77387076386d37707071397166736d363337227d
1291	\\x7b22626f6479223a5b5d2c2266656573223a7b225f5f74797065223a22626967696e74222c2276616c7565223a2230227d2c22686561646572223a7b22626c6f636b4e6f223a313239312c2268617368223a2262373066393133646563306561393938626334313462393465383034363866306437326566646633623163383363323464666638353963663062626439613938222c22736c6f74223a31323435337d2c22697373756572566b223a2263346433326263356663323537393061376161633237623233393964313564343932313065383837666234663832666537623064626637333635373136623265222c2270726576696f7573426c6f636b223a2232323065383933393664613366643636623664646535613464373436623866333233623562633738333038333933633136336332326234623463393737303065222c2273697a65223a342c22746f74616c4f7574707574223a7b225f5f74797065223a22626967696e74222c2276616c7565223a2230227d2c227478436f756e74223a302c22767266223a227672665f766b316b646568686571776579776861387068363970363766393430737763736d35327171736532397775386c397735763376793539717a756639776d227d
1292	\\x7b22626f6479223a5b5d2c2266656573223a7b225f5f74797065223a22626967696e74222c2276616c7565223a2230227d2c22686561646572223a7b22626c6f636b4e6f223a313239322c2268617368223a2235643334616638393830346466626439653364663065356239613835303236636663356235306561316530313632323136353733393837336162353063383739222c22736c6f74223a31323435347d2c22697373756572566b223a2231313138386363303561386139623031383239366132366535313363626635616334386531613863303062663932303737666666633866373837383633643837222c2270726576696f7573426c6f636b223a2262373066393133646563306561393938626334313462393465383034363866306437326566646633623163383363323464666638353963663062626439613938222c2273697a65223a342c22746f74616c4f7574707574223a7b225f5f74797065223a22626967696e74222c2276616c7565223a2230227d2c227478436f756e74223a302c22767266223a227672665f766b31743838756e777137366138767a39327677616774373372367a35686c76786c6775733372336d6e337a6d6a367235743771793471756163663539227d
1293	\\x7b22626f6479223a5b5d2c2266656573223a7b225f5f74797065223a22626967696e74222c2276616c7565223a2230227d2c22686561646572223a7b22626c6f636b4e6f223a313239332c2268617368223a2263356163303936643639663730316663323134373638623336633562626566383363343436386335313232396534333465313334643630313231343362613335222c22736c6f74223a31323435377d2c22697373756572566b223a2235373732376161383434343435666630343062663138303138363736363762636332396562326332613165666431353039643136636235656333393535323463222c2270726576696f7573426c6f636b223a2235643334616638393830346466626439653364663065356239613835303236636663356235306561316530313632323136353733393837336162353063383739222c2273697a65223a342c22746f74616c4f7574707574223a7b225f5f74797065223a22626967696e74222c2276616c7565223a2230227d2c227478436f756e74223a302c22767266223a227672665f766b316838706a78663534733361377774643674326464776775737165706463747174323832666b717077373579616766356e677a727365336578396c227d
1294	\\x7b22626f6479223a5b5d2c2266656573223a7b225f5f74797065223a22626967696e74222c2276616c7565223a2230227d2c22686561646572223a7b22626c6f636b4e6f223a313239342c2268617368223a2231343532333565613930376337343766333266376565313264366463663562626562366364306361376663613734366234616562363562363063363539633239222c22736c6f74223a31323437327d2c22697373756572566b223a2235373732376161383434343435666630343062663138303138363736363762636332396562326332613165666431353039643136636235656333393535323463222c2270726576696f7573426c6f636b223a2263356163303936643639663730316663323134373638623336633562626566383363343436386335313232396534333465313334643630313231343362613335222c2273697a65223a342c22746f74616c4f7574707574223a7b225f5f74797065223a22626967696e74222c2276616c7565223a2230227d2c227478436f756e74223a302c22767266223a227672665f766b316838706a78663534733361377774643674326464776775737165706463747174323832666b717077373579616766356e677a727365336578396c227d
1295	\\x7b22626f6479223a5b5d2c2266656573223a7b225f5f74797065223a22626967696e74222c2276616c7565223a2230227d2c22686561646572223a7b22626c6f636b4e6f223a313239352c2268617368223a2266653465323933323465376461356662326536643539366162663438633430656338656330366134383562353163653537343264393465313963363466643064222c22736c6f74223a31323437377d2c22697373756572566b223a2236323163636137336239303434633961373234656132306430376666636237316132633335393831613131336538343136663331366335393738366133383966222c2270726576696f7573426c6f636b223a2231343532333565613930376337343766333266376565313264366463663562626562366364306361376663613734366234616562363562363063363539633239222c2273697a65223a342c22746f74616c4f7574707574223a7b225f5f74797065223a22626967696e74222c2276616c7565223a2230227d2c227478436f756e74223a302c22767266223a227672665f766b316178723276646c366667347774733967767279723474786c6a326e7266643264733965336a7638346c6473386a6b336e6372667133666c757839227d
1296	\\x7b22626f6479223a5b5d2c2266656573223a7b225f5f74797065223a22626967696e74222c2276616c7565223a2230227d2c22686561646572223a7b22626c6f636b4e6f223a313239362c2268617368223a2233313238343239336135333033386530356534303435633234616634343738626262663135373666623363646562663935656435623961663339653639356466222c22736c6f74223a31323438367d2c22697373756572566b223a2231376230396136333133323831383263366463393337333934323731353064326564353765353439363032313662373666643365626466326262663863306135222c2270726576696f7573426c6f636b223a2266653465323933323465376461356662326536643539366162663438633430656338656330366134383562353163653537343264393465313963363466643064222c2273697a65223a342c22746f74616c4f7574707574223a7b225f5f74797065223a22626967696e74222c2276616c7565223a2230227d2c227478436f756e74223a302c22767266223a227672665f766b3176786c6765653973743272716b3775347063647130707a716165656e707635646d6d3468677873376565343067387068636e3673647366723338227d
1297	\\x7b22626f6479223a5b5d2c2266656573223a7b225f5f74797065223a22626967696e74222c2276616c7565223a2230227d2c22686561646572223a7b22626c6f636b4e6f223a313239372c2268617368223a2231646264363231663737643936616435623030386539643163303133336230613165323035366636656363623339616664333261383533613535666337313530222c22736c6f74223a31323439357d2c22697373756572566b223a2231313138386363303561386139623031383239366132366535313363626635616334386531613863303062663932303737666666633866373837383633643837222c2270726576696f7573426c6f636b223a2233313238343239336135333033386530356534303435633234616634343738626262663135373666623363646562663935656435623961663339653639356466222c2273697a65223a342c22746f74616c4f7574707574223a7b225f5f74797065223a22626967696e74222c2276616c7565223a2230227d2c227478436f756e74223a302c22767266223a227672665f766b31743838756e777137366138767a39327677616774373372367a35686c76786c6775733372336d6e337a6d6a367235743771793471756163663539227d
1298	\\x7b22626f6479223a5b5d2c2266656573223a7b225f5f74797065223a22626967696e74222c2276616c7565223a2230227d2c22686561646572223a7b22626c6f636b4e6f223a313239382c2268617368223a2261643035356364303864653038383437303632633366643839363032643162343639613834636438383461656163353363616566306235333963333536316461222c22736c6f74223a31323530337d2c22697373756572566b223a2261306537353435313164353764613263353234343933643839346338643231356663393036376634346333396662653936363530326366326163666534643238222c2270726576696f7573426c6f636b223a2231646264363231663737643936616435623030386539643163303133336230613165323035366636656363623339616664333261383533613535666337313530222c2273697a65223a342c22746f74616c4f7574707574223a7b225f5f74797065223a22626967696e74222c2276616c7565223a2230227d2c227478436f756e74223a302c22767266223a227672665f766b313071357a793932726b6c756763336b67703671706d3065646c6d6b7438336c6a307532386365686b77387076386d37707071397166736d363337227d
1299	\\x7b22626f6479223a5b5d2c2266656573223a7b225f5f74797065223a22626967696e74222c2276616c7565223a2230227d2c22686561646572223a7b22626c6f636b4e6f223a313239392c2268617368223a2234646535393264323535303731666530396632346431656561363537303633656535623934373439653664343962323538323366666534636365663038636463222c22736c6f74223a31323530377d2c22697373756572566b223a2233396536383665353235393061363838633563383538633731616164333833393131626265663864363931333766386563383061313533643733383038336630222c2270726576696f7573426c6f636b223a2261643035356364303864653038383437303632633366643839363032643162343639613834636438383461656163353363616566306235333963333536316461222c2273697a65223a342c22746f74616c4f7574707574223a7b225f5f74797065223a22626967696e74222c2276616c7565223a2230227d2c227478436f756e74223a302c22767266223a227672665f766b316464717a737a71613938637873323433726d6a63716330373379393977356573707130383873366637343737656175736736667178656b676b65227d
1379	\\x7b22626f6479223a5b5d2c2266656573223a7b225f5f74797065223a22626967696e74222c2276616c7565223a2230227d2c22686561646572223a7b22626c6f636b4e6f223a313337392c2268617368223a2230306262653731333235323632393330303264613762653935623333306339653436323831383766346136613738643031376366643664666465663839353361222c22736c6f74223a31333234387d2c22697373756572566b223a2261306537353435313164353764613263353234343933643839346338643231356663393036376634346333396662653936363530326366326163666534643238222c2270726576696f7573426c6f636b223a2233623530306361666636373364663939396237636636613631343736643032306235666130313931373131383532383234306636376133626232346261333231222c2273697a65223a342c22746f74616c4f7574707574223a7b225f5f74797065223a22626967696e74222c2276616c7565223a2230227d2c227478436f756e74223a302c22767266223a227672665f766b313071357a793932726b6c756763336b67703671706d3065646c6d6b7438336c6a307532386365686b77387076386d37707071397166736d363337227d
1380	\\x7b22626f6479223a5b5d2c2266656573223a7b225f5f74797065223a22626967696e74222c2276616c7565223a2230227d2c22686561646572223a7b22626c6f636b4e6f223a313338302c2268617368223a2231323865353762626236323964366666303065646264353039623330626637616630623766663336353635623135386138386264313131353939323039393131222c22736c6f74223a31333236307d2c22697373756572566b223a2266383632363364623935366330616230663365373332623863646130366431336365333732343363616266653538333634333434306435373161366364366333222c2270726576696f7573426c6f636b223a2230306262653731333235323632393330303264613762653935623333306339653436323831383766346136613738643031376366643664666465663839353361222c2273697a65223a342c22746f74616c4f7574707574223a7b225f5f74797065223a22626967696e74222c2276616c7565223a2230227d2c227478436f756e74223a302c22767266223a227672665f766b317a39776a64776c7665346b7470793363667a7930676b783576646c646c73326b66396d6764786c68677a703570656e3333613271347632633770227d
1381	\\x7b22626f6479223a5b5d2c2266656573223a7b225f5f74797065223a22626967696e74222c2276616c7565223a2230227d2c22686561646572223a7b22626c6f636b4e6f223a313338312c2268617368223a2266656631313234656131626266663334363634633661323132363365323133666464616462616663643162386633323633313233383335396332323231326338222c22736c6f74223a31333236337d2c22697373756572566b223a2235373732376161383434343435666630343062663138303138363736363762636332396562326332613165666431353039643136636235656333393535323463222c2270726576696f7573426c6f636b223a2231323865353762626236323964366666303065646264353039623330626637616630623766663336353635623135386138386264313131353939323039393131222c2273697a65223a342c22746f74616c4f7574707574223a7b225f5f74797065223a22626967696e74222c2276616c7565223a2230227d2c227478436f756e74223a302c22767266223a227672665f766b316838706a78663534733361377774643674326464776775737165706463747174323832666b717077373579616766356e677a727365336578396c227d
1382	\\x7b22626f6479223a5b5d2c2266656573223a7b225f5f74797065223a22626967696e74222c2276616c7565223a2230227d2c22686561646572223a7b22626c6f636b4e6f223a313338322c2268617368223a2265643939316235396330613530343637623739353536326634666430323439326537326330313338316431653238663266386630303462366334643661653236222c22736c6f74223a31333236347d2c22697373756572566b223a2264636664393463356366313732393533616533386162646438386537336534636334343265626438636265333863316365326532383936663930383638623030222c2270726576696f7573426c6f636b223a2266656631313234656131626266663334363634633661323132363365323133666464616462616663643162386633323633313233383335396332323231326338222c2273697a65223a342c22746f74616c4f7574707574223a7b225f5f74797065223a22626967696e74222c2276616c7565223a2230227d2c227478436f756e74223a302c22767266223a227672665f766b317374376a6c3372393672376b656873716e76763276677663676634336b706c6a6c396736736e3733367866687868326e7675347164376c7a6566227d
1383	\\x7b22626f6479223a5b5d2c2266656573223a7b225f5f74797065223a22626967696e74222c2276616c7565223a2230227d2c22686561646572223a7b22626c6f636b4e6f223a313338332c2268617368223a2266613531663433363565633165643861353661373734323131363665616239663232346634343865336635356165393430623763656466333032306637633039222c22736c6f74223a31333236357d2c22697373756572566b223a2231313138386363303561386139623031383239366132366535313363626635616334386531613863303062663932303737666666633866373837383633643837222c2270726576696f7573426c6f636b223a2265643939316235396330613530343637623739353536326634666430323439326537326330313338316431653238663266386630303462366334643661653236222c2273697a65223a342c22746f74616c4f7574707574223a7b225f5f74797065223a22626967696e74222c2276616c7565223a2230227d2c227478436f756e74223a302c22767266223a227672665f766b31743838756e777137366138767a39327677616774373372367a35686c76786c6775733372336d6e337a6d6a367235743771793471756163663539227d
1384	\\x7b22626f6479223a5b7b22617578696c6961727944617461223a7b225f5f74797065223a22756e646566696e6564227d2c22626f6479223a7b22617578696c696172794461746148617368223a7b225f5f74797065223a22756e646566696e6564227d2c22636572746966696361746573223a5b7b225f5f747970656e616d65223a225374616b654b6579526567697374726174696f6e4365727469666963617465222c227374616b654b657948617368223a226138346261636331306465323230336433303333313235353435396238653137333661323231333463633535346431656435373839613732227d5d2c22636f6c6c61746572616c73223a5b5d2c22666565223a7b225f5f74797065223a22626967696e74222c2276616c7565223a22313731353733227d2c22696e70757473223a5b7b22696e646578223a342c2274784964223a2237383366373163353661373562393734376130306637366533366566636537613738623138336266306633353463376236663132636138363664653332376665227d2c7b22696e646578223a302c2274784964223a2262356265646433623566636163333239303438383334663736623962636365613162333634343762343432323662616633376339313339646635623766383464227d5d2c226d696e74223a7b225f5f74797065223a224d6170222c2276616c7565223a5b5d7d2c226f757470757473223a5b7b2261646472657373223a22616464725f7465737431717230633366726b656d3963716e35663733646e767170656e6132376b326667716577367763743965616b613033616766776b767a72307a7971376e7176636a32347a65687273687836337a7a64787632347833613474636e666571397a776d6e37222c22646174756d223a7b225f5f74797065223a22756e646566696e6564227d2c22646174756d48617368223a7b225f5f74797065223a22756e646566696e6564227d2c227363726970745265666572656e6365223a7b225f5f74797065223a22756e646566696e6564227d2c2276616c7565223a7b22617373657473223a7b225f5f74797065223a224d6170222c2276616c7565223a5b5d7d2c22636f696e73223a7b225f5f74797065223a22626967696e74222c2276616c7565223a2233303030303030227d7d7d2c7b2261646472657373223a22616464725f7465737431717230633366726b656d3963716e35663733646e767170656e6132376b326667716577367763743965616b613033616766776b767a72307a7971376e7176636a32347a65687273687836337a7a64787632347833613474636e666571397a776d6e37222c22646174756d223a7b225f5f74797065223a22756e646566696e6564227d2c22646174756d48617368223a7b225f5f74797065223a22756e646566696e6564227d2c227363726970745265666572656e6365223a7b225f5f74797065223a22756e646566696e6564227d2c2276616c7565223a7b22617373657473223a7b225f5f74797065223a224d6170222c2276616c7565223a5b5d7d2c22636f696e73223a7b225f5f74797065223a22626967696e74222c2276616c7565223a2234393939393939383238343237227d7d7d5d2c22726571756972656445787472615369676e617475726573223a5b5d2c22736372697074496e7465677269747948617368223a7b225f5f74797065223a22756e646566696e6564227d2c2276616c6964697479496e74657276616c223a7b22696e76616c69644265666f7265223a7b225f5f74797065223a22756e646566696e6564227d2c22696e76616c6964486572656166746572223a31343730347d2c227769746864726177616c73223a5b5d7d2c226964223a2238616663626265663062393162623935613433353461393136323063313337333934666330663664353337353139313663306232306566616533326336636138222c22696e707574536f75726365223a22696e70757473222c227769746e657373223a7b22626f6f747374726170223a5b5d2c22646174756d73223a5b5d2c2272656465656d657273223a5b5d2c2273637269707473223a5b5d2c227369676e617475726573223a7b225f5f74797065223a224d6170222c2276616c7565223a5b5b2261323864383864383665633264633963626666373466613030643362363534636330343734396430643165396265303934343762663530386163613330353030222c223131356337343034663733316430613162383165383164336461656338373836336131396431636438633630393235333130653839656234306639393065653265336261646533373237653533393230346531396239343233376135366266626630323633643339313365623961313437623465643435663039646561633066225d5d7d7d7d5d2c2266656573223a7b225f5f74797065223a22626967696e74222c2276616c7565223a22313731353733227d2c22686561646572223a7b22626c6f636b4e6f223a313338342c2268617368223a2234373336663938646662623266356536343238633235613565373534363565323436613537346535376233633435366537373733306539616566636638636637222c22736c6f74223a31333238347d2c22697373756572566b223a2231376230396136333133323831383263366463393337333934323731353064326564353765353439363032313662373666643365626466326262663863306135222c2270726576696f7573426c6f636b223a2266613531663433363565633165643861353661373734323131363665616239663232346634343865336635356165393430623763656466333032306637633039222c2273697a65223a3336352c22746f74616c4f7574707574223a7b225f5f74797065223a22626967696e74222c2276616c7565223a2235303030303032383238343237227d2c227478436f756e74223a312c22767266223a227672665f766b3176786c6765653973743272716b3775347063647130707a716165656e707635646d6d3468677873376565343067387068636e3673647366723338227d
1300	\\x7b22626f6479223a5b5d2c2266656573223a7b225f5f74797065223a22626967696e74222c2276616c7565223a2230227d2c22686561646572223a7b22626c6f636b4e6f223a313330302c2268617368223a2266663665396331376564663463353734636334653331326365336637303032383961646137396234393065626231633833373262323230323666623338373835222c22736c6f74223a31323535337d2c22697373756572566b223a2264636664393463356366313732393533616533386162646438386537336534636334343265626438636265333863316365326532383936663930383638623030222c2270726576696f7573426c6f636b223a2234646535393264323535303731666530396632346431656561363537303633656535623934373439653664343962323538323366666534636365663038636463222c2273697a65223a342c22746f74616c4f7574707574223a7b225f5f74797065223a22626967696e74222c2276616c7565223a2230227d2c227478436f756e74223a302c22767266223a227672665f766b317374376a6c3372393672376b656873716e76763276677663676634336b706c6a6c396736736e3733367866687868326e7675347164376c7a6566227d
1301	\\x7b22626f6479223a5b5d2c2266656573223a7b225f5f74797065223a22626967696e74222c2276616c7565223a2230227d2c22686561646572223a7b22626c6f636b4e6f223a313330312c2268617368223a2238306236393232313566376530386638343861353236376334393435376336353838646435366137396436383131323939323039376666373136333734613439222c22736c6f74223a31323535387d2c22697373756572566b223a2235373732376161383434343435666630343062663138303138363736363762636332396562326332613165666431353039643136636235656333393535323463222c2270726576696f7573426c6f636b223a2266663665396331376564663463353734636334653331326365336637303032383961646137396234393065626231633833373262323230323666623338373835222c2273697a65223a342c22746f74616c4f7574707574223a7b225f5f74797065223a22626967696e74222c2276616c7565223a2230227d2c227478436f756e74223a302c22767266223a227672665f766b316838706a78663534733361377774643674326464776775737165706463747174323832666b717077373579616766356e677a727365336578396c227d
1385	\\x7b22626f6479223a5b5d2c2266656573223a7b225f5f74797065223a22626967696e74222c2276616c7565223a2230227d2c22686561646572223a7b22626c6f636b4e6f223a313338352c2268617368223a2234303934633139663563633338376536393336643137316331616666336433613036383163653031316231376534396238353339303833663166333666623839222c22736c6f74223a31333238377d2c22697373756572566b223a2233396536383665353235393061363838633563383538633731616164333833393131626265663864363931333766386563383061313533643733383038336630222c2270726576696f7573426c6f636b223a2234373336663938646662623266356536343238633235613565373534363565323436613537346535376233633435366537373733306539616566636638636637222c2273697a65223a342c22746f74616c4f7574707574223a7b225f5f74797065223a22626967696e74222c2276616c7565223a2230227d2c227478436f756e74223a302c22767266223a227672665f766b316464717a737a71613938637873323433726d6a63716330373379393977356573707130383873366637343737656175736736667178656b676b65227d
1386	\\x7b22626f6479223a5b5d2c2266656573223a7b225f5f74797065223a22626967696e74222c2276616c7565223a2230227d2c22686561646572223a7b22626c6f636b4e6f223a313338362c2268617368223a2238336235353062346334663735643236356236666233333735346264383137396330383830353435643836316338626365663365333834393839373031613834222c22736c6f74223a31333332397d2c22697373756572566b223a2266383632363364623935366330616230663365373332623863646130366431336365333732343363616266653538333634333434306435373161366364366333222c2270726576696f7573426c6f636b223a2234303934633139663563633338376536393336643137316331616666336433613036383163653031316231376534396238353339303833663166333666623839222c2273697a65223a342c22746f74616c4f7574707574223a7b225f5f74797065223a22626967696e74222c2276616c7565223a2230227d2c227478436f756e74223a302c22767266223a227672665f766b317a39776a64776c7665346b7470793363667a7930676b783576646c646c73326b66396d6764786c68677a703570656e3333613271347632633770227d
1302	\\x7b22626f6479223a5b5d2c2266656573223a7b225f5f74797065223a22626967696e74222c2276616c7565223a2230227d2c22686561646572223a7b22626c6f636b4e6f223a313330322c2268617368223a2232303731666437343236633531303937643761656430393832376662363132393534643036303431393036653534383737333061656238313330646230323634222c22736c6f74223a31323536347d2c22697373756572566b223a2263346433326263356663323537393061376161633237623233393964313564343932313065383837666234663832666537623064626637333635373136623265222c2270726576696f7573426c6f636b223a2238306236393232313566376530386638343861353236376334393435376336353838646435366137396436383131323939323039376666373136333734613439222c2273697a65223a342c22746f74616c4f7574707574223a7b225f5f74797065223a22626967696e74222c2276616c7565223a2230227d2c227478436f756e74223a302c22767266223a227672665f766b316b646568686571776579776861387068363970363766393430737763736d35327171736532397775386c397735763376793539717a756639776d227d
1303	\\x7b22626f6479223a5b5d2c2266656573223a7b225f5f74797065223a22626967696e74222c2276616c7565223a2230227d2c22686561646572223a7b22626c6f636b4e6f223a313330332c2268617368223a2235373733333537383135343530656538666639373338376638636533343937636531396634303430663330323231313032333133336339386262353162323162222c22736c6f74223a31323536377d2c22697373756572566b223a2236323163636137336239303434633961373234656132306430376666636237316132633335393831613131336538343136663331366335393738366133383966222c2270726576696f7573426c6f636b223a2232303731666437343236633531303937643761656430393832376662363132393534643036303431393036653534383737333061656238313330646230323634222c2273697a65223a342c22746f74616c4f7574707574223a7b225f5f74797065223a22626967696e74222c2276616c7565223a2230227d2c227478436f756e74223a302c22767266223a227672665f766b316178723276646c366667347774733967767279723474786c6a326e7266643264733965336a7638346c6473386a6b336e6372667133666c757839227d
1304	\\x7b22626f6479223a5b5d2c2266656573223a7b225f5f74797065223a22626967696e74222c2276616c7565223a2230227d2c22686561646572223a7b22626c6f636b4e6f223a313330342c2268617368223a2232336637303861656233346535633164376633326562613839373465613734326538316562663030373032376136323561666464633131353863383430313336222c22736c6f74223a31323536397d2c22697373756572566b223a2263346433326263356663323537393061376161633237623233393964313564343932313065383837666234663832666537623064626637333635373136623265222c2270726576696f7573426c6f636b223a2235373733333537383135343530656538666639373338376638636533343937636531396634303430663330323231313032333133336339386262353162323162222c2273697a65223a342c22746f74616c4f7574707574223a7b225f5f74797065223a22626967696e74222c2276616c7565223a2230227d2c227478436f756e74223a302c22767266223a227672665f766b316b646568686571776579776861387068363970363766393430737763736d35327171736532397775386c397735763376793539717a756639776d227d
1387	\\x7b22626f6479223a5b5d2c2266656573223a7b225f5f74797065223a22626967696e74222c2276616c7565223a2230227d2c22686561646572223a7b22626c6f636b4e6f223a313338372c2268617368223a2239303437373633656630353462333665656462656132313661373565376630373436636264383737326234313736323936643539636438386434643934383936222c22736c6f74223a31333333347d2c22697373756572566b223a2233396536383665353235393061363838633563383538633731616164333833393131626265663864363931333766386563383061313533643733383038336630222c2270726576696f7573426c6f636b223a2238336235353062346334663735643236356236666233333735346264383137396330383830353435643836316338626365663365333834393839373031613834222c2273697a65223a342c22746f74616c4f7574707574223a7b225f5f74797065223a22626967696e74222c2276616c7565223a2230227d2c227478436f756e74223a302c22767266223a227672665f766b316464717a737a71613938637873323433726d6a63716330373379393977356573707130383873366637343737656175736736667178656b676b65227d
1388	\\x7b22626f6479223a5b7b22617578696c6961727944617461223a7b225f5f74797065223a22756e646566696e6564227d2c22626f6479223a7b22617578696c696172794461746148617368223a7b225f5f74797065223a22756e646566696e6564227d2c22636572746966696361746573223a5b7b225f5f747970656e616d65223a225374616b6544656c65676174696f6e4365727469666963617465222c22706f6f6c4964223a22706f6f6c316d37793267616b7765777179617a303574766d717177766c3268346a6a327178746b6e6b7a6577306468747577757570726571222c227374616b654b657948617368223a226138346261636331306465323230336433303333313235353435396238653137333661323231333463633535346431656435373839613732227d5d2c22636f6c6c61746572616c73223a5b5d2c22666565223a7b225f5f74797065223a22626967696e74222c2276616c7565223a22313738373435227d2c22696e70757473223a5b7b22696e646578223a302c2274784964223a2238613361353733613339666461343932623431376565613439316435613735326338666663623237356564626466636261653466386437396238633332353337227d5d2c226d696e74223a7b225f5f74797065223a224d6170222c2276616c7565223a5b5d7d2c226f757470757473223a5b7b2261646472657373223a22616464725f7465737431717230633366726b656d3963716e35663733646e767170656e6132376b326667716577367763743965616b613033616766776b767a72307a7971376e7176636a32347a65687273687836337a7a64787632347833613474636e666571397a776d6e37222c22646174756d223a7b225f5f74797065223a22756e646566696e6564227d2c22646174756d48617368223a7b225f5f74797065223a22756e646566696e6564227d2c227363726970745265666572656e6365223a7b225f5f74797065223a22756e646566696e6564227d2c2276616c7565223a7b22617373657473223a7b225f5f74797065223a224d6170222c2276616c7565223a5b5d7d2c22636f696e73223a7b225f5f74797065223a22626967696e74222c2276616c7565223a2233303030303030227d7d7d2c7b2261646472657373223a22616464725f7465737431717230633366726b656d3963716e35663733646e767170656e6132376b326667716577367763743965616b613033616766776b767a72307a7971376e7176636a32347a65687273687836337a7a64787632347833613474636e666571397a776d6e37222c22646174756d223a7b225f5f74797065223a22756e646566696e6564227d2c22646174756d48617368223a7b225f5f74797065223a22756e646566696e6564227d2c227363726970745265666572656e6365223a7b225f5f74797065223a22756e646566696e6564227d2c2276616c7565223a7b22617373657473223a7b225f5f74797065223a224d6170222c2276616c7565223a5b5b223632313733623930623536376164346263663235346164306637366562333734643734396430623235666438323738366166366138333961343436663735363236633635343836313665363436633635222c7b225f5f74797065223a22626967696e74222c2276616c7565223a2232227d5d2c5b22363231373362393062353637616434626366323534616430663736656233373464373439643062323566643832373836616636613833396134383635366336633666343836313665363436633635222c7b225f5f74797065223a22626967696e74222c2276616c7565223a2231227d5d2c5b2236323137336239306235363761643462636632353461643066373665623337346437343964306232356664383237383661663661383339613534363537333734343836313665363436633635222c7b225f5f74797065223a22626967696e74222c2276616c7565223a2231227d5d5d7d2c22636f696e73223a7b225f5f74797065223a22626967696e74222c2276616c7565223a2236383231323535227d7d7d5d2c22726571756972656445787472615369676e617475726573223a5b5d2c22736372697074496e7465677269747948617368223a7b225f5f74797065223a22756e646566696e6564227d2c2276616c6964697479496e74657276616c223a7b22696e76616c69644265666f7265223a7b225f5f74797065223a22756e646566696e6564227d2c22696e76616c6964486572656166746572223a31343737347d2c227769746864726177616c73223a5b5d7d2c226964223a2230326164643866623661353032636137656362323333306130336465323264636665656434376665303434653934306634623036353162353930623131663364222c22696e707574536f75726365223a22696e70757473222c227769746e657373223a7b22626f6f747374726170223a5b5d2c22646174756d73223a5b5d2c2272656465656d657273223a5b5d2c2273637269707473223a5b5d2c227369676e617475726573223a7b225f5f74797065223a224d6170222c2276616c7565223a5b5b2238343435333239353736633961353736656365373235376266653939333039323766393233396566383736313564363963333137623834316135326137666436222c223332313736646431653636303031306131613639623636333363623062653134623635633663656532336533396136323035346435666362343936393034616265396164376633303238356264346662616232373337353265323837666261653963313238393936666161633039366562633734613138313933613437613030225d2c5b2261323864383864383665633264633963626666373466613030643362363534636330343734396430643165396265303934343762663530386163613330353030222c223161386661376231646332613436343835653239653334626638363066653436353736666161386438323265613132656236373535383166373630353766656330633330356134653534313032393863313433393731323238383961633265663762643434393165353738373432396561376464386231653464363630623036225d5d7d7d7d5d2c2266656573223a7b225f5f74797065223a22626967696e74222c2276616c7565223a22313738373435227d2c22686561646572223a7b22626c6f636b4e6f223a313338382c2268617368223a2230383233336533356131646265323839366361303266366632343766623139656661326239393538653937636439626237623162373935396463303039326139222c22736c6f74223a31333333387d2c22697373756572566b223a2264636664393463356366313732393533616533386162646438386537336534636334343265626438636265333863316365326532383936663930383638623030222c2270726576696f7573426c6f636b223a2239303437373633656630353462333665656462656132313661373565376630373436636264383737326234313736323936643539636438386434643934383936222c2273697a65223a3532382c22746f74616c4f7574707574223a7b225f5f74797065223a22626967696e74222c2276616c7565223a2239383231323535227d2c227478436f756e74223a312c22767266223a227672665f766b317374376a6c3372393672376b656873716e76763276677663676634336b706c6a6c396736736e3733367866687868326e7675347164376c7a6566227d
1389	\\x7b22626f6479223a5b5d2c2266656573223a7b225f5f74797065223a22626967696e74222c2276616c7565223a2230227d2c22686561646572223a7b22626c6f636b4e6f223a313338392c2268617368223a2265383736663130306131393238316566356138303638346233373966316163303738633365653230303439363534623866333666343533366666633962303266222c22736c6f74223a31333334327d2c22697373756572566b223a2231376230396136333133323831383263366463393337333934323731353064326564353765353439363032313662373666643365626466326262663863306135222c2270726576696f7573426c6f636b223a2230383233336533356131646265323839366361303266366632343766623139656661326239393538653937636439626237623162373935396463303039326139222c2273697a65223a342c22746f74616c4f7574707574223a7b225f5f74797065223a22626967696e74222c2276616c7565223a2230227d2c227478436f756e74223a302c22767266223a227672665f766b3176786c6765653973743272716b3775347063647130707a716165656e707635646d6d3468677873376565343067387068636e3673647366723338227d
1390	\\x7b22626f6479223a5b5d2c2266656573223a7b225f5f74797065223a22626967696e74222c2276616c7565223a2230227d2c22686561646572223a7b22626c6f636b4e6f223a313339302c2268617368223a2231333562323637613964663430643763653737383066326637313163396266356166646432393930646636346363623663653666613035313532393733623833222c22736c6f74223a31333334397d2c22697373756572566b223a2236323163636137336239303434633961373234656132306430376666636237316132633335393831613131336538343136663331366335393738366133383966222c2270726576696f7573426c6f636b223a2265383736663130306131393238316566356138303638346233373966316163303738633365653230303439363534623866333666343533366666633962303266222c2273697a65223a342c22746f74616c4f7574707574223a7b225f5f74797065223a22626967696e74222c2276616c7565223a2230227d2c227478436f756e74223a302c22767266223a227672665f766b316178723276646c366667347774733967767279723474786c6a326e7266643264733965336a7638346c6473386a6b336e6372667133666c757839227d
1391	\\x7b22626f6479223a5b5d2c2266656573223a7b225f5f74797065223a22626967696e74222c2276616c7565223a2230227d2c22686561646572223a7b22626c6f636b4e6f223a313339312c2268617368223a2232623638323333656433323563393930656336386366633431316331623161316333353232666566303264653066303832316532303932616331633939653234222c22736c6f74223a31333335347d2c22697373756572566b223a2236323163636137336239303434633961373234656132306430376666636237316132633335393831613131336538343136663331366335393738366133383966222c2270726576696f7573426c6f636b223a2231333562323637613964663430643763653737383066326637313163396266356166646432393930646636346363623663653666613035313532393733623833222c2273697a65223a342c22746f74616c4f7574707574223a7b225f5f74797065223a22626967696e74222c2276616c7565223a2230227d2c227478436f756e74223a302c22767266223a227672665f766b316178723276646c366667347774733967767279723474786c6a326e7266643264733965336a7638346c6473386a6b336e6372667133666c757839227d
1305	\\x7b22626f6479223a5b5d2c2266656573223a7b225f5f74797065223a22626967696e74222c2276616c7565223a2230227d2c22686561646572223a7b22626c6f636b4e6f223a313330352c2268617368223a2239326237353135306135373638613430633930633735343363646430643139643162363666373133373866313235646631353161393061313132636135613432222c22736c6f74223a31323538317d2c22697373756572566b223a2235373732376161383434343435666630343062663138303138363736363762636332396562326332613165666431353039643136636235656333393535323463222c2270726576696f7573426c6f636b223a2232336637303861656233346535633164376633326562613839373465613734326538316562663030373032376136323561666464633131353863383430313336222c2273697a65223a342c22746f74616c4f7574707574223a7b225f5f74797065223a22626967696e74222c2276616c7565223a2230227d2c227478436f756e74223a302c22767266223a227672665f766b316838706a78663534733361377774643674326464776775737165706463747174323832666b717077373579616766356e677a727365336578396c227d
\.


--
-- Data for Name: handle; Type: TABLE DATA; Schema: public; Owner: postgres
--

COPY public.handle (handle, cardano_address, policy_id, has_datum, default_for_stake_credential, default_for_payment_credential, asset_id) FROM stdin;
HelloHandle	addr_test1qr0c3frkem9cqn5f73dnvqpena27k2fgqew6wct9eaka03agfwkvzr0zyq7nqvcj24zehrshx63zzdxv24x3a4tcnfeq9zwmn7	62173b90b567ad4bcf254ad0f76eb374d749d0b25fd82786af6a839a	f	TestHandle	TestHandle	62173b90b567ad4bcf254ad0f76eb374d749d0b25fd82786af6a839a48656c6c6f48616e646c65
TestHandle	addr_test1qr0c3frkem9cqn5f73dnvqpena27k2fgqew6wct9eaka03agfwkvzr0zyq7nqvcj24zehrshx63zzdxv24x3a4tcnfeq9zwmn7	62173b90b567ad4bcf254ad0f76eb374d749d0b25fd82786af6a839a	f	TestHandle	TestHandle	62173b90b567ad4bcf254ad0f76eb374d749d0b25fd82786af6a839a5465737448616e646c65
handle2	addr_test1qpw0djgj0x59ngrjvqthn7enhvruxnsavsw5th63la3mjel3tkc974sr23jmlzgq5zda4gtv8k9cy38756r9y3qgmkqqjz6aa7	62173b90b567ad4bcf254ad0f76eb374d749d0b25fd82786af6a839a	t	handle2	handle2	62173b90b567ad4bcf254ad0f76eb374d749d0b25fd82786af6a839a000de14068616e646c6532
handle1	addr_test1qpw0djgj0x59ngrjvqthn7enhvruxnsavsw5th63la3mjel3tkc974sr23jmlzgq5zda4gtv8k9cy38756r9y3qgmkqqjz6aa7	62173b90b567ad4bcf254ad0f76eb374d749d0b25fd82786af6a839a	t	handle2	handle2	62173b90b567ad4bcf254ad0f76eb374d749d0b25fd82786af6a839a68616e646c6531
\.


--
-- Data for Name: handle_metadata; Type: TABLE DATA; Schema: public; Owner: postgres
--

COPY public.handle_metadata (id, handle, og, profile_pic_image, background_image, output_id, block_slot) FROM stdin;
1	TestHandle	f	\N	\N	\N	1409
2	HelloHandle	f	\N	\N	\N	1409
3	DoubleHandle	f	\N	\N	\N	1409
4	handle2	f	ipfs://QmWgjXCxVUSWPy1WmUV3joPP1sZMvZ71so6qy6C2ZukRBD	ipfs://QmY6XiqBr9JNnuguTRsx3ocvkQemNJ5iCRMie85wqz94Jo	3	4151
5	handle1	f	\N	\N	\N	4151
6	handle1	f	\N	\N	\N	4348
7	handle1	f	\N	\N	\N	4385
8	handle1	f	\N	\N	\N	4435
9	handle1	f	\N	\N	\N	4516
10	handle2	f	ipfs://QmWgjXCxVUSWPy1WmUV3joPP1sZMvZ71so6qy6C2ZukRBD	ipfs://QmY6XiqBr9JNnuguTRsx3ocvkQemNJ5iCRMie85wqz94Jo	13	13064
11	handle1	f	\N	\N	\N	13064
\.


--
-- Data for Name: nft_metadata; Type: TABLE DATA; Schema: public; Owner: postgres
--

COPY public.nft_metadata (id, name, description, image, media_type, files, type, other_properties, user_token_asset_id, parent_asset_id, created_at_slot) FROM stdin;
1	TestHandle	The Handle Standard	ipfs://some-hash	image/jpeg	[{"src": "ipfs://Qmb78QQ4RXxKQrteRn4X3WaMXXfmi2BU2dLjfWxuJoF2N5", "name": "some name", "mediaType": "video/mp4"}, {"src": "ipfs://Qmb78QQ4RXxKQrteRn4X3WaMXXfmi2BU2dLjfWxuJoF2Ny", "name": "some name", "mediaType": "audio/mpeg"}]	CIP-0025	{"value": [["augmentations", []], ["core", {"value": [["handleEncoding", "utf-8"], ["og", {"value": "0", "__type": "bigint"}], ["prefix", "$"], ["termsofuse", "https://cardanofoundation.org/en/terms-and-conditions/"], ["version", {"value": "0", "__type": "bigint"}]], "__type": "Map"}], ["website", "https://cardano.org/"]], "__type": "Map"}	62173b90b567ad4bcf254ad0f76eb374d749d0b25fd82786af6a839a5465737448616e646c65	62173b90b567ad4bcf254ad0f76eb374d749d0b25fd82786af6a839a5465737448616e646c65	1409
2	HelloHandle	The Handle Standard	ipfs://some-hash	\N	\N	CIP-0025	{"value": [["augmentations", []], ["core", {"value": [["handleEncoding", "utf-8"], ["og", {"value": "0", "__type": "bigint"}], ["prefix", "$"], ["termsofuse", "https://cardanofoundation.org/en/terms-and-conditions/"], ["version", {"value": "0", "__type": "bigint"}]], "__type": "Map"}], ["website", "https://cardano.org/"]], "__type": "Map"}	62173b90b567ad4bcf254ad0f76eb374d749d0b25fd82786af6a839a48656c6c6f48616e646c65	62173b90b567ad4bcf254ad0f76eb374d749d0b25fd82786af6a839a48656c6c6f48616e646c65	1409
3	DoubleHandle	The Handle Standard	ipfs://some-hash	\N	\N	CIP-0025	{"value": [["augmentations", []], ["core", {"value": [["handleEncoding", "utf-8"], ["og", {"value": "0", "__type": "bigint"}], ["prefix", "$"], ["termsofuse", "https://cardanofoundation.org/en/terms-and-conditions/"], ["version", {"value": "0", "__type": "bigint"}]], "__type": "Map"}], ["website", "https://cardano.org/"]], "__type": "Map"}	62173b90b567ad4bcf254ad0f76eb374d749d0b25fd82786af6a839a446f75626c6548616e646c65	62173b90b567ad4bcf254ad0f76eb374d749d0b25fd82786af6a839a446f75626c6548616e646c65	1409
4	$pharmers2	\N	ipfs://zdj7WmoZ6Vy5d3K6uqBSRZPRzSebVxbL2n1WAQNAX3oLaWeYt	image/jpeg	\N	CIP-0068	{"value": [["og", {"value": "0", "__type": "bigint"}], ["og_number", {"value": "0", "__type": "bigint"}], ["rarity", "basic"], ["length", {"value": "9", "__type": "bigint"}], ["characters", "letters,numbers"], ["numeric_modifiers", ""], ["version", {"value": "1", "__type": "bigint"}]], "__type": "Map"}	62173b90b567ad4bcf254ad0f76eb374d749d0b25fd82786af6a839a000de14068616e646c6532	62173b90b567ad4bcf254ad0f76eb374d749d0b25fd82786af6a839a000643b068616e646c6532	4151
5	$handle1	The Handle Standard	ipfs://some-hash	\N	\N	CIP-0025	{"value": [["augmentations", []], ["core", {"value": [["handleEncoding", "utf-8"], ["og", {"value": "0", "__type": "bigint"}], ["prefix", "$"], ["termsofuse", "https://cardanofoundation.org/en/terms-and-conditions/"], ["version", {"value": "0", "__type": "bigint"}]], "__type": "Map"}], ["website", "https://cardano.org/"]], "__type": "Map"}	62173b90b567ad4bcf254ad0f76eb374d749d0b25fd82786af6a839a68616e646c6531	62173b90b567ad4bcf254ad0f76eb374d749d0b25fd82786af6a839a68616e646c6531	4151
6	$handle1	The Handle Standard	ipfs://some-hash	\N	\N	CIP-0025	{"value": [["augmentations", []], ["core", {"value": [["handleEncoding", "utf-8"], ["og", {"value": "0", "__type": "bigint"}], ["prefix", "$"], ["termsofuse", "https://cardanofoundation.org/en/terms-and-conditions/"], ["version", {"value": "0", "__type": "bigint"}]], "__type": "Map"}], ["website", "https://cardano.org/"]], "__type": "Map"}	62173b90b567ad4bcf254ad0f76eb374d749d0b25fd82786af6a839a68616e646c6531	62173b90b567ad4bcf254ad0f76eb374d749d0b25fd82786af6a839a68616e646c6531	4348
7	$handle1	The Handle Standard	ipfs://some-hash	\N	\N	CIP-0025	{"value": [["augmentations", []], ["core", {"value": [["handleEncoding", "utf-8"], ["og", {"value": "0", "__type": "bigint"}], ["prefix", "$"], ["termsofuse", "https://cardanofoundation.org/en/terms-and-conditions/"], ["version", {"value": "0", "__type": "bigint"}]], "__type": "Map"}], ["website", "https://cardano.org/"]], "__type": "Map"}	62173b90b567ad4bcf254ad0f76eb374d749d0b25fd82786af6a839a68616e646c6531	62173b90b567ad4bcf254ad0f76eb374d749d0b25fd82786af6a839a68616e646c6531	4385
8	$handle1	The Handle Standard	ipfs://some-hash	\N	\N	CIP-0025	{"value": [["augmentations", []], ["core", {"value": [["handleEncoding", "utf-8"], ["og", {"value": "0", "__type": "bigint"}], ["prefix", "$"], ["termsofuse", "https://cardanofoundation.org/en/terms-and-conditions/"], ["version", {"value": "0", "__type": "bigint"}]], "__type": "Map"}], ["website", "https://cardano.org/"]], "__type": "Map"}	62173b90b567ad4bcf254ad0f76eb374d749d0b25fd82786af6a839a68616e646c6531	62173b90b567ad4bcf254ad0f76eb374d749d0b25fd82786af6a839a68616e646c6531	4435
9	$handle1	The Handle Standard	ipfs://some-hash	\N	\N	CIP-0025	{"value": [["augmentations", []], ["core", {"value": [["handleEncoding", "utf-8"], ["og", {"value": "0", "__type": "bigint"}], ["prefix", "$"], ["termsofuse", "https://cardanofoundation.org/en/terms-and-conditions/"], ["version", {"value": "0", "__type": "bigint"}]], "__type": "Map"}], ["website", "https://cardano.org/"]], "__type": "Map"}	62173b90b567ad4bcf254ad0f76eb374d749d0b25fd82786af6a839a68616e646c6531	62173b90b567ad4bcf254ad0f76eb374d749d0b25fd82786af6a839a68616e646c6531	4516
10	$pharmers2	\N	ipfs://zdj7WmoZ6Vy5d3K6uqBSRZPRzSebVxbL2n1WAQNAX3oLaWeYt	image/jpeg	\N	CIP-0068	{"value": [["og", {"value": "0", "__type": "bigint"}], ["og_number", {"value": "0", "__type": "bigint"}], ["rarity", "basic"], ["length", {"value": "9", "__type": "bigint"}], ["characters", "letters,numbers"], ["numeric_modifiers", ""], ["version", {"value": "1", "__type": "bigint"}]], "__type": "Map"}	62173b90b567ad4bcf254ad0f76eb374d749d0b25fd82786af6a839a000de14068616e646c6532	62173b90b567ad4bcf254ad0f76eb374d749d0b25fd82786af6a839a000643b068616e646c6532	13064
11	$handle1	The Handle Standard	ipfs://some-hash	\N	\N	CIP-0025	{"value": [["augmentations", []], ["core", {"value": [["handleEncoding", "utf-8"], ["og", {"value": "0", "__type": "bigint"}], ["prefix", "$"], ["termsofuse", "https://cardanofoundation.org/en/terms-and-conditions/"], ["version", {"value": "0", "__type": "bigint"}]], "__type": "Map"}], ["website", "https://cardano.org/"]], "__type": "Map"}	62173b90b567ad4bcf254ad0f76eb374d749d0b25fd82786af6a839a68616e646c6531	62173b90b567ad4bcf254ad0f76eb374d749d0b25fd82786af6a839a68616e646c6531	13064
\.


--
-- Data for Name: output; Type: TABLE DATA; Schema: public; Owner: postgres
--

COPY public.output (id, address, tx_id, output_index, coins, consumed_at_slot, datum_hash, datum, script_reference, block_slot) FROM stdin;
2	addr_test1qr0c3frkem9cqn5f73dnvqpena27k2fgqew6wct9eaka03agfwkvzr0zyq7nqvcj24zehrshx63zzdxv24x3a4tcnfeq9zwmn7	92f06c00278e46b72001aa5fbd64536421b419e62e9537b59cb55f742096cf40	0	10000000	\N	\N	d8799fa644636f7265a5426f67004670726566697841244776657273696f6e004a7465726d736f66757365583668747470733a2f2f63617264616e6f666f756e646174696f6e2e6f72672f656e2f7465726d732d616e642d636f6e646974696f6e732f4e68616e646c65456e636f64696e67457574662d38446e616d654d283130302968616e646c65363845696d61676550697066733a2f2f736f6d652d6861736847776562736974655468747470733a2f2f63617264616e6f2e6f72672f4b6465736372697074696f6e535468652048616e646c65205374616e646172644d6175676d656e746174696f6e738001a0ff	\N	1419
3	addr_test1qpw0djgj0x59ngrjvqthn7enhvruxnsavsw5th63la3mjel3tkc974sr23jmlzgq5zda4gtv8k9cy38756r9y3qgmkqqjz6aa7	ea1ff43e8a3d9873fea428a9293873e14bd84066aa57ed0fe4ea92c37fa1a12b	0	10000000	4205	\N	d8799faa446e616d654a24706861726d6572733245696d6167655838697066733a2f2f7a646a37576d6f5a3656793564334b3675714253525a50527a5365625678624c326e315741514e4158336f4c6157655974496d65646961547970654a696d6167652f6a706567426f6700496f675f6e756d6265720046726172697479456261736963466c656e677468094a636861726163746572734f6c6574746572732c6e756d62657273516e756d657269635f6d6f64696669657273404776657273696f6e0101b34862675f696d6167655835697066733a2f2f516d59365869714272394a4e6e75677554527378336f63766b51656d4e4a356943524d6965383577717a39344a6f497066705f696d6167655835697066733a2f2f516d57676a58437856555357507931576d5556336a6f505031735a4d765a3731736f3671793643325a756b52424446706f7274616c404864657369676e65725838697066733a2f2f7a623272686b3278453154755757787448547a6f356774446945784136547276534b69596e6176704552334c66446b6f4b47736f6369616c73404676656e646f72404764656661756c74004e7374616e646172645f696d6167655838697066733a2f2f7a62327268696b435674535a7a4b756935336b76574c387974564374637a67457239424c6a466258423454585578684879536c6173745f7570646174655f61646472657373583901e80fd3030bfb17f25bfee50d2e71c9ece68292915698f955ea6645ea2b7be012268a95ebaefe5305164405df22ce4119a4a3549bbf1cda3d4c76616c6964617465645f6279581c4da965a049dfd15ed1ee19fba6e2974a0b79fc416dd1796a1f97f5e14a696d6167655f686173685820bcd58c0dceea97b717bcbe0edc40b2e65fc2329a4db9ce3716b47b90eb5167de537374616e646172645f696d6167655f686173685820b3d06b8604acc91729e4d10ff5f42da4137cbb6b943291f703eb97761673c9804b7376675f76657273696f6e46312e31352e304c6167726565645f7465726d7340546d6967726174655f7369675f726571756972656400446e7366770045747269616c00497066705f61737365745823e74862a09d17a9cb03174a6bd5fa305b8684475c4c36021591c606e0445030363831364862675f6173736574582c9bdf437b6831d46d92d0db80f19f1b702145e9fdcc43c6264f7a04dc001bc2805468652046726565204f6e65ff	\N	4151
5	addr_test1qpw0djgj0x59ngrjvqthn7enhvruxnsavsw5th63la3mjel3tkc974sr23jmlzgq5zda4gtv8k9cy38756r9y3qgmkqqjz6aa7	01bf5befd56668a456e0e4b3fe9f62e167c02ec7537490baa640cc77c01a25c7	1	4999959173480	4230	\N	\N	\N	4205
6	addr_test1qpw0djgj0x59ngrjvqthn7enhvruxnsavsw5th63la3mjel3tkc974sr23jmlzgq5zda4gtv8k9cy38756r9y3qgmkqqjz6aa7	b11cafb8ad33ec1a69a268b97cd0f2256530098a1aaca4b315ce73c19193b673	1	4999939002479	4275	\N	\N	\N	4230
4	addr_test1qqk9y8lt37jk5k4672nefy2ga9l3vxg3xdqgsvpgkq78httaz6v5pj3usegtaz2srkf3kvyjjgpdr064shhw23w638jqs72jll	01bf5befd56668a456e0e4b3fe9f62e167c02ec7537490baa640cc77c01a25c7	0	20000000	4315	\N	\N	\N	4205
7	addr_test1qpw0djgj0x59ngrjvqthn7enhvruxnsavsw5th63la3mjel3tkc974sr23jmlzgq5zda4gtv8k9cy38756r9y3qgmkqqjz6aa7	9f277cc931bd19e08801aab39ae41b1cfafe30cc84fbdda09867404e4386d5bd	0	10000000	4385	\N	\N	\N	4348
8	addr_test1qpw0djgj0x59ngrjvqthn7enhvruxnsavsw5th63la3mjel3tkc974sr23jmlzgq5zda4gtv8k9cy38756r9y3qgmkqqjz6aa7	c5ccac1a71954f2060aa1b183b50a28e5f5b9305684c1058e79052089e921044	0	10000000	4420	\N	\N	\N	4385
9	addr_test1qpw0djgj0x59ngrjvqthn7enhvruxnsavsw5th63la3mjel3tkc974sr23jmlzgq5zda4gtv8k9cy38756r9y3qgmkqqjz6aa7	c5ccac1a71954f2060aa1b183b50a28e5f5b9305684c1058e79052089e921044	1	4999928439316	4420	\N	\N	\N	4385
10	addr_test1qpw0djgj0x59ngrjvqthn7enhvruxnsavsw5th63la3mjel3tkc974sr23jmlzgq5zda4gtv8k9cy38756r9y3qgmkqqjz6aa7	c073de293d97c89f9aaaa1df54f98e8c0146ac18571138dc6d441e13e4de9b0c	0	10000000	4451	\N	\N	\N	4435
11	addr_test1qpw0djgj0x59ngrjvqthn7enhvruxnsavsw5th63la3mjel3tkc974sr23jmlzgq5zda4gtv8k9cy38756r9y3qgmkqqjz6aa7	93abe83982c2e92750687a553d6aca973415b8e56e0a843afb8da0e7a501a5fa	0	10000000	4540	\N	\N	\N	4516
12	addr_test1qpw0djgj0x59ngrjvqthn7enhvruxnsavsw5th63la3mjel3tkc974sr23jmlzgq5zda4gtv8k9cy38756r9y3qgmkqqjz6aa7	e9d02272300d3b213421b7af5c3c53de41b29269ea561c088c180159547c46f2	0	9824995	4584	\N	\N	\N	4540
1	addr_test1qr0c3frkem9cqn5f73dnvqpena27k2fgqew6wct9eaka03agfwkvzr0zyq7nqvcj24zehrshx63zzdxv24x3a4tcnfeq9zwmn7	8a3a573a39fda492b417eea491d5a752c8ffcb275edbdfcbae4f8d79b8c32537	0	10000000	13338	\N	\N	\N	1409
13	addr_test1qpw0djgj0x59ngrjvqthn7enhvruxnsavsw5th63la3mjel3tkc974sr23jmlzgq5zda4gtv8k9cy38756r9y3qgmkqqjz6aa7	5c948fc8fd05589cc1bf7cc19c2fd894e6304979c2bb38644076bc55627f19dc	0	10000000	\N	\N	d8799faa446e616d654a24706861726d6572733245696d6167655838697066733a2f2f7a646a37576d6f5a3656793564334b3675714253525a50527a5365625678624c326e315741514e4158336f4c6157655974496d65646961547970654a696d6167652f6a706567426f6700496f675f6e756d6265720046726172697479456261736963466c656e677468094a636861726163746572734f6c6574746572732c6e756d62657273516e756d657269635f6d6f64696669657273404776657273696f6e0101b34862675f696d6167655835697066733a2f2f516d59365869714272394a4e6e75677554527378336f63766b51656d4e4a356943524d6965383577717a39344a6f497066705f696d6167655835697066733a2f2f516d57676a58437856555357507931576d5556336a6f505031735a4d765a3731736f3671793643325a756b52424446706f7274616c404864657369676e65725838697066733a2f2f7a623272686b3278453154755757787448547a6f356774446945784136547276534b69596e6176704552334c66446b6f4b47736f6369616c73404676656e646f72404764656661756c74004e7374616e646172645f696d6167655838697066733a2f2f7a62327268696b435674535a7a4b756935336b76574c387974564374637a67457239424c6a466258423454585578684879536c6173745f7570646174655f61646472657373583901e80fd3030bfb17f25bfee50d2e71c9ece68292915698f955ea6645ea2b7be012268a95ebaefe5305164405df22ce4119a4a3549bbf1cda3d4c76616c6964617465645f6279581c4da965a049dfd15ed1ee19fba6e2974a0b79fc416dd1796a1f97f5e14a696d6167655f686173685820bcd58c0dceea97b717bcbe0edc40b2e65fc2329a4db9ce3716b47b90eb5167de537374616e646172645f696d6167655f686173685820b3d06b8604acc91729e4d10ff5f42da4137cbb6b943291f703eb97761673c9804b7376675f76657273696f6e46312e31352e304c6167726565645f7465726d7340546d6967726174655f7369675f726571756972656400446e7366770045747269616c00497066705f61737365745823e74862a09d17a9cb03174a6bd5fa305b8684475c4c36021591c606e0445030363831364862675f6173736574582c9bdf437b6831d46d92d0db80f19f1b702145e9fdcc43c6264f7a04dc001bc2805468652046726565204f6e65ff	\N	13064
14	addr_test1qr0c3frkem9cqn5f73dnvqpena27k2fgqew6wct9eaka03agfwkvzr0zyq7nqvcj24zehrshx63zzdxv24x3a4tcnfeq9zwmn7	02add8fb6a502ca7ecb2330a03de22dcfeed47fe044e940f4b0651b590b11f3d	1	6821255	\N	\N	\N	\N	13338
\.


--
-- Data for Name: stake_key_registration; Type: TABLE DATA; Schema: public; Owner: postgres
--

COPY public.stake_key_registration (id, stake_key_hash, block_slot) FROM stdin;
210000000000	3fb95394b27ef3eda89e6b166a0d057622c72916cf32a3372032295b	21
1250000000000	855c1066149b4f371b69b68d3f59c90b8e7d52bfb6ac3532c4328e5f	125
2340000000000	c27fa0f6db59f6d7fe28db2851c372f3b1720f8d12b59da2657965c9	234
3310000000000	580d9c2e45c37b0837a10402c331138d7d786c0397b094c6f96a895d	331
4050000000000	ae105797fd432cbec2ff689cf460a504f82f4982547233c6f379a43c	405
4970000000000	c127002d387ca5f42fd4984fabc46e6e2fa0f013428963254783d9ed	497
6360000000000	9a5a2df5b56ea0a4751a37a2075ed61d28e1b333aeb059eacf52abdb	636
7450000000000	5f70262da4edd085f3597cc218a0fa04dc342a91ddd58979a1195b29	745
8650000000000	1711752a2514a59a09245d4a1bdd756df71842544fa0ebd49e0828d9	865
9930000000000	3ba08437c4cf5a810c2c74b07bbd5fc242765544aaab78436b66dba8	993
11000000000000	08c26a2df820e2a9f0a52c73cd0fac56428eec3ddbf49f98cb344f91	1100
48660000000000	72263fa8b9f007946b8c7a36cee70b60b6c7ee0f690d550a0cf2fe01	4866
48660000000002	8de2a3276f91632bcce46c53224517c7d7a59d5d1b4f9b1316cb3f5f	4866
48660000000004	4f4ce0a7c4276472146ba263f154dfec8e1f7a8dd8ed51fcb7dac7d4	4866
48660000000006	0ff319232aa31519000eb59ccee17784fa81e5c09124eb8c9db8a7a4	4866
48660000000008	ce5459a1b4aaa9389186f829a4d8937b07c85aa9978b2cb03d847bc5	4866
54070000000000	f15db05f56035465bf8900a09bdaa16c3d8b8244fea686524408dd80	5407
55630000000000	f15db05f56035465bf8900a09bdaa16c3d8b8244fea686524408dd80	5563
90490000000000	f009653556784c3a3edf03455769aca8e07dc4fb9db2b8520d59555a	9049
131430000000000	e0b30dc21735b34227c3c3d7a433865f2835916d5242155f10a08882	13143
132840000000000	a84bacc10de2203d30331255459b8e1736a22134cc554d1ed5789a72	13284
\.


--
-- Data for Name: tokens; Type: TABLE DATA; Schema: public; Owner: postgres
--

COPY public.tokens (id, quantity, asset_id, output_id) FROM stdin;
1	2	62173b90b567ad4bcf254ad0f76eb374d749d0b25fd82786af6a839a446f75626c6548616e646c65	1
2	1	62173b90b567ad4bcf254ad0f76eb374d749d0b25fd82786af6a839a48656c6c6f48616e646c65	1
3	1	62173b90b567ad4bcf254ad0f76eb374d749d0b25fd82786af6a839a5465737448616e646c65	1
4	1	62173b90b567ad4bcf254ad0f76eb374d749d0b25fd82786af6a839a283232322968616e646c653638	2
5	1	62173b90b567ad4bcf254ad0f76eb374d749d0b25fd82786af6a839a000643b068616e646c6532	3
6	1	62173b90b567ad4bcf254ad0f76eb374d749d0b25fd82786af6a839a000de14068616e646c6532	3
7	1	62173b90b567ad4bcf254ad0f76eb374d749d0b25fd82786af6a839a68616e646c6531	3
8	1	62173b90b567ad4bcf254ad0f76eb374d749d0b25fd82786af6a839a68616e646c6531	4
9	1	62173b90b567ad4bcf254ad0f76eb374d749d0b25fd82786af6a839a000643b068616e646c6532	5
10	1	62173b90b567ad4bcf254ad0f76eb374d749d0b25fd82786af6a839a000de14068616e646c6532	5
11	1	62173b90b567ad4bcf254ad0f76eb374d749d0b25fd82786af6a839a000643b068616e646c6532	6
12	1	62173b90b567ad4bcf254ad0f76eb374d749d0b25fd82786af6a839a000de14068616e646c6532	6
13	1	62173b90b567ad4bcf254ad0f76eb374d749d0b25fd82786af6a839a68616e646c6531	7
14	1	62173b90b567ad4bcf254ad0f76eb374d749d0b25fd82786af6a839a68616e646c6531	8
15	1	62173b90b567ad4bcf254ad0f76eb374d749d0b25fd82786af6a839a68616e646c6531	9
16	2	62173b90b567ad4bcf254ad0f76eb374d749d0b25fd82786af6a839a68616e646c6531	10
17	2	62173b90b567ad4bcf254ad0f76eb374d749d0b25fd82786af6a839a68616e646c6531	11
18	1	62173b90b567ad4bcf254ad0f76eb374d749d0b25fd82786af6a839a68616e646c6531	12
19	1	62173b90b567ad4bcf254ad0f76eb374d749d0b25fd82786af6a839a000643b068616e646c6532	13
20	1	62173b90b567ad4bcf254ad0f76eb374d749d0b25fd82786af6a839a000de14068616e646c6532	13
21	1	62173b90b567ad4bcf254ad0f76eb374d749d0b25fd82786af6a839a68616e646c6531	13
22	2	62173b90b567ad4bcf254ad0f76eb374d749d0b25fd82786af6a839a446f75626c6548616e646c65	14
23	1	62173b90b567ad4bcf254ad0f76eb374d749d0b25fd82786af6a839a48656c6c6f48616e646c65	14
24	1	62173b90b567ad4bcf254ad0f76eb374d749d0b25fd82786af6a839a5465737448616e646c65	14
\.


--
-- Name: handle_metadata_id_seq; Type: SEQUENCE SET; Schema: public; Owner: postgres
--

SELECT pg_catalog.setval('public.handle_metadata_id_seq', 11, true);


--
-- Name: nft_metadata_id_seq; Type: SEQUENCE SET; Schema: public; Owner: postgres
--

SELECT pg_catalog.setval('public.nft_metadata_id_seq', 11, true);


--
-- Name: output_id_seq; Type: SEQUENCE SET; Schema: public; Owner: postgres
--

SELECT pg_catalog.setval('public.output_id_seq', 14, true);


--
-- Name: tokens_id_seq; Type: SEQUENCE SET; Schema: public; Owner: postgres
--

SELECT pg_catalog.setval('public.tokens_id_seq', 24, true);


--
-- Name: address PK_address_address; Type: CONSTRAINT; Schema: public; Owner: postgres
--

ALTER TABLE ONLY public.address
    ADD CONSTRAINT "PK_address_address" PRIMARY KEY (address);


--
-- Name: asset PK_asset_id; Type: CONSTRAINT; Schema: public; Owner: postgres
--

ALTER TABLE ONLY public.asset
    ADD CONSTRAINT "PK_asset_id" PRIMARY KEY (id);


--
-- Name: block_data PK_block_data_block_height; Type: CONSTRAINT; Schema: public; Owner: postgres
--

ALTER TABLE ONLY public.block_data
    ADD CONSTRAINT "PK_block_data_block_height" PRIMARY KEY (block_height);


--
-- Name: block PK_block_slot; Type: CONSTRAINT; Schema: public; Owner: postgres
--

ALTER TABLE ONLY public.block
    ADD CONSTRAINT "PK_block_slot" PRIMARY KEY (slot);


--
-- Name: handle PK_handle_handle; Type: CONSTRAINT; Schema: public; Owner: postgres
--

ALTER TABLE ONLY public.handle
    ADD CONSTRAINT "PK_handle_handle" PRIMARY KEY (handle);


--
-- Name: handle_metadata PK_handle_metadata_id; Type: CONSTRAINT; Schema: public; Owner: postgres
--

ALTER TABLE ONLY public.handle_metadata
    ADD CONSTRAINT "PK_handle_metadata_id" PRIMARY KEY (id);


--
-- Name: nft_metadata PK_nft_metadata_id; Type: CONSTRAINT; Schema: public; Owner: postgres
--

ALTER TABLE ONLY public.nft_metadata
    ADD CONSTRAINT "PK_nft_metadata_id" PRIMARY KEY (id);


--
-- Name: output PK_output_id; Type: CONSTRAINT; Schema: public; Owner: postgres
--

ALTER TABLE ONLY public.output
    ADD CONSTRAINT "PK_output_id" PRIMARY KEY (id);


--
-- Name: stake_key_registration PK_stake_key_registration_id; Type: CONSTRAINT; Schema: public; Owner: postgres
--

ALTER TABLE ONLY public.stake_key_registration
    ADD CONSTRAINT "PK_stake_key_registration_id" PRIMARY KEY (id);


--
-- Name: tokens PK_tokens_id; Type: CONSTRAINT; Schema: public; Owner: postgres
--

ALTER TABLE ONLY public.tokens
    ADD CONSTRAINT "PK_tokens_id" PRIMARY KEY (id);


--
-- Name: asset REL_asset_nft_metadata_id; Type: CONSTRAINT; Schema: public; Owner: postgres
--

ALTER TABLE ONLY public.asset
    ADD CONSTRAINT "REL_asset_nft_metadata_id" UNIQUE (nft_metadata_id);


--
-- Name: handle REL_handle_asset_id; Type: CONSTRAINT; Schema: public; Owner: postgres
--

ALTER TABLE ONLY public.handle
    ADD CONSTRAINT "REL_handle_asset_id" UNIQUE (asset_id);


--
-- Name: IDX_address_payment_credential_hash; Type: INDEX; Schema: public; Owner: postgres
--

CREATE INDEX "IDX_address_payment_credential_hash" ON public.address USING btree (payment_credential_hash);


--
-- Name: IDX_address_stake_credential_hash; Type: INDEX; Schema: public; Owner: postgres
--

CREATE INDEX "IDX_address_stake_credential_hash" ON public.address USING btree (stake_credential_hash);


--
-- Name: IDX_block_hash; Type: INDEX; Schema: public; Owner: postgres
--

CREATE UNIQUE INDEX "IDX_block_hash" ON public.block USING btree (hash);


--
-- Name: IDX_block_height; Type: INDEX; Schema: public; Owner: postgres
--

CREATE UNIQUE INDEX "IDX_block_height" ON public.block USING btree (height);


--
-- Name: IDX_handle_metadata_handle; Type: INDEX; Schema: public; Owner: postgres
--

CREATE INDEX "IDX_handle_metadata_handle" ON public.handle_metadata USING btree (handle);


--
-- Name: IDX_output_address; Type: INDEX; Schema: public; Owner: postgres
--

CREATE INDEX "IDX_output_address" ON public.output USING btree (address);


--
-- Name: IDX_output_output_index; Type: INDEX; Schema: public; Owner: postgres
--

CREATE INDEX "IDX_output_output_index" ON public.output USING btree (output_index);


--
-- Name: IDX_output_tx_id; Type: INDEX; Schema: public; Owner: postgres
--

CREATE INDEX "IDX_output_tx_id" ON public.output USING btree (tx_id);


--
-- Name: IDX_stake_key_registration_stake_key_hash; Type: INDEX; Schema: public; Owner: postgres
--

CREATE INDEX "IDX_stake_key_registration_stake_key_hash" ON public.stake_key_registration USING btree (stake_key_hash);


--
-- Name: address FK_address_registration_id; Type: FK CONSTRAINT; Schema: public; Owner: postgres
--

ALTER TABLE ONLY public.address
    ADD CONSTRAINT "FK_address_registration_id" FOREIGN KEY (registration_id) REFERENCES public.stake_key_registration(id) ON DELETE CASCADE;


--
-- Name: asset FK_asset_first_mint_block_slot; Type: FK CONSTRAINT; Schema: public; Owner: postgres
--

ALTER TABLE ONLY public.asset
    ADD CONSTRAINT "FK_asset_first_mint_block_slot" FOREIGN KEY (first_mint_block_slot) REFERENCES public.block(slot) ON DELETE CASCADE;


--
-- Name: asset FK_asset_nft_metadata_id; Type: FK CONSTRAINT; Schema: public; Owner: postgres
--

ALTER TABLE ONLY public.asset
    ADD CONSTRAINT "FK_asset_nft_metadata_id" FOREIGN KEY (nft_metadata_id) REFERENCES public.nft_metadata(id) ON DELETE SET NULL;


--
-- Name: block_data FK_block_data_block_height; Type: FK CONSTRAINT; Schema: public; Owner: postgres
--

ALTER TABLE ONLY public.block_data
    ADD CONSTRAINT "FK_block_data_block_height" FOREIGN KEY (block_height) REFERENCES public.block(height) ON DELETE CASCADE;


--
-- Name: handle FK_handle_asset_id; Type: FK CONSTRAINT; Schema: public; Owner: postgres
--

ALTER TABLE ONLY public.handle
    ADD CONSTRAINT "FK_handle_asset_id" FOREIGN KEY (asset_id) REFERENCES public.asset(id) ON DELETE CASCADE;


--
-- Name: handle_metadata FK_handle_metadata_block_slot; Type: FK CONSTRAINT; Schema: public; Owner: postgres
--

ALTER TABLE ONLY public.handle_metadata
    ADD CONSTRAINT "FK_handle_metadata_block_slot" FOREIGN KEY (block_slot) REFERENCES public.block(slot) ON DELETE CASCADE;


--
-- Name: handle_metadata FK_handle_metadata_output_id; Type: FK CONSTRAINT; Schema: public; Owner: postgres
--

ALTER TABLE ONLY public.handle_metadata
    ADD CONSTRAINT "FK_handle_metadata_output_id" FOREIGN KEY (output_id) REFERENCES public.output(id);


--
-- Name: nft_metadata FK_nft_metadata_created_at_slot; Type: FK CONSTRAINT; Schema: public; Owner: postgres
--

ALTER TABLE ONLY public.nft_metadata
    ADD CONSTRAINT "FK_nft_metadata_created_at_slot" FOREIGN KEY (created_at_slot) REFERENCES public.block(slot) ON DELETE CASCADE;


--
-- Name: nft_metadata FK_nft_metadata_parent_asset_id; Type: FK CONSTRAINT; Schema: public; Owner: postgres
--

ALTER TABLE ONLY public.nft_metadata
    ADD CONSTRAINT "FK_nft_metadata_parent_asset_id" FOREIGN KEY (parent_asset_id) REFERENCES public.asset(id) ON DELETE CASCADE;


--
-- Name: nft_metadata FK_nft_metadata_user_token_asset_id; Type: FK CONSTRAINT; Schema: public; Owner: postgres
--

ALTER TABLE ONLY public.nft_metadata
    ADD CONSTRAINT "FK_nft_metadata_user_token_asset_id" FOREIGN KEY (user_token_asset_id) REFERENCES public.asset(id) ON DELETE SET NULL;


--
-- Name: output FK_output_block_slot; Type: FK CONSTRAINT; Schema: public; Owner: postgres
--

ALTER TABLE ONLY public.output
    ADD CONSTRAINT "FK_output_block_slot" FOREIGN KEY (block_slot) REFERENCES public.block(slot) ON DELETE CASCADE;


--
-- Name: stake_key_registration FK_stake_key_registration_block_slot; Type: FK CONSTRAINT; Schema: public; Owner: postgres
--

ALTER TABLE ONLY public.stake_key_registration
    ADD CONSTRAINT "FK_stake_key_registration_block_slot" FOREIGN KEY (block_slot) REFERENCES public.block(slot) ON DELETE CASCADE;


--
-- Name: tokens FK_tokens_asset_id; Type: FK CONSTRAINT; Schema: public; Owner: postgres
--

ALTER TABLE ONLY public.tokens
    ADD CONSTRAINT "FK_tokens_asset_id" FOREIGN KEY (asset_id) REFERENCES public.asset(id) ON DELETE CASCADE;


--
-- Name: tokens FK_tokens_output_id; Type: FK CONSTRAINT; Schema: public; Owner: postgres
--

ALTER TABLE ONLY public.tokens
    ADD CONSTRAINT "FK_tokens_output_id" FOREIGN KEY (output_id) REFERENCES public.output(id) ON DELETE CASCADE;


--
-- PostgreSQL database dump complete
--

